acceleration_ms2,deceleration_ms2,speed_limit_kmh,coasting_point_m,energy_kwh,travel_time_s,max_speed_kmh,final_position_error_m,final_speed_ms,input_valid,simulation_completed,feasible,meets_time_constraint,successful,stopped_early,overshot_destination,timed_out,error_type,error_message
1.1243767198664187,0.6078154523613983,93.05788180343639,414.1009311511486,21.518560634627324,111.822835586597,93.05788180343639,0.0,0.0,True,True,True,True,True,False,False,False,,
0.8800188842564554,1.0867532069125625,99.69759795179134,1024.2167500961477,26.369923743964854,101.23508298300779,99.69759795179134,0.0,0.0,True,True,True,True,True,False,False,False,,
0.7140525338152709,1.0933816124107212,74.35372565660184,1261.1698638231,15.726179849562088,121.39787846589017,74.35372565660184,0.0,0.0,True,True,True,True,True,False,False,False,,
0.8049709810180539,0.9404876964158014,101.96372856303154,1007.3641967818348,27.412644731053216,103.67895386047744,101.96372856303154,0.0,0.0,True,True,True,True,True,False,False,False,,
1.0541058068637938,0.7961770487723261,52.960147697898826,594.6299733485373,7.596498678403177,159.91141750966963,52.960147697898826,0.0,0.0,True,True,True,False,False,False,False,False,,
1.0007123644452223,0.802027054298265,108.9162967027741,679.8531550510266,30.04558720586126,100.75400269150744,108.9162967027741,0.0,0.0,True,True,True,True,True,False,False,False,,
1.022301426099117,0.7303107777772226,59.16172133387829,1063.9360993973146,10.14082605254076,143.0195218022585,59.16172133387829,0.0,0.0,True,True,True,True,True,False,False,False,,
0.8955334749958389,1.0803680951657495,69.90526751520088,226.6685776165206,11.988129159565908,129.42754941090473,69.90526751520088,0.0,0.0,True,True,True,True,True,False,False,False,,
1.0835911977946664,0.6853173598430469,108.29396088586292,127.23129571482416,8.684010726507326,150.75429383288213,59.778802080384516,0.0,0.0,True,True,True,False,False,False,False,False,,
1.150724082711517,0.975466111319265,64.77278283271401,312.862216419594,10.518908716601194,135.2442990143854,64.77278283271401,0.0,0.0,True,True,True,True,True,False,False,False,,
1.1033794955308727,0.633861341307688,66.72049611730534,1478.6903807070378,13.403036398958319,131.17429064003952,66.72049611730534,0.0,0.0,True,True,True,True,True,False,False,False,,
0.4351849636758608,1.0787457375385907,100.97406899336565,1198.8422579128528,27.073171041274925,116.82154617767257,100.97406899336565,0.0,0.0,True,True,True,True,True,False,False,False,,
0.747502566048811,1.0000036021659233,103.90765235508621,382.50891905898357,18.32920702039938,114.61940058156512,86.08839788252016,0.0,0.0,True,True,True,True,True,False,False,False,,
0.6589717734771354,0.8413341711992071,97.07510374242304,1399.6370199971586,26.05754651094228,110.74271822273738,97.07510374242304,0.0,0.0,True,True,True,True,True,False,False,False,,
0.6661683844255117,0.7120586114839234,87.5265697479617,1065.8053310004436,20.668406022919076,118.03553936125978,87.5265697479617,0.0,0.0,True,True,True,True,True,False,False,False,,
0.5867198924003051,0.63203598980065,63.26925849511736,440.62000935587616,10.233683918927994,148.22916329238427,63.26925849511736,0.0,0.0,True,True,True,True,True,False,False,False,,
0.8319188546384118,0.8230131278964099,104.66572553431972,735.8204962822426,27.926274732309373,104.64583502049278,104.66572553431972,0.0,0.0,True,True,True,True,True,False,False,False,,
0.7995483706741793,1.0696939481522332,61.8017231585168,603.8156371415722,10.113164466266944,140.56282945928203,61.80172315851679,0.0,0.0,True,True,True,True,True,False,False,False,,
0.9878468163152767,0.8433994281303772,52.39493683593546,732.416160469231,7.664531990880385,159.76807254970078,52.39493683593546,0.0,0.0,True,True,True,False,False,False,False,False,,
0.8967577793874162,0.7999783292641455,96.01975865957161,1001.4649504895202,24.507897149086318,107.02310944078458,96.01975865957161,0.0,0.0,True,True,True,True,True,False,False,False,,
1.0542646774855537,0.6984287682094883,61.05758616482713,349.07788222979184,9.44820770274886,145.4120142477168,61.05758616482712,0.0,0.0,True,True,True,True,True,False,False,False,,
0.47316123808643606,0.8293655969849509,63.93635030982918,1477.1168433434245,12.347629350577314,142.46495082469644,63.93635030982918,0.0,0.0,True,True,True,True,True,False,False,False,,
1.0953983900461237,0.9203210736415209,75.66827153108125,983.6752744506731,15.687068421543298,117.51166992234896,75.66827153108125,0.0,0.0,True,True,True,True,True,False,False,False,,
0.6854434697701407,1.0292820404337146,65.86926372399088,1714.4386615194508,13.51252306343152,131.64870164446333,65.86926372399088,0.0,0.0,True,True,True,True,True,False,False,False,,
0.6265693843211148,0.9899726544832502,53.812830614738516,621.8078906915605,7.843517839398385,160.66257459577628,53.812830614738516,0.0,0.0,True,True,True,False,False,False,False,False,,
0.8996817165843036,0.5162347034842101,81.9036466210824,1615.3362480835399,19.387617131250032,122.61634755068914,81.9036466210824,0.0,0.0,True,True,True,True,True,False,False,False,,
0.8881055095420092,0.6334753214112212,104.09168822437461,1676.653399363119,29.633222924781048,108.3395758646992,104.09168822437461,0.0,0.0,True,True,True,True,True,False,False,False,,
0.689610280443961,1.0194419894182634,53.11234740633727,474.9622980771466,7.428032747958595,163.14256299545832,53.11234740633727,0.0,0.0,True,True,True,False,False,False,False,False,,
0.8191289838725584,0.6170315566046476,56.34160018581834,262.35640323824293,7.946570724683979,160.2541742597773,56.34160018581834,0.0,0.0,True,True,True,False,False,False,False,False,,
0.5606498292161793,0.7821700473402698,91.01585420870254,273.81966874209365,9.862788538490497,148.58631537021535,63.08057828985168,0.0,0.0,True,True,True,True,True,False,False,False,,
0.4102459785020901,0.8794802792859844,68.17419882684176,1424.0448644693977,13.678058731985102,139.84800894101318,68.17419882684176,0.0,0.0,True,True,True,True,True,False,False,False,,
1.0020893840421392,0.8950264567272928,91.35181983655143,1223.5454626096202,22.9576256311319,105.93845112993854,91.35181983655143,0.0,0.0,True,True,True,True,True,False,False,False,,
0.7228010880271742,0.5245477165417562,84.08649663660223,810.2893811730447,18.57292606840395,124.87545790638478,84.08649663660223,0.0,0.0,True,True,True,True,True,False,False,False,,
1.1879400292411866,0.5170849605436715,85.20511824013185,1286.9197486993642,20.36158828427788,117.41229094788363,85.20511824013185,0.0,0.0,True,True,True,True,True,False,False,False,,
0.45050929124010863,0.7937119379740876,63.7347838247524,1570.925576399762,12.44762413160135,143.9770594332874,63.7347838247524,0.0,0.0,True,True,True,True,True,False,False,False,,
0.8753090951004527,1.0865504295791628,50.36219728144133,174.866844146991,6.277268643477217,174.55382190065245,50.36219728144133,0.0,0.0,True,True,True,False,False,False,False,False,,
0.8060720964709245,1.0077492336832803,99.83718622800791,1549.5237244960513,28.016923123897865,103.10342710770146,99.83718622800791,0.0,0.0,True,True,True,True,True,False,False,False,,
0.7934081799758546,0.542691731597607,62.65010539472414,560.4007420673371,10.2936007129562,146.3746840700077,62.65010539472414,0.0,0.0,True,True,True,True,True,False,False,False,,
0.8728725854848988,1.0508069547878378,87.07193518972382,358.3665384434156,18.716755980640414,111.16162391343344,87.07193518972382,0.0,0.0,True,True,True,True,True,False,False,False,,
1.1087608773082598,1.0619014825829098,78.88609866677287,1186.9045949729511,17.423119368594865,112.14670987711823,78.88609866677287,0.0,0.0,True,True,True,True,True,False,False,False,,
0.47707200696926955,1.0527660925480522,82.29225678352583,950.175417946576,18.041327650342293,123.51378028862956,82.29225678352583,0.0,0.0,True,True,True,True,True,False,False,False,,
0.7066598523364904,0.8125981366561862,50.029045865583775,971.877308163616,7.410340785464336,166.7321181084028,50.029045865583775,0.0,0.0,True,True,True,False,False,False,False,False,,
1.122138364685644,0.8059621370428192,108.17589670526692,532.1044842472243,29.207140575195005,99.57515079629056,108.17589670526692,0.0,0.0,True,True,True,True,True,False,False,False,,
0.9312057166914,0.585397808132494,79.42898138098262,1055.2138416120974,17.309860732822493,121.93980909068826,79.42898138098262,0.0,0.0,True,True,True,True,True,False,False,False,,
0.7350550797126918,1.0598493363063946,66.95884438189265,371.98915154292285,11.289034453598454,135.0560413851903,66.95884438189265,0.0,0.0,True,True,True,True,True,False,False,False,,
0.4881747414693949,1.0052562864189565,102.41777124657078,1449.4898328378067,28.697936131874055,113.6220730837611,102.41777124657078,0.0,0.0,True,True,True,True,True,False,False,False,,
1.0842253825684387,0.5923941564225071,63.04429634982547,132.95547773015736,9.082274857022922,149.37821364512712,61.12662267845144,0.0,0.0,True,True,True,True,True,False,False,False,,
0.7908549115125855,0.5166947409525867,83.11260120699708,1339.5472563066007,19.493376732612116,123.62683636176456,83.11260120699708,0.0,0.0,True,True,True,True,True,False,False,False,,
0.5741471768133105,0.8484053830909493,60.75859980838781,1707.4046941503752,11.739543381210883,143.29151637868273,60.75859980838781,0.0,0.0,True,True,True,True,True,False,False,False,,
0.8654741230798089,1.038317033855788,63.11358775821038,592.8557773268057,10.503875062510412,137.67331398018757,63.11358775821038,0.0,0.0,True,True,True,True,True,False,False,False,,
1.0099884176063814,0.7334188945224991,106.66070834905818,217.87985149356746,13.931192512133885,124.90015914618014,75.52386905661554,0.0,0.0,True,True,True,True,True,False,False,False,,
0.515099007577478,0.8167660509440109,57.70735906021254,943.8652643887705,9.451737548217027,153.2602766542213,57.70735906021254,0.0,0.0,True,True,True,False,False,False,False,False,,
0.5498778795441216,0.5705991974215988,76.30344507112679,1073.9710242615047,16.00790512803415,132.89283138046386,76.30344507112679,0.0,0.0,True,True,True,True,True,False,False,False,,
0.8974883291275199,0.8941819150756838,52.14523211515125,135.36554253699387,6.653407498944417,170.23951320341558,52.14523211515125,0.0,0.0,True,True,True,False,False,False,False,False,,
0.798281319160998,0.9785915118710262,90.12588584584867,276.18204708242195,14.050324350487585,124.09212303074912,75.59502307164234,0.0,0.0,True,True,True,True,True,False,False,False,,
1.1267810040255577,0.749008889041443,73.53339909597014,894.4625118141914,14.688130851606454,122.23139427807206,73.53339909597014,0.0,0.0,True,True,True,True,True,False,False,False,,
0.7463240782999094,1.0020399542588474,108.51405497000152,1458.8793583154236,32.33182570301828,101.68023752540385,108.51405497000152,0.0,0.0,True,True,True,True,True,False,False,False,,
1.0883544099733782,0.6462717960200199,55.29814401609997,1785.8102845543524,10.193186369035875,149.19868610536105,55.29814401609997,0.0,0.0,True,True,True,True,True,False,False,False,,
0.48120165390816094,0.5962842682284317,106.56123546881642,362.86696106256034,11.312206161124765,147.285301978274,67.2751644558773,0.0,0.0,True,True,True,True,True,False,False,False,,
1.0894548504837733,0.949459991508019,104.79342623086356,366.92269801594875,25.439569014771067,100.45359962145787,101.79100590773831,0.0,0.0,True,True,True,True,True,False,False,False,,
0.9369922946928605,0.7673035712128051,109.08678152029489,1191.9245352879727,31.876237169415905,101.9813232500538,109.08678152029489,0.0,0.0,True,True,True,True,True,False,False,False,,
1.0751539565789514,0.5032298364103802,61.30131911009585,852.1968834111609,10.427043744863251,144.84375496283369,61.30131911009585,0.0,0.0,True,True,True,True,True,False,False,False,,
0.47684600775491287,1.0861575888351944,107.70262862780844,1771.9886830082582,31.917684876378573,112.00147213177546,107.70262862780844,0.0,0.0,True,True,True,True,True,False,False,False,,
0.46202027269559204,0.7787533562931584,55.31023873705558,1400.7878152405947,9.51135581506154,157.5343647702592,55.31023873705558,0.0,0.0,True,True,True,False,False,False,False,False,,
0.899519684360754,0.5042687560009118,56.57060148752681,255.63003853928487,8.002216841512979,161.2516617353104,56.57060148752681,0.0,0.0,True,True,True,False,False,False,False,False,,
0.8562754988634053,0.6439003349287813,82.89345971884109,271.34852056969646,14.784635423204872,126.13289084509871,77.60469320890245,0.0,0.0,True,True,True,True,True,False,False,False,,
1.123993580999779,0.7309838681611329,71.38365308834702,1512.500302749983,15.18540235772329,123.41836492729064,71.38365308834702,0.0,0.0,True,True,True,True,True,False,False,False,,
0.48081811464400354,0.7664705133147889,87.30017315981489,1748.7403768680367,21.863339530992548,123.54812643310096,87.30017315981489,0.0,0.0,True,True,True,True,True,False,False,False,,
1.1286097020865264,0.8695840539170943,59.6272935820638,283.00933040896393,8.916547062226085,146.626826828822,59.62729358206379,0.0,0.0,True,True,True,True,True,False,False,False,,
0.648883695543707,0.5301800767918329,71.81742130347222,362.0908044243592,12.870812091173786,138.4018253500063,71.81742130347222,0.0,0.0,True,True,True,True,True,False,False,False,,
1.0256447066585745,0.6821305154928045,93.61494430241663,1641.774713611663,24.829081806204382,108.72159448261573,93.61494430241663,0.0,0.0,True,True,True,True,True,False,False,False,,
0.4229183613380785,0.8962414103378493,93.01517839678883,1176.8157162535397,23.200273887869788,122.71663043114826,93.01517839678883,0.0,0.0,True,True,True,True,True,False,False,False,,
0.43916595976824135,0.8948112863837292,93.21882500262606,621.7737374140106,17.939121032974455,127.32554784152039,84.12944440022716,0.0,0.0,True,True,True,True,True,False,False,False,,
0.8204461580425575,0.5193933821358582,57.20262893216688,1394.2818402086377,10.102040545718506,151.42739507023742,57.20262893216688,0.0,0.0,True,True,True,False,False,False,False,False,,
1.0747303911344033,0.6590271658424796,56.84212164790402,1202.1208517579316,9.681765446344448,147.45062725666008,56.84212164790402,0.0,0.0,True,True,True,True,True,False,False,False,,
0.511393442542123,1.0783000822384459,75.67651927678857,1441.0720100648398,16.56124102597972,125.76868652567687,75.67651927678857,0.0,0.0,True,True,True,True,True,False,False,False,,
1.0783212005988627,0.8183409146510471,108.73675989967298,1394.76081696161,32.46310494284357,98.77261560717018,108.73675989967298,0.0,0.0,True,True,True,True,True,False,False,False,,
0.626764851515949,1.0037510905539657,51.894117190175905,1009.1883310446996,7.950090976410946,161.2213740876963,51.894117190175905,0.0,0.0,True,True,True,False,False,False,False,False,,
0.631053746162743,0.5517464851469844,85.167971548742,1422.1823014812624,20.528123877421418,124.76087062393563,85.167971548742,0.0,0.0,True,True,True,True,True,False,False,False,,
1.1656695134365869,0.7923463203195911,85.67748994234346,526.6310375919214,18.632901786639753,111.43218153239636,85.67748994234346,0.0,0.0,True,True,True,True,True,False,False,False,,
0.7187300739648381,0.8029470117651172,82.57200498052637,1054.6486194194265,18.543126076664965,118.20367769111662,82.57200498052637,0.0,0.0,True,True,True,True,True,False,False,False,,
0.8648943010504084,0.593867599285225,91.23839761104688,778.9637234286612,21.639120681552292,115.70060306170903,91.23839761104688,0.0,0.0,True,True,True,True,True,False,False,False,,
0.9240003716030751,0.5468050650527527,109.45480847875561,1060.0838528199165,31.610461333738094,110.11731956127832,109.45480847875561,0.0,0.0,True,True,True,True,True,False,False,False,,
1.0840607096803359,0.9560079340974804,91.18047598254783,691.7143775242201,21.438876285763182,105.3826022059663,91.18047598254783,0.0,0.0,True,True,True,True,True,False,False,False,,
0.8102440159271506,1.075811860500343,79.1891435214969,1697.637497725052,18.680428563432773,114.7891553671033,79.1891435214969,0.0,0.0,True,True,True,True,True,False,False,False,,
0.6075150733116149,1.0979979192175897,78.18914721156254,1092.5475664939565,16.810183077955752,120.81741262914134,78.18914721156254,0.0,0.0,True,True,True,True,True,False,False,False,,
1.0023140532492296,0.5915732614536271,105.11560079773164,1079.0250386568086,29.38791135754115,107.87064355826216,105.11560079773164,0.0,0.0,True,True,True,True,True,False,False,False,,
1.0039544812143015,0.5168509860543077,90.21035691679646,112.44898612157981,7.114309138288272,168.7099924474301,54.09439673905153,0.0,0.0,True,True,True,False,False,False,False,False,,
1.1010368145239398,0.5897293200293509,63.524880858983074,1312.8957229492812,11.987278941812603,136.94467779159987,63.524880858983074,0.0,0.0,True,True,True,True,True,False,False,False,,
0.5276352579272797,0.7876467662659141,87.88321900670655,941.2403950812874,20.403299747267486,121.37923024695718,87.88321900670655,0.0,0.0,True,True,True,True,True,False,False,False,,
0.9701661858156252,0.9009654605948918,97.99307914031809,1749.531763256692,27.260460841413703,102.64915320886796,97.99307914031809,0.0,0.0,True,True,True,True,True,False,False,False,,
0.4473508162774855,0.8457838132990243,76.43621251729456,1641.9939564125307,17.27043591630673,130.51389672320312,76.43621251729456,0.0,0.0,True,True,True,True,True,False,False,False,,
0.5286043028760512,0.9645685880150755,79.31390766700329,351.6930828910223,12.003973113456684,137.5103001096969,69.41682707711291,0.0,0.0,True,True,True,True,True,False,False,False,,
0.7418489061757265,1.0966119420057725,75.01238976156202,237.97652649267863,11.248754133704615,134.80610565734514,67.64602621482281,0.0,0.0,True,True,True,True,True,False,False,False,,
0.9831923038209457,0.9127007043447872,102.39281749066102,855.1103132489958,27.24424793913633,100.99939338749839,102.39281749066102,0.0,0.0,True,True,True,True,True,False,False,False,,
0.5514070054757524,1.0358996912799237,55.97215746383347,1475.593368668523,9.8441129164089,150.93570116819927,55.97215746383347,0.0,0.0,True,True,True,False,False,False,False,False,,
0.8906756440823589,0.6432094626529211,96.66003443806375,866.7818356185576,24.416204965999587,110.95882992950196,96.66003443806375,0.0,0.0,True,True,True,True,True,False,False,False,,
0.6822898097564636,1.0852977202303116,90.00931866316317,1214.4529853104684,22.183973845911787,110.29866422163582,90.00931866316317,0.0,0.0,True,True,True,True,True,False,False,False,,
0.7940953365157315,0.5613402503191918,58.21754669615139,606.0735354594846,9.053063050026513,153.47983665576174,58.21754669615139,0.0,0.0,True,True,True,False,False,False,False,False,,
1.1495292617423696,0.8314795415089881,68.31641470334421,410.40554672852653,11.85234458370376,130.17116930490602,68.31641470334421,0.0,0.0,True,True,True,True,True,False,False,False,,
0.5534147798543043,0.5579631797596901,73.13029720229179,1315.3272361591137,15.327736319528372,135.27507129822288,73.13029720229179,0.0,0.0,True,True,True,True,True,False,False,False,,
1.1725189320262612,0.7990123756380583,93.58754528077809,421.2530171346367,21.787861887916844,106.30903626250614,93.58754528077809,0.0,0.0,True,True,True,True,True,False,False,False,,
0.831656226717489,0.9043275791125844,82.91547154044918,704.5939744531676,17.865617040322125,115.28576466431572,82.91547154044918,0.0,0.0,True,True,True,True,True,False,False,False,,
1.1528725512867304,1.075922770457431,84.18207897162787,535.6213679012559,18.033464381438314,109.08739565318814,84.18207897162787,0.0,0.0,True,True,True,True,True,False,False,False,,
0.7695484234887056,0.8219125450001304,86.0000240344339,146.67675998525038,7.157548822692295,166.06838089210711,54.089893835016596,0.0,0.0,True,True,True,False,False,False,False,False,,
0.9512993497141508,0.8896003351268578,62.55402056880488,1791.2585727283238,12.532805845610437,134.03203245354024,62.55402056880487,0.0,0.0,True,True,True,True,True,False,False,False,,
0.8772507829261391,1.0972159515756155,78.16990560579129,1202.800804141653,17.132637883443415,115.04437328123177,78.16990560579129,0.0,0.0,True,True,True,True,True,False,False,False,,
0.9492648258862096,0.5424535850296264,98.87894987155691,1798.9487878031503,26.845626548938196,112.63261461316702,98.87894987155691,0.0,0.0,True,True,True,True,True,False,False,False,,
1.11867979107134,1.0238673236379225,85.23925739951531,1036.5730471585493,19.732289351480095,107.42598454465083,85.23925739951531,0.0,0.0,True,True,True,True,True,False,False,False,,
0.6826455634745829,0.6581301096154103,68.64717571097485,162.33080077274596,7.049712667672126,170.23702822980474,53.59392944126734,0.0,0.0,True,True,True,False,False,False,False,False,,
0.8092168403123334,0.5461536632176077,70.49429460952128,1555.715331132171,14.902999661283747,132.26844082605353,70.49429460952128,0.0,0.0,True,True,True,True,True,False,False,False,,
0.6035653341510029,0.5974735795631566,61.81824396897303,1747.8162783559756,12.167304737740553,145.09662143878958,61.81824396897303,0.0,0.0,True,True,True,True,True,False,False,False,,
0.8255981261985292,0.9530961888507793,90.55263416616222,1032.1429739662449,22.005755665252003,108.64369389566764,90.55263416616222,0.0,0.0,True,True,True,True,True,False,False,False,,
0.8650975546223332,0.9775141921240568,67.62536175321226,1371.4227065605407,13.493006347343442,127.52031193025827,67.62536175321226,0.0,0.0,True,True,True,True,True,False,False,False,,
1.0063832206683818,0.7077905116249219,82.64620904374291,189.2523100197227,12.043146327337102,132.10892450196692,70.26188335967775,0.0,0.0,True,True,True,True,True,False,False,False,,
0.835855915565477,0.7083678166065583,59.878036701491524,1698.257353897998,11.467168732066153,141.9781585257386,59.87803670149153,0.0,0.0,True,True,True,True,True,False,False,False,,
0.954346996704741,0.7025385086846413,102.50971358703664,257.7740329028592,15.615090722797577,121.46335037006668,79.85281621478195,0.0,0.0,True,True,True,True,True,False,False,False,,
0.5229268902092492,0.5739449003696033,97.94908720422832,1133.1683946374926,25.54593957590293,123.36074122379232,97.94908720422832,0.0,0.0,True,True,True,True,True,False,False,False,,
0.787933220160393,0.6025026864229481,107.96192626974194,435.1064024478266,22.00253371375243,116.26997290631394,94.26705535614099,0.0,0.0,True,True,True,True,True,False,False,False,,
0.41402134227728193,1.0993828702814585,81.05552582042269,830.5821819040385,17.201532375713665,127.91012560118551,81.05552582042269,0.0,0.0,True,True,True,True,True,False,False,False,,
1.1526372905448263,0.9843340225036765,98.21429882335389,302.7573121683606,22.13021843861457,103.19517287164234,95.10670858730472,0.0,0.0,True,True,True,True,True,False,False,False,,
0.40534712293834,0.9915344546003806,100.26356280158257,1002.8142967040046,26.047980440562164,120.73744987871973,100.26356280158257,0.0,0.0,True,True,True,True,True,False,False,False,,
1.0735538776831368,0.6743164257996299,72.99751948898805,764.1308248004144,14.20691352409893,125.18164229914355,72.99751948898805,0.0,0.0,True,True,True,True,True,False,False,False,,
0.5683421935210313,1.0648918740818438,97.1409221652199,894.9958631603571,24.50307073862252,111.37449947397074,97.1409221652199,0.0,0.0,True,True,True,True,True,False,False,False,,
0.8069718638063476,0.7180736989764522,65.77478486726143,399.3817406388955,10.972192134877401,139.07683025421179,65.77478486726143,0.0,0.0,True,True,True,True,True,False,False,False,,
0.9634197268456869,0.7092054780878799,73.9983797832171,1154.0137907711776,15.40348673346717,123.21297045285367,73.9983797832171,0.0,0.0,True,True,True,True,True,False,False,False,,
1.1529742984403764,0.8559045455617984,85.08836336348324,1486.4547066660748,20.808157572575787,108.80354139504276,85.08836336348324,0.0,0.0,True,True,True,True,True,False,False,False,,
1.1249620090749022,0.634358796780147,56.86497355591693,1682.883919594297,10.502054929237449,146.16155624989628,56.86497355591693,0.0,0.0,True,True,True,True,True,False,False,False,,
0.7158499990333425,0.9658558182329511,88.30023470835823,1258.8012289634562,21.54445263116303,111.66844559510069,88.30023470835823,0.0,0.0,True,True,True,True,True,False,False,False,,
1.1712132244711484,0.9874758832165883,81.82670511474156,765.9589125983304,17.635855673090116,110.97365965833808,81.82670511474156,0.0,0.0,True,True,True,True,True,False,False,False,,
0.5613461435603704,1.0848263758768872,85.41172947268711,1792.1879480942434,21.39839664369584,116.39511086946679,85.41172947268711,0.0,0.0,True,True,True,True,True,False,False,False,,
0.8268356595929752,0.9637031113949037,97.66060545374658,1781.0412024083441,27.11184351586446,104.24942377835691,97.66060545374658,0.0,0.0,True,True,True,True,True,False,False,False,,
0.9564537845386831,0.9065611026308382,55.51834488000224,1275.6637986122412,9.410120065472249,147.69184071476545,55.51834488000224,0.0,0.0,True,True,True,True,True,False,False,False,,
0.8517710744242402,0.573793322957673,91.19548435005609,503.40053579754095,20.858442679280966,117.28514482598631,91.19548435005609,0.0,0.0,True,True,True,True,True,False,False,False,,
0.9036760939901017,0.6120012824486828,95.6100927030844,1476.216436026336,25.54335318274525,111.71171465151923,95.6100927030844,0.0,0.0,True,True,True,True,True,False,False,False,,
0.6475147654690727,1.049869823409142,81.22678024005066,986.218258570298,17.79599453923359,117.96081471593996,81.22678024005066,0.0,0.0,True,True,True,True,True,False,False,False,,
0.9024953654448238,0.9147069044461404,76.18702780215246,1237.9799054690611,16.42692496314459,118.42463112362248,76.18702780215246,0.0,0.0,True,True,True,True,True,False,False,False,,
0.7382100682270274,0.5289849949996891,95.23128270888881,1178.7963096017215,24.56490520677978,118.61934054831504,95.23128270888881,0.0,0.0,True,True,True,True,True,False,False,False,,
1.1378664418198117,0.5388257278221518,60.65298261312994,1409.3250392852099,11.222911726884885,142.1690685498911,60.65298261312994,0.0,0.0,True,True,True,True,True,False,False,False,,
0.6413933420780166,0.7946477540652597,82.90314817970535,876.8149469197087,18.213641586249352,120.47426099000494,82.90314817970535,0.0,0.0,True,True,True,True,True,False,False,False,,
0.8691351121419484,1.01859330794726,88.4272551186514,1265.8300466672288,21.68133947417225,107.91161147381483,88.4272551186514,0.0,0.0,True,True,True,True,True,False,False,False,,
0.5674505199107501,0.9197630778600914,83.59674901156761,1151.5282657999273,19.138382950955734,119.7691331303712,83.59674901156761,0.0,0.0,True,True,True,True,True,False,False,False,,
1.1769142791193516,0.5422208975103375,77.25846366518005,1072.3543131642675,16.515190217458276,122.65939083267358,77.25846366518005,0.0,0.0,True,True,True,True,True,False,False,False,,
1.0846339375402922,0.678973638957467,91.89357106156305,1618.9252407939023,24.050001059832802,109.00301886897864,91.89357106156305,0.0,0.0,True,True,True,True,True,False,False,False,,
1.0668910011610313,0.6111415850179964,99.68302108901851,308.05732671146427,20.87032553612854,113.0980991395705,92.2982136624973,0.0,0.0,True,True,True,True,True,False,False,False,,
1.1315638961483772,1.0471963313351322,57.199130318323945,1470.3150704302045,10.245220867131424,141.14777463238275,57.199130318323945,0.0,0.0,True,True,True,True,True,False,False,False,,
0.49744950476510347,0.5385950257987466,105.76831354116747,614.8391580235252,20.005815493097362,129.82601939578194,89.03745945735527,0.0,0.0,True,True,True,True,True,False,False,False,,
1.1640969702414163,0.9452788548117156,105.15600097534903,306.1204656573641,22.598671169479623,103.00748020723319,96.10771695908905,0.0,0.0,True,True,True,True,True,False,False,False,,
0.8401860298777746,0.5494403108822363,91.20891392652743,632.6851131873252,21.214761661857633,118.06477901266595,91.20891392652743,0.0,0.0,True,True,True,True,True,False,False,False,,
0.7198388519356326,0.8252776574026676,90.58021227819484,557.0924362912294,20.67679083784461,113.99473349648429,90.58021227819484,0.0,0.0,True,True,True,True,True,False,False,False,,
0.8141017165516613,0.7479016597060204,98.29038597539196,681.0561715125092,24.602208486584512,109.195164545111,98.29038597539196,0.0,0.0,True,True,True,True,True,False,False,False,,
1.1803768527818783,0.7096209674096715,102.15882041349639,302.07584721815476,22.603797176959013,107.06339758649608,96.13595433984722,0.0,0.0,True,True,True,True,True,False,False,False,,
0.8131639681457963,0.8147303026500745,71.25960601647454,642.4019687494713,13.295138513817607,128.46533759383692,71.25960601647454,0.0,0.0,True,True,True,True,True,False,False,False,,
0.9837216479827428,0.9992213368617313,88.44807189499681,1168.7157303266463,21.467254795113973,106.6497469287447,88.44807189499681,0.0,0.0,True,True,True,True,True,False,False,False,,
0.5415569960226749,0.9194048860770048,104.04250899252915,794.6978340770721,27.500603378471993,112.2977641925878,104.04250899252915,0.0,0.0,True,True,True,True,True,False,False,False,,
0.9750118504345252,1.0738358644110886,83.82129546951379,491.54796902174235,17.744297525337224,111.54104470183526,83.82129546951379,0.0,0.0,True,True,True,True,True,False,False,False,,
0.659473046267397,0.7764561798792513,71.97911645571412,803.0238249469262,13.854329683367384,130.15332212927774,71.97911645571412,0.0,0.0,True,True,True,True,True,False,False,False,,
1.045896861617642,0.8095959768297587,71.72306890474388,177.04697942135854,11.695665355085772,131.83363265356033,69.2797304636564,0.0,0.0,True,True,True,True,True,False,False,False,,
0.9415950085697611,0.9246210971660086,62.861271044314336,1483.3179165971683,12.070375676999268,133.7039681809173,62.861271044314336,0.0,0.0,True,True,True,True,True,False,False,False,,
0.41629706792261123,0.8399893029404892,78.12259129133056,936.9682631872197,16.312246807746934,132.39446765774818,78.12259129133056,0.0,0.0,True,True,True,True,True,False,False,False,,
0.7048423945628416,0.958157367174824,57.17311224122476,1250.814474736616,9.84073979626652,146.96281853434292,57.17311224122476,0.0,0.0,True,True,True,True,True,False,False,False,,
0.7344863889764219,0.6869919975055153,91.70415569763632,601.1209302070939,21.298942981500133,115.76250070366561,91.70415569763632,0.0,0.0,True,True,True,True,True,False,False,False,,
0.4662632545350231,0.6125545919309665,85.36826202688977,767.4497927061449,18.83642137095987,130.21497603552575,85.36826202688977,0.0,0.0,True,True,True,True,True,False,False,False,,
0.9043637541273511,0.9572958744104358,57.791397085037275,1797.9719711309845,10.977144862202584,141.90200203279883,57.791397085037275,0.0,0.0,True,True,True,True,True,False,False,False,,
0.7890513772614509,1.04843199505004,63.06816435086929,1082.0042832667473,11.385229880074311,135.46465588482332,63.06816435086928,0.0,0.0,True,True,True,True,True,False,False,False,,
0.6770868034707553,1.0222547547318084,96.15854213229615,1605.0537185578628,26.221835149211394,107.67623610951478,96.15854213229615,0.0,0.0,True,True,True,True,True,False,False,False,,
1.042009024860398,0.6949072979057361,92.49644303003377,854.2498630985693,22.476916095437847,109.38347991902755,92.49644303003377,0.0,0.0,True,True,True,True,True,False,False,False,,
1.1801389494433172,0.7524994947199022,102.35596491709083,1317.426437144689,28.772664599266022,101.32188037559432,102.35596491709083,0.0,0.0,True,True,True,True,True,False,False,False,,
0.7495877617600244,1.0386079570363436,58.5175746664232,1560.9486889453565,10.786846132170567,142.09269429556977,58.5175746664232,0.0,0.0,True,True,True,True,True,False,False,False,,
0.9981859828221663,1.0181578965073215,60.91945973348231,1368.6992765140667,11.229013277216376,135.76201075940492,60.91945973348231,0.0,0.0,True,True,True,True,True,False,False,False,,
0.5977127518770738,1.0745435673828658,63.450577709823776,1244.2849485036693,11.783108213218272,137.59770753304977,63.450577709823776,0.0,0.0,True,True,True,True,True,False,False,False,,
0.5581736265420564,0.7384550578903799,79.10434465619221,1057.1423922007953,17.06829900560345,126.36934838430082,79.10434465619221,0.0,0.0,True,True,True,True,True,False,False,False,,
0.4553643608081062,0.9074672063390214,78.77156536861327,250.20635856392727,7.358068553187651,169.6857930586602,54.3433226560013,0.0,0.0,True,True,True,False,False,False,False,False,,
0.5851911492987945,0.6489192046312046,65.35254430317525,362.59196486861816,10.732084854548342,145.4687380029923,65.35254430317525,0.0,0.0,True,True,True,True,True,False,False,False,,
0.7576636506001484,0.7808488853721842,56.66981790039247,633.4354335053367,8.656158745629291,153.44647317778268,56.66981790039247,0.0,0.0,True,True,True,False,False,False,False,False,,
0.5022098822999551,0.6894727871049964,65.97828987422596,600.2261132230662,11.364226011378461,144.5308551874852,65.97828987422596,0.0,0.0,True,True,True,True,True,False,False,False,,
1.0769960746048182,1.0922960308640088,72.52787899497915,450.4723397309974,13.373059118790062,122.25341194706729,72.52787899497915,0.0,0.0,True,True,True,True,True,False,False,False,,
0.5598146979685774,0.8952965080559554,56.50464374192815,438.7582387439518,8.262540726440749,158.65441573714304,56.50464374192815,0.0,0.0,True,True,True,False,False,False,False,False,,
0.4075280591669654,0.8553554467139122,57.484440020037084,1172.3366484750343,9.752168281740827,155.91489978624392,57.484440020037084,0.0,0.0,True,True,True,False,False,False,False,False,,
0.7173656621487865,0.8456923630393958,70.7764498488526,1179.6287990122867,14.216819186433879,127.95532516800976,70.7764498488526,0.0,0.0,True,True,True,True,True,False,False,False,,
0.638677183660174,0.556288248160669,87.12644421925381,1537.2224812206202,21.534094815258644,123.37703074580287,87.12644421925381,0.0,0.0,True,True,True,True,True,False,False,False,,
1.0536510367728522,0.8415514951023907,71.33063484347751,1160.2472893737095,14.426655759085195,123.01520617851676,71.33063484347751,0.0,0.0,True,True,True,True,True,False,False,False,,
1.162086974286431,1.0124002559266665,84.432577694191,1777.607264595053,21.12130690544489,106.95028276118848,84.432577694191,0.0,0.0,True,True,True,True,True,False,False,False,,
1.1760675261444122,0.6554693949081433,93.80467729041945,260.52042771948766,19.389673095967456,112.88876903208384,89.11576077886936,0.0,0.0,True,True,True,True,True,False,False,False,,
0.69066124995913,0.5217753194420544,109.59320822069357,651.9722872236856,29.24270973875905,117.44338262610134,108.03503369769325,0.0,0.0,True,True,True,True,True,False,False,False,,
0.5691721328204016,0.640649734056971,63.23850861614444,385.9241364697144,10.119532679525758,149.0731329252783,63.23850861614444,0.0,0.0,True,True,True,True,True,False,False,False,,
0.509478801274894,0.5406215254954485,64.71782608751714,1525.6673531264223,12.71400908427324,145.6385713893224,64.71782608751714,0.0,0.0,True,True,True,True,True,False,False,False,,
0.7551584954472403,0.8786516345697684,75.26530874133283,1531.775990687119,16.68319332975748,121.53955651766425,75.26530874133283,0.0,0.0,True,True,True,True,True,False,False,False,,
0.8707129185183086,1.095920607173694,62.06312837353122,1755.545833172365,12.29497605682538,133.83494180563738,62.063128373531214,0.0,0.0,True,True,True,True,True,False,False,False,,
1.1676411803270925,0.5251710393106059,72.69843538759964,1289.787350361609,15.220900028195956,127.23534087860513,72.69843538759964,0.0,0.0,True,True,True,True,True,False,False,False,,
0.7969285642575781,0.6023666579507173,54.34913173294662,191.3372854936905,7.298885095640446,166.9479251984638,54.34913173294662,0.0,0.0,True,True,True,False,False,False,False,False,,
0.9760573146208287,0.7960505117401087,52.112134883228045,345.3372335552236,6.979225940766731,166.6423519048254,52.112134883228045,0.0,0.0,True,True,True,False,False,False,False,False,,
0.5718294660776155,0.7282462436823607,99.45025689615785,818.7669729007958,25.376712868223887,116.15334187101031,99.45025689615785,0.0,0.0,True,True,True,True,True,False,False,False,,
0.7257479017831334,0.6160585185813398,58.79315536837504,685.5563845458662,9.351697459052057,151.48675668234029,58.79315536837503,0.0,0.0,True,True,True,False,False,False,False,False,,
0.9473800367456744,0.8613433758439298,90.1948748063154,423.5212278338068,20.236780721208643,109.89012343249222,90.1948748063154,0.0,0.0,True,True,True,True,True,False,False,False,,
0.4249378963223281,1.0091342234645233,95.08425887891636,100.90880625198156,2.756713274127889,310.7845381579923,33.33840089160003,0.0,0.0,True,True,True,False,False,False,False,False,,
0.9014526612476256,0.6648411952604989,57.45733001098613,1564.010421927212,10.473361372371901,146.47184078311167,57.45733001098613,0.0,0.0,True,True,True,True,True,False,False,False,,
0.786384258126747,1.0153333838163467,82.34597784034943,171.89296356024053,8.577619076363735,151.1195821585388,59.192128046215906,0.0,0.0,True,True,True,False,False,False,False,False,,
0.46543517543888224,0.8169201728673102,101.20638186789962,426.74793359040996,12.916896621374844,138.33831780159048,71.75180208790968,0.0,0.0,True,True,True,True,True,False,False,False,,
1.027968943270521,0.5753291785289876,74.13484028569016,319.2942772472313,13.65758557154853,129.01374235226788,74.13484028569016,0.0,0.0,True,True,True,True,True,False,False,False,,
0.4971245004886983,0.5573744608738171,74.56091876702497,1252.9534883043389,15.710139793251434,136.3091957797682,74.56091876702497,0.0,0.0,True,True,True,True,True,False,False,False,,
1.109680834023333,0.8114239948255915,90.5037729811252,890.2087877109187,21.681623325590554,107.22461104980034,90.5037729811252,0.0,0.0,True,True,True,True,True,False,False,False,,
0.7145202243673286,0.7564365236034893,75.96470210656167,1299.0568401375806,16.435155393901326,123.90149830235194,75.96470210656167,0.0,0.0,True,True,True,True,True,False,False,False,,
0.5677460478104965,0.9248604097032165,66.8620087890852,311.2591091368321,11.105993062586817,140.51188303879098,66.8620087890852,0.0,0.0,True,True,True,True,True,False,False,False,,
0.41286988529107693,0.842288262269046,62.17102219009778,1633.4230608464084,12.02879443157293,147.1628057764157,62.17102219009778,0.0,0.0,True,True,True,True,True,False,False,False,,
0.731376217765537,0.8726618914643466,89.43839274780456,683.35307700662,20.526204380206494,113.17540250023085,89.43839274780456,0.0,0.0,True,True,True,True,True,False,False,False,,
0.9089741253309226,0.8850522203153361,56.26907365012689,119.25202388635564,6.844034781120844,167.8804876346609,53.00613498858987,0.0,0.0,True,True,True,False,False,False,False,False,,
0.7133840930630553,1.0457612762204023,88.83188797501805,1259.0361321819869,21.78425057526351,110.47053120189739,88.83188797501805,0.0,0.0,True,True,True,True,True,False,False,False,,
0.8749683396832373,0.9335474966633595,91.97556409143812,1217.697123744804,23.19288098441384,106.89108154768425,91.97556409143812,0.0,0.0,True,True,True,True,True,False,False,False,,
0.4084303507049414,0.5860606624480045,64.08762963567386,600.7417374106167,10.733043333301328,153.266361139039,64.08762963567386,0.0,0.0,True,True,True,False,False,False,False,False,,
0.5265201927498655,0.6413612274963671,84.7376279714426,821.8618036065998,18.765373059155884,126.72169326724091,84.7376279714426,0.0,0.0,True,True,True,True,True,False,False,False,,
0.6660550395783021,0.5619822007912101,60.79551629837108,670.07352471181,9.912306005600769,150.13504441038205,60.79551629837108,0.0,0.0,True,True,True,False,False,False,False,False,,
0.7520590008197425,0.9482317801075788,107.40113617985516,1417.3010882471717,31.582035646054027,102.66425283152672,107.40113617985516,0.0,0.0,True,True,True,True,True,False,False,False,,
0.9573305406450042,0.6797574058339315,62.83231567154776,1065.2913982801927,11.29280014667332,138.1500412842462,62.832315671547754,0.0,0.0,True,True,True,True,True,False,False,False,,
0.8445713147616216,0.7050575464108217,71.71698791842466,873.3930552916253,13.94415687349364,128.05598811856592,71.71698791842466,0.0,0.0,True,True,True,True,True,False,False,False,,
0.9179135906472417,0.7587466692870865,59.585773453535225,1422.848787086395,10.894864362424302,141.31195298571012,59.585773453535225,0.0,0.0,True,True,True,True,True,False,False,False,,
0.7467134302749401,0.72633451171659,91.70601508981503,689.7486581215946,21.55110238188966,114.24161867116985,91.70601508981503,0.0,0.0,True,True,True,True,True,False,False,False,,
1.1687530916837545,0.5771977161676893,104.44911531967288,437.86764707544296,27.005682365528514,107.35837783537504,104.44911531967288,0.0,0.0,True,True,True,True,True,False,False,False,,
0.975332728149238,0.7069983745687679,51.8641180566537,674.5463147779545,7.433918606811706,163.4215633911318,51.8641180566537,0.0,0.0,True,True,True,False,False,False,False,False,,
0.754870465333366,0.7177132546301228,90.3844469177484,1167.6360290128548,22.266475589185607,114.02523898561228,90.3844469177484,0.0,0.0,True,True,True,True,True,False,False,False,,
0.7354166156631496,0.8076151985604461,82.17574773986749,1640.9335292357205,19.805310169148555,117.34906321713974,82.17574773986749,0.0,0.0,True,True,True,True,True,False,False,False,,
0.8582294459637295,0.8382943735021795,55.642728882677766,445.0317009194413,8.063603812392472,156.2200072258513,55.642728882677766,0.0,0.0,True,True,True,False,False,False,False,False,,
1.1125294898058344,0.6275907344983189,60.43489434190218,646.8384280021961,9.796610132515742,144.5390081463555,60.43489434190219,0.0,0.0,True,True,True,True,True,False,False,False,,
0.7375875803265031,0.7884096911213334,108.63814180821325,1699.93357990447,32.25768714252145,105.95013166021727,108.63814180821325,0.0,0.0,True,True,True,True,True,False,False,False,,
0.5998165311877097,0.8008429058976161,68.68143074546235,341.73825096758355,11.7629079962564,138.17178259263082,68.68143074546235,0.0,0.0,True,True,True,True,True,False,False,False,,
0.40116557365313465,1.0903288726513691,59.02014044456405,1263.6139783005679,10.367545194526242,151.33281180682243,59.020140444564056,0.0,0.0,True,True,True,False,False,False,False,False,,
0.7456686446847851,0.7777623217665735,81.73996645250999,267.5689992135065,12.727723329496339,131.73151865137717,71.91315396395116,0.0,0.0,True,True,True,True,True,False,False,False,,
0.5568141982974706,0.815151268264612,59.61278424868248,360.9434734875419,9.000637534053537,153.77138428329164,59.61278424868248,0.0,0.0,True,True,True,False,False,False,False,False,,
0.5160113063834814,0.5521992547033348,61.952053981488675,1223.6180908932176,11.24237044832794,149.31015096794565,61.952053981488675,0.0,0.0,True,True,True,True,True,False,False,False,,
0.4167616645745255,0.569176293526309,103.85271737863293,1574.918597583781,28.68259918229912,129.35790287894974,103.85271737863293,0.0,0.0,True,True,True,True,True,False,False,False,,
0.993156907804826,0.6998421864433011,54.91701865475248,913.9589517100349,8.643286799122146,153.3641943017858,54.91701865475248,0.0,0.0,True,True,True,False,False,False,False,False,,
0.6646147113409114,0.9551523637553782,61.45446827537387,933.5604982448692,10.586875220639833,141.6971639446581,61.45446827537386,0.0,0.0,True,True,True,True,True,False,False,False,,
1.1513568185839729,0.6234349592557413,105.56596877720844,1577.2627415830805,30.45354804844518,104.5075958076102,105.56596877720844,0.0,0.0,True,True,True,True,True,False,False,False,,
1.0089841882731339,0.5670854318574512,67.6965556147088,1588.322198751556,13.960698300142093,132.33333135037478,67.6965556147088,0.0,0.0,True,True,True,True,True,False,False,False,,
0.9619555585354918,0.6907043512820732,77.98711413675096,1561.817828998973,17.894806882534333,119.30363890190941,77.98711413675096,0.0,0.0,True,True,True,True,True,False,False,False,,
0.9413759464981216,0.9796993336779745,79.8035312236581,1157.8400478511653,17.704186975850536,114.06141133991413,79.8035312236581,0.0,0.0,True,True,True,True,True,False,False,False,,
0.4311488094044267,0.7284302575543579,99.36368175059555,1558.4993823546768,27.12778609524282,123.42216619095352,99.36368175059555,0.0,0.0,True,True,True,True,True,False,False,False,,
0.5972117644184955,0.6034120916155605,93.02211665767182,1276.216308077945,23.691410628888956,120.5610643909057,93.02211665767182,0.0,0.0,True,True,True,True,True,False,False,False,,
0.4069159408429088,0.5108193726438298,107.92629909867311,516.0362299779993,13.771775100468048,145.53506443616362,73.77512385181815,0.0,0.0,True,True,True,True,True,False,False,False,,
0.5394106877156676,0.7559646225936265,60.660397841862434,1568.4808013311376,11.453355126354502,145.67595793347482,60.660397841862434,0.0,0.0,True,True,True,True,True,False,False,False,,
0.890825506488766,0.9548604198414413,65.26926047513417,1025.2256014834093,12.013091241866942,131.8771204896472,65.26926047513417,0.0,0.0,True,True,True,True,True,False,False,False,,
1.1366580861537638,0.6696432704760759,82.77778444535036,343.7702251411762,16.98924390120948,117.2020793850283,82.77778444535036,0.0,0.0,True,True,True,True,True,False,False,False,,
1.0806951743828614,0.5767957549962055,66.92723821629096,147.76910711936335,10.068463969558877,143.59147791877348,64.3370182459276,0.0,0.0,True,True,True,True,True,False,False,False,,
0.42514049461329645,1.0049854764567083,66.75233281742383,1173.3138925584976,12.700177649939041,140.0892788825685,66.75233281742383,0.0,0.0,True,True,True,True,True,False,False,False,,
0.4609475772238253,0.68879315843249,102.2302223588042,324.0423140294789,9.6737817917442,154.2049085026011,62.222023329779184,0.0,0.0,True,True,True,False,False,False,False,False,,
1.1209478288827088,0.5445926868790493,57.53859092617357,443.0076085645943,8.597626800112703,153.97719393989493,57.53859092617357,0.0,0.0,True,True,True,False,False,False,False,False,,
0.8271866380330802,1.0996091011565996,50.771696804808634,1434.0430110701573,8.323270598988112,157.9274855512568,50.771696804808634,0.0,0.0,True,True,True,False,False,False,False,False,,
1.0994704610882335,0.8074555712205449,82.83574335830932,1186.1529275944533,19.067317292932966,112.06449552777556,82.83574335830932,0.0,0.0,True,True,True,True,True,False,False,False,,
0.7960216577499242,0.5747876036657041,54.64523154160928,917.4114248661689,8.563423523465508,157.86771494006015,54.64523154160928,0.0,0.0,True,True,True,False,False,False,False,False,,
1.0822861452332342,0.922930763938534,75.13504302701212,471.1404140405668,14.356190749410606,120.50929135955106,75.13504302701212,0.0,0.0,True,True,True,True,True,False,False,False,,
0.6516061453300843,0.5155978235054826,89.34692353258288,353.2547500764515,14.782555101683792,133.61552802963203,77.24210302132524,0.0,0.0,True,True,True,True,True,False,False,False,,
0.9818189100489797,0.6036725950401646,54.60510569997562,615.9842591923191,8.068640740086131,158.5720234564847,54.60510569997562,0.0,0.0,True,True,True,False,False,False,False,False,,
0.912741257170933,0.9389300335360043,98.9226863533197,1464.1714293762175,27.34006887001199,102.54821908488603,98.9226863533197,0.0,0.0,True,True,True,True,True,False,False,False,,
1.1238951088159252,0.9969506944776323,57.87852714285851,544.7465312620736,8.868189098209232,146.40144875188645,57.8785271428585,0.0,0.0,True,True,True,True,True,False,False,False,,
1.1036934027997538,0.9287067578548328,100.89841284309693,119.54843284177592,8.305957384786419,151.13336156703662,58.480848552103375,0.0,0.0,True,True,True,False,False,False,False,False,,
0.6700169551301026,0.5308164686211568,102.19729902677005,1260.1821540308465,28.161830670059196,118.4039195471324,102.19729902677005,0.0,0.0,True,True,True,True,True,False,False,False,,
1.131178229628588,1.0126965228265263,78.41471065447692,529.5064085811853,15.722995189997532,115.3161135607115,78.41471065447692,0.0,0.0,True,True,True,True,True,False,False,False,,
0.6994890009881443,0.7183712058615946,86.55728103149592,822.8811888669336,19.63540436665881,118.17619045503663,86.55728103149592,0.0,0.0,True,True,True,True,True,False,False,False,,
1.0030767014674544,1.0800704323452721,56.070676319590525,1090.631268780539,9.26523755014887,145.8869432572461,56.070676319590525,0.0,0.0,True,True,True,True,True,False,False,False,,
1.0905478719726434,0.5154706906087578,87.83038077035602,628.9507312221434,19.797674157613518,117.92897695243006,87.83038077035602,0.0,0.0,True,True,True,True,True,False,False,False,,
1.1885627082437549,0.6192950046946492,108.85359556897154,744.0270027851534,30.322950500070764,103.59971176094908,108.85359556897154,0.0,0.0,True,True,True,True,True,False,False,False,,
0.5450778913325286,0.8583769957382104,76.4171606980068,831.2016824853168,15.506814725926853,127.83398333476637,76.4171606980068,0.0,0.0,True,True,True,True,True,False,False,False,,
0.9637545161005762,0.8055213008640787,57.23174861710219,884.5371588744414,9.254002241689273,147.5389550225067,57.23174861710219,0.0,0.0,True,True,True,True,True,False,False,False,,
0.8905152527279765,0.6422522434312425,57.12982127013251,516.4963078004698,8.596792610218113,154.03935247571593,57.12982127013251,0.0,0.0,True,True,True,False,False,False,False,False,,
1.1771741553584323,0.7162566331820758,55.613980650881764,1636.6735746437398,10.044687317699282,147.03659106046018,55.613980650881764,0.0,0.0,True,True,True,True,True,False,False,False,,
1.0156675578909684,0.8813593494780878,74.91739763197376,517.2734077923815,14.36966395669111,121.6058587461374,74.91739763197376,0.0,0.0,True,True,True,True,True,False,False,False,,
1.0655685048116568,0.9096842121270545,74.98238220653361,603.3314237953839,14.58793961186376,120.24939216171747,74.98238220653361,0.0,0.0,True,True,True,True,True,False,False,False,,
1.04741945526079,0.783417346226259,96.22964388650472,1436.864290284288,25.943285252972462,104.73286271166788,96.22964388650472,0.0,0.0,True,True,True,True,True,False,False,False,,
1.0926711678989256,0.9038006775597455,60.93659623855257,260.28379062112447,9.25538214849618,144.0704992799083,60.93659623855257,0.0,0.0,True,True,True,True,True,False,False,False,,
1.1970475934147595,0.8928855912215803,61.5016881217919,845.0216397158533,10.48212761127312,137.01894199985236,61.50168812179191,0.0,0.0,True,True,True,True,True,False,False,False,,
0.7042169609635037,0.6823003339056094,90.28654194290209,455.37951173192164,20.264977699881474,117.83928451893955,90.28654194290209,0.0,0.0,True,True,True,True,True,False,False,False,,
0.5484758948149427,0.5450040163025948,75.75376309754323,1077.315100790467,15.804056114060321,134.12843986016102,75.75376309754323,0.0,0.0,True,True,True,True,True,False,False,False,,
0.47415023731769934,0.8821829419324764,52.124824096237134,1685.2339521234865,9.061805674343175,161.7817532231388,52.124824096237134,0.0,0.0,True,True,True,False,False,False,False,False,,
1.1155406076045322,0.9507350691399017,74.29731035412765,146.10819316083368,10.270898477283152,137.0616676734174,64.99762316527101,0.0,0.0,True,True,True,True,True,False,False,False,,
0.4274425417606434,0.9351350360004347,69.50220071488788,1125.3211935794218,13.555446436522478,137.6989352579999,69.50220071488788,0.0,0.0,True,True,True,True,True,False,False,False,,
0.5804135610916261,0.609033754632809,71.91214573942877,1233.8999340681244,14.710709309153334,134.26178925220717,71.91214573942877,0.0,0.0,True,True,True,True,True,False,False,False,,
0.5570130128806396,0.5354975236357997,69.12403697300054,1052.0492736106924,13.327064178578343,140.26172618619674,69.12403697300054,0.0,0.0,True,True,True,True,True,False,False,False,,
0.7130049324978788,0.862410092684823,104.75145263998334,704.3009679756125,27.769946391969548,106.80099040617786,104.75145263998334,0.0,0.0,True,True,True,True,True,False,False,False,,
0.9978818347488789,0.8035557125876762,56.82604299158332,319.1571739722941,8.183976440129666,154.11849820235236,56.82604299158332,0.0,0.0,True,True,True,False,False,False,False,False,,
1.0482912339919968,0.9479869634654613,74.08738837181882,1556.2114112422125,16.31751459908699,117.97764764856218,74.08738837181882,0.0,0.0,True,True,True,True,True,False,False,False,,
0.41148098090435353,0.6856196504837323,88.14634134349868,165.15730407182383,4.387366432234705,223.6129672769259,41.970222770425735,0.0,0.0,True,True,True,False,False,False,False,False,,
0.5116353343038715,0.9833523731971592,60.57995851685371,1392.0886734426622,11.107570369551267,144.6452567273646,60.57995851685371,0.0,0.0,True,True,True,True,True,False,False,False,,
0.6440057663645113,0.9910561621228382,76.74102937440253,944.3056031709837,15.923298992844913,122.55029340057571,76.74102937440253,0.0,0.0,True,True,True,True,True,False,False,False,,
0.6601659247669933,0.7748077836316348,84.37015394943275,1012.259389948925,19.168648013645743,118.98301645429342,84.37015394943275,0.0,0.0,True,True,True,True,True,False,False,False,,
0.6060296749701829,0.5331352071927528,61.53622905436685,654.5298127296276,10.099723638309406,151.0141660294119,61.53622905436685,0.0,0.0,True,True,True,False,False,False,False,False,,
0.7266824291420801,0.5296068529277763,68.72631559122976,1628.6647128402371,14.381800249290109,135.94548183090163,68.72631559122976,0.0,0.0,True,True,True,True,True,False,False,False,,
0.5414380252512978,0.9161960902499791,101.58489198153468,388.2751813434012,13.586371334928351,132.05192413871413,73.81790079419707,0.0,0.0,True,True,True,True,True,False,False,False,,
0.9636419794875947,0.699434347844809,87.91464766411673,216.08422553526205,13.191172073839864,128.37430995584296,73.46608316179267,0.0,0.0,True,True,True,True,True,False,False,False,,
0.4694006522002281,0.9929082945988774,66.69595574374382,1356.2982865455456,13.05525258489686,137.63395106720324,66.69595574374382,0.0,0.0,True,True,True,True,True,False,False,False,,
0.7063925394420879,0.7276599796461076,102.44564376542903,180.85726955204177,8.12814924646177,158.50294898230135,57.54512469121896,0.0,0.0,True,True,True,False,False,False,False,False,,
0.5730921546553148,1.0146572932045774,99.45585821123244,899.6909209362966,25.629043580497996,110.79670141322723,99.45585821123244,0.0,0.0,True,True,True,True,True,False,False,False,,
0.8493157503930723,0.8198937139004747,57.39027716337341,1627.2549183576514,10.557131685904464,144.73913004288374,57.39027716337341,0.0,0.0,True,True,True,True,True,False,False,False,,
1.1945002543155399,0.652028629568045,92.31459538454688,487.2731974469371,21.406327743676623,109.961650632634,92.31459538454688,0.0,0.0,True,True,True,True,True,False,False,False,,
0.8862355651199064,0.9425047072610617,105.24196950339874,1078.4574052689022,29.38889707609973,100.69404157895494,105.24196950339874,0.0,0.0,True,True,True,True,True,False,False,False,,
1.1310346322305853,0.7682978490733587,85.75883306870651,375.98611535122916,18.27735568934089,112.70542001139106,85.75883306870651,0.0,0.0,True,True,True,True,True,False,False,False,,
0.8725850562907747,0.6778560459047913,70.9446444476898,1069.9532243318006,14.077387805447577,128.34922267810757,70.9446444476898,0.0,0.0,True,True,True,True,True,False,False,False,,
1.1103858404619311,0.6962315715874003,102.62014044224662,1672.96817747546,29.20027031045354,103.52333163783335,102.62014044224662,0.0,0.0,True,True,True,True,True,False,False,False,,
0.6398149076497363,0.553314270824132,71.0200928462119,1499.895614342988,14.95065018909848,134.73155350862004,71.0200928462119,0.0,0.0,True,True,True,True,True,False,False,False,,
0.4763997172966221,0.6303624007612096,107.82012680403156,955.4256276702297,29.819030525321853,122.1063784264638,107.82012680403156,0.0,0.0,True,True,True,True,True,False,False,False,,
0.6556822131748903,0.9465327583476564,91.04453602165998,333.3149603563848,14.021313867298595,127.25789078605528,75.26474651447948,0.0,0.0,True,True,True,True,True,False,False,False,,
0.4614648368234112,0.6571870298324572,71.10869667287747,1776.9779376060758,15.340068032307093,137.70687572365324,71.10869667287747,0.0,0.0,True,True,True,True,True,False,False,False,,
0.5456120316279283,1.082326639419521,67.89959993148621,398.25417654950746,11.604880040267199,137.6767218018438,67.89959993148621,0.0,0.0,True,True,True,True,True,False,False,False,,
0.631227270193113,0.6390026335818897,103.55220285096499,1231.62943575197,28.791723781190022,114.92953709777281,103.55220285096499,0.0,0.0,True,True,True,True,True,False,False,False,,
0.7855344683349739,0.7017775548319174,60.315359847046686,1516.9111618558313,11.283379580619687,142.311951140821,60.315359847046686,0.0,0.0,True,True,True,True,True,False,False,False,,
1.1385563685713023,0.7222309932897104,59.935177527782606,1158.351029520731,10.5503985190595,140.47276641552418,59.93517752778261,0.0,0.0,True,True,True,True,True,False,False,False,,
0.5686368828971631,0.6176160235816854,72.55327443902227,272.6748395499691,9.957160632444287,150.4584434786889,63.395370519432895,0.0,0.0,True,True,True,False,False,False,False,False,,
0.47152853707750403,0.6322475667238246,86.23729704295846,535.1529431214915,16.478644174599594,132.85021598876247,80.87428394243791,0.0,0.0,True,True,True,True,True,False,False,False,,
0.9599936574715426,0.7995236020487821,86.14701969741742,956.7932609295644,19.890424004946244,111.8375116949077,86.14701969741742,0.0,0.0,True,True,True,True,True,False,False,False,,
1.1524969018051157,0.621702494712129,58.2817654389114,1024.098022116882,9.810998634129923,145.7730725462051,58.28176543891141,0.0,0.0,True,True,True,True,True,False,False,False,,
0.4183436118385651,0.9363922283246569,59.2592977251951,1388.5056934101337,10.66405149470013,150.78618825450732,59.25929772519509,0.0,0.0,True,True,True,False,False,False,False,False,,
0.9994449641960795,0.5864170782239219,105.06989838920565,1514.0544368288752,30.000880855049136,108.05162202268649,105.06989838920565,0.0,0.0,True,True,True,True,True,False,False,False,,
0.7752206344637962,0.6315282435185383,101.1450749266026,621.336345414668,25.769150293144286,112.34571507654469,101.1450749266026,0.0,0.0,True,True,True,True,True,False,False,False,,
1.1066895622657928,0.5827218826739791,82.8293576035176,371.0946720888489,17.07204382944889,119.70576566192213,82.8293576035176,0.0,0.0,True,True,True,True,True,False,False,False,,
0.5866401380436117,0.9178961094013416,58.51052461792269,318.4811398749763,8.6184219621651,154.8643697028409,58.51052461792269,0.0,0.0,True,True,True,False,False,False,False,False,,
1.0592452783377313,0.8988641790508716,73.42815890439144,1652.8676441535617,16.266742669092363,119.08593224478462,73.42815890439144,0.0,0.0,True,True,True,True,True,False,False,False,,
0.9176811643804694,0.6293685569978783,85.71727945569123,150.8336610868143,8.750533241102525,152.4247331339725,59.898030654630986,0.0,0.0,True,True,True,False,False,False,False,False,,
0.7485921283143435,0.6227562537186556,52.31313395681028,1795.4575779512313,9.31413229952111,159.0278643601924,52.31313395681028,0.0,0.0,True,True,True,False,False,False,False,False,,
0.8171316280085876,0.9349105056333343,93.45789581001277,1515.4478596890322,24.712419016261773,106.87671267778829,93.45789581001277,0.0,0.0,True,True,True,True,True,False,False,False,,
1.001668967205076,0.9620676217662988,66.11249539223002,1538.2230993609414,13.295747772868665,127.87589425436879,66.11249539223002,0.0,0.0,True,True,True,True,True,False,False,False,,
0.598582519148348,0.9626674168888102,92.0138370117377,998.5050495243325,22.449847885397908,113.51591457334585,92.0138370117377,0.0,0.0,True,True,True,True,True,False,False,False,,
0.8451735582794506,0.7048527321823734,68.47738319424019,1480.843998748685,14.013286603983952,130.09674301874543,68.47738319424019,0.0,0.0,True,True,True,True,True,False,False,False,,
0.4448045024507716,0.7381084836556338,89.06234898086731,232.21955249134146,6.670623216685431,179.16680064775255,51.74298484757252,0.0,0.0,True,True,True,False,False,False,False,False,,
0.964184510997067,0.6171669059696059,63.417865475198084,236.64513031526025,9.94608251047523,144.41242672496654,63.417865475198084,0.0,0.0,True,True,True,True,True,False,False,False,,
0.8535258712427607,0.7929305310443864,64.50351464458046,164.32219323246676,8.883201108417621,149.85199726779845,60.2939803153962,0.0,0.0,True,True,True,True,True,False,False,False,,
0.49581179749841636,0.8396610221772366,58.462327274564196,478.30438001124526,8.865503025264704,156.32346954120143,58.4623272745642,0.0,0.0,True,True,True,False,False,False,False,False,,
0.67566994620164,1.0570962294342305,95.50851385845452,475.3206294856152,20.714591589951176,111.90176220119895,91.23849888532696,0.0,0.0,True,True,True,True,True,False,False,False,,
0.8582954646652825,0.6006565909177393,72.39664428468784,304.1407068881808,12.99101366620485,132.40800800279578,72.39664428468784,0.0,0.0,True,True,True,True,True,False,False,False,,
1.0290336692410755,0.6508437849800105,93.1979591603712,1010.892118964772,23.23948279134727,110.06391721801614,93.1979591603712,0.0,0.0,True,True,True,True,True,False,False,False,,
0.40417952665184026,0.816662330742961,90.3519267187242,325.3721365224986,8.556909041642509,162.2349431401552,58.384132765412865,0.0,0.0,True,True,True,False,False,False,False,False,,
1.1208453860336682,0.8635030293414403,101.07637573105657,1528.541457266782,28.743587419939974,100.07975549271127,101.07637573105657,0.0,0.0,True,True,True,True,True,False,False,False,,
1.0287760129408987,0.8377471660798095,84.22254553055318,331.39921826650925,17.519368283917856,114.02632204795847,84.22254553055318,0.0,0.0,True,True,True,True,True,False,False,False,,
0.6408510879202773,0.656340116401546,90.32068176773288,1262.4446503573338,22.43104034247525,118.52343370972456,90.32068176773288,0.0,0.0,True,True,True,True,True,False,False,False,,
1.0930590512088871,0.6502796446603724,105.35880114338549,1391.022930222164,30.42166728076863,104.27581487060229,105.35880114338549,0.0,0.0,True,True,True,True,True,False,False,False,,
1.1556481841759978,0.7390409882730117,97.99513388473493,1621.0674567015628,27.04846931094111,103.74607200535901,97.99513388473493,0.0,0.0,True,True,True,True,True,False,False,False,,
1.113774238805663,1.0439757832664331,85.29496122117347,1210.9443255204185,20.19699764526693,106.93242729567305,85.29496122117347,0.0,0.0,True,True,True,True,True,False,False,False,,
0.4940261242621574,0.9174689766358815,60.55344505619413,887.0266634939527,10.196072249522707,148.25649548805973,60.55344505619413,0.0,0.0,True,True,True,True,True,False,False,False,,
1.1757337239712125,0.7535435362796573,66.71079661763552,376.3040434027793,11.259641274656543,133.71620108652849,66.71079661763552,0.0,0.0,True,True,True,True,True,False,False,False,,
0.7166776499143156,0.887046388701783,96.43147779756747,671.5315372163913,23.63710853559956,109.70605588960454,96.43147779756747,0.0,0.0,True,True,True,True,True,False,False,False,,
0.9938372701968193,1.0101534066537932,64.95149229190719,388.1907763541384,10.70761368748307,135.20622773557153,64.95149229190719,0.0,0.0,True,True,True,True,True,False,False,False,,
1.1308462266439854,0.7472723164334578,107.98317920897284,175.40089986833505,12.513052449931442,128.65462359881246,71.70264621516041,0.0,0.0,True,True,True,True,True,False,False,False,,
0.7384040453730456,1.0415957973667802,95.67095184325447,757.5355428247192,23.54860399681161,107.13487860863813,95.67095184325447,0.0,0.0,True,True,True,True,True,False,False,False,,
0.5951440147763222,0.9853639637438347,106.95898737805682,1302.4230737871726,30.769276475875962,107.48366619039577,106.95898737805682,0.0,0.0,True,True,True,True,True,False,False,False,,
0.46117537821940446,0.7428716295679594,101.72745737029706,1180.7694749826587,27.44413868714107,120.62866875175398,101.72745737029706,0.0,0.0,True,True,True,True,True,False,False,False,,
0.7393432979591352,0.9906791474991069,72.51205330640497,1286.1393598090553,15.085787624591276,123.71728847341893,72.51205330640497,0.0,0.0,True,True,True,True,True,False,False,False,,
0.8281683391536141,1.0658882789533695,58.945337036351106,403.20558902379935,8.913838116473105,147.89172632240295,58.945337036351106,0.0,0.0,True,True,True,True,True,False,False,False,,
0.9963094220196052,0.7425113675370055,69.53333124133898,214.1447639762352,11.850030020060181,132.4791686524265,69.53333124133898,0.0,0.0,True,True,True,True,True,False,False,False,,
0.5168933825516892,0.6195127728000658,90.98542319424095,496.91880431108973,16.698894889271585,130.74184966695256,81.59446524509069,0.0,0.0,True,True,True,True,True,False,False,False,,
0.43356627452091795,0.8937481443570321,78.17395662589323,299.90548544179364,8.429902049588316,161.16483228617795,58.05470861604152,0.0,0.0,True,True,True,False,False,False,False,False,,
1.1675007799451702,0.7117252075390609,90.5152615525631,726.7756439793316,21.25445465881449,109.10824141548316,90.5152615525631,0.0,0.0,True,True,True,True,True,False,False,False,,
1.0000383853396428,0.7548406319619168,71.3397174020047,1624.2749728725178,15.389281070473944,124.02531265041569,71.3397174020047,0.0,0.0,True,True,True,True,True,False,False,False,,
0.8740673627383708,0.8023337340391652,97.24556655380735,803.3173963607767,24.500554370333013,107.10628952252895,97.24556655380735,0.0,0.0,True,True,True,True,True,False,False,False,,
0.8965979275500027,0.9753576559488949,61.898759225587,1618.701698351343,11.993295813535212,134.91840803384565,61.898759225587,0.0,0.0,True,True,True,True,True,False,False,False,,
0.4851452504054426,0.8276768444486637,94.04867250708241,1692.6926107921868,24.939704388361047,119.31220898854579,94.04867250708241,0.0,0.0,True,True,True,True,True,False,False,False,,
0.839555270193082,0.582318530133668,50.38643405857518,1760.6395626676815,8.722597086149069,163.3075462931474,50.38643405857518,0.0,0.0,True,True,True,False,False,False,False,False,,
0.8679820342281362,0.5930791663267794,53.41424597488752,627.1130790783628,7.761704912706445,162.5458504915385,53.41424597488752,0.0,0.0,True,True,True,False,False,False,False,False,,
1.0173178963510072,0.7650703183061158,86.8129858952768,1086.1796162218873,20.5282268400643,111.07734166364949,86.8129858952768,0.0,0.0,True,True,True,True,True,False,False,False,,
0.5484074773090212,0.9239493856558085,83.88682016638076,1655.1122816540392,20.49856863158688,119.78005030293029,83.88682016638076,0.0,0.0,True,True,True,True,True,False,False,False,,
0.9405701771414013,0.6849057230123239,73.2487528286164,891.9382610496075,14.556200511946608,125.51339312670042,73.2487528286164,0.0,0.0,True,True,True,True,True,False,False,False,,
1.0295721300946359,0.5323679424481842,61.186181309930674,950.9572270262186,10.566313559510087,143.9335508566622,61.186181309930674,0.0,0.0,True,True,True,True,True,False,False,False,,
1.023293561592478,0.6755276704426115,55.876383980392944,560.7492242603491,8.327781097199919,154.71915867511208,55.876383980392944,0.0,0.0,True,True,True,False,False,False,False,False,,
0.7499020547962733,0.7046331763135735,62.08360113541105,1316.8619990154373,11.491934668121857,140.4634912119095,62.08360113541105,0.0,0.0,True,True,True,True,True,False,False,False,,
1.1121668303830305,1.0795803832637025,67.19947648276205,1585.1632228190317,13.782769982493205,124.39727117065878,67.19947648276205,0.0,0.0,True,True,True,True,True,False,False,False,,
0.47269667819644007,0.9922326298570231,108.38321770750827,913.1719292561991,28.627403465494737,114.47674118508493,105.77549106535086,0.0,0.0,True,True,True,True,True,False,False,False,,
0.6793015147304585,0.9719229743778266,101.2422765901081,133.33616230213914,5.755192235091969,185.57573828483166,48.453233596565205,0.0,0.0,True,True,True,False,False,False,False,False,,
0.4260136642502045,0.565656322788444,68.88540227099945,521.9176607856268,12.127954718676106,147.47614031000728,68.88540227099945,0.0,0.0,True,True,True,True,True,False,False,False,,
0.9964272543897095,0.5208065389214137,74.28932221141515,1388.8143546727144,16.028066879885895,127.27008355254131,74.28932221141515,0.0,0.0,True,True,True,True,True,False,False,False,,
0.9686097360008882,0.8753281927198727,99.98302797572863,957.3078970500724,26.347464575297828,102.7117284736913,99.98302797572863,0.0,0.0,True,True,True,True,True,False,False,False,,
0.7294718881499866,0.671157411593806,106.09275034987465,1076.774607163872,29.710515202886082,110.18238965528522,106.09275034987465,0.0,0.0,True,True,True,True,True,False,False,False,,
1.0643573834730613,1.0042385481549367,83.97475508010561,501.39104886122624,17.848628315444394,111.00493879336868,83.97475508010561,0.0,0.0,True,True,True,True,True,False,False,False,,
0.44685493330549386,0.7438552556467326,78.84916867348645,1520.3407296035562,17.967944963715045,130.68947913544503,78.84916867348645,0.0,0.0,True,True,True,True,True,False,False,False,,
1.1817226382221344,0.9629399742465268,76.47879156862169,394.18078402570166,14.691355336608408,118.2028538304937,76.47879156862169,0.0,0.0,True,True,True,True,True,False,False,False,,
1.1552732350693322,1.0987886459787712,96.57620271557546,111.95687962651762,8.134131679531215,151.25036881148242,57.90089106786808,0.0,0.0,True,True,True,False,False,False,False,False,,
0.5194027650463368,0.5275071745028017,61.99116220184821,1221.0132136898596,11.250924260446284,149.84342204479026,61.99116220184821,0.0,0.0,True,True,True,True,True,False,False,False,,
0.524622229091293,1.0399355221439786,54.95969435828451,268.12748327788995,7.5592133559940216,164.72914663642527,54.95969435828451,0.0,0.0,True,True,True,False,False,False,False,False,,
0.6445047996424186,1.0331299042458792,82.9732633463997,175.59083196287696,7.21337340730292,165.75844006853617,54.160354066303846,0.0,0.0,True,True,True,False,False,False,False,False,,
0.8135316789313203,0.9012544385060219,68.49157824240632,547.307017844128,12.151036816050189,131.60205340948062,68.49157824240632,0.0,0.0,True,True,True,True,True,False,False,False,,
1.0531675890321326,0.7973224498351895,74.75034700299199,1095.6320530694688,15.575457021025386,120.06730918904339,74.75034700299199,0.0,0.0,True,True,True,True,True,False,False,False,,
0.893381129575407,0.5559787815512673,58.63085672314274,915.9853686754398,9.716257201584824,149.19883823158264,58.63085672314275,0.0,0.0,True,True,True,True,True,False,False,False,,
1.1070931385263825,0.6915573584920556,62.983787358194945,963.7378101615866,11.163927759195595,136.964686760931,62.983787358194945,0.0,0.0,True,True,True,True,True,False,False,False,,
1.0520435914773856,0.778926248495268,106.98655690714224,836.7307530961783,29.590033568848305,100.9796087529463,106.98655690714224,0.0,0.0,True,True,True,True,True,False,False,False,,
0.8485761624887694,0.6687000591540451,99.77627268927904,158.10998700900274,8.496338588178181,154.46331808623003,58.97155286599035,0.0,0.0,True,True,True,False,False,False,False,False,,
0.9759164563812014,0.7337931946596669,98.05677872900031,651.5696434587671,24.4776874339835,106.95905488971515,98.05677872900031,0.0,0.0,True,True,True,True,True,False,False,False,,
1.020629502395095,0.5704965295959679,106.20823109698033,1462.8337342098685,30.498619609483846,108.18271191666554,106.20823109698033,0.0,0.0,True,True,True,True,True,False,False,False,,
1.0159178693389412,1.0068875715106147,93.95177428108664,1406.955630320545,24.719643645799543,102.54888102810783,93.95177428108664,0.0,0.0,True,True,True,True,True,False,False,False,,
0.8392090633602021,0.602554362240158,102.84209137056143,1096.3948228694198,28.167496520212314,110.82939537203382,102.84209137056143,0.0,0.0,True,True,True,True,True,False,False,False,,
1.0435296797532652,0.7724638742264716,75.43795479953491,606.9373623734307,14.7620990027762,121.73821099541622,75.43795479953491,0.0,0.0,True,True,True,True,True,False,False,False,,
0.43596386624324274,0.6675138889106738,103.23790862659271,1791.3722892693079,28.791585094027642,124.18364696240823,103.23790862659271,0.0,0.0,True,True,True,True,True,False,False,False,,
0.7745145934825588,0.7889217750171565,78.39887275934619,875.6979708023504,16.44965256751903,121.06825000891799,78.39887275934619,0.0,0.0,True,True,True,True,True,False,False,False,,
1.0455850163499734,0.7095423681229525,92.66469778368119,1334.4195038294238,23.900068577269945,108.29881537089545,92.66469778368119,0.0,0.0,True,True,True,True,True,False,False,False,,
1.1487967872679268,0.801472505217115,102.54994871617211,1589.209414929683,29.424402397927285,100.41937787655239,102.54994871617211,0.0,0.0,True,True,True,True,True,False,False,False,,
0.7008701620098445,1.0873370265690747,85.45541227570993,670.7462337677572,18.782557798033583,114.08535146080479,85.45541227570993,0.0,0.0,True,True,True,True,True,False,False,False,,
1.0338984695092024,0.76614397527668,97.52512397054977,1682.0595874538817,26.840129959373353,104.65425988432789,97.52512397054977,0.0,0.0,True,True,True,True,True,False,False,False,,
0.6991787284169917,0.874816732384537,73.04161460109931,1347.765807607139,15.407688434772384,125.13579325822589,73.04161460109931,0.0,0.0,True,True,True,True,True,False,False,False,,
1.0582106334680697,0.6645099335657775,52.51471795088206,1188.6275257567745,8.422086365000586,156.92698193340846,52.51471795088206,0.0,0.0,True,True,True,False,False,False,False,False,,
0.4048551407577141,0.8463955605352813,51.57936884835662,749.2563126415664,7.432982994342698,172.13598232035423,51.57936884835662,0.0,0.0,True,True,True,False,False,False,False,False,,
0.8077823066683787,0.7948051285376807,51.359781463742905,968.669251689004,7.756174964669534,162.08008205203924,51.359781463742905,0.0,0.0,True,True,True,False,False,False,False,False,,
0.4159524783585648,0.5468518217237287,93.5198129705129,1493.3868161879996,24.002840938362368,131.97806670698148,93.5198129705129,0.0,0.0,True,True,True,True,True,False,False,False,,
0.7108103859682439,1.0393482310987592,77.62174634579766,552.3759743284152,15.3942653903082,121.43044567664893,77.62174634579766,0.0,0.0,True,True,True,True,True,False,False,False,,
0.651804721209367,0.8990538193698183,69.00735060149005,1404.9836582414514,14.020481325037077,130.09757570524687,69.00735060149005,0.0,0.0,True,True,True,True,True,False,False,False,,
0.7365260903570982,0.7522629316645222,82.61906774657804,1672.4849409083083,20.02020151043973,117.99390566559589,82.61906774657804,0.0,0.0,True,True,True,True,True,False,False,False,,
0.5886391639199283,1.0452411257544472,107.43460572900574,1495.9436525564906,31.671958586045132,106.71213189311442,107.43460572900574,0.0,0.0,True,True,True,True,True,False,False,False,,
0.9556573265423305,0.8905050804331756,90.05847175258347,233.76091547421626,14.164843038945977,122.59142801207231,76.09472382047286,0.0,0.0,True,True,True,True,True,False,False,False,,
0.6929413415927013,0.8702744792870967,80.53866114543926,1272.9826355460757,18.213934723150267,118.84463765387164,80.53866114543926,0.0,0.0,True,True,True,True,True,False,False,False,,
1.1654210395996913,0.7252003143411702,104.82263940498218,645.2236833842342,27.873826039371572,101.99922891032935,104.82263940498218,0.0,0.0,True,True,True,True,True,False,False,False,,
0.5757743821948396,0.9124151906274296,54.34984504431248,815.9344868778261,8.29820624443261,158.82783161270962,54.34984504431248,0.0,0.0,True,True,True,False,False,False,False,False,,
0.545936560682809,0.9458819208598055,109.61441078648522,353.6579586418408,12.456443022172499,135.42521632714565,70.74248415773124,0.0,0.0,True,True,True,True,True,False,False,False,,
0.44168722111911507,0.7001230770733041,82.77218545783975,1058.1929462603593,18.468378076239297,130.0656388221704,82.77218545783975,0.0,0.0,True,True,True,True,True,False,False,False,,
0.5550398401378726,0.7499562727476804,108.20014164075656,549.4166664041295,19.82874150196876,121.48277684908061,88.90588144124939,0.0,0.0,True,True,True,True,True,False,False,False,,
0.48322243989853797,0.7404161853284164,108.36739254287482,1647.7804742697945,31.59968212755876,117.98130001193734,108.36739254287482,0.0,0.0,True,True,True,True,True,False,False,False,,
0.7962697560734777,1.021714475087969,109.18029164951588,1738.29116977053,33.05963578522406,99.89193564545573,109.18029164951588,0.0,0.0,True,True,True,True,True,False,False,False,,
1.0935079949786806,0.892536544100275,81.43250192185107,1584.153255364433,19.427110146132495,111.55801123903585,81.43250192185107,0.0,0.0,True,True,True,True,True,False,False,False,,
1.1028890697706353,0.809239728559831,79.49423025151674,1181.206044443238,17.657676954786716,114.81785078304695,79.49423025151674,0.0,0.0,True,True,True,True,True,False,False,False,,
1.1425549667827097,0.7590047663700261,79.1331782617985,1170.4068640487908,17.489887244231937,115.65200566999019,79.1331782617985,0.0,0.0,True,True,True,True,True,False,False,False,,
1.049162662797213,0.8610794060098966,100.33758021367696,1290.5680389790616,27.59061903223455,101.33139384933632,100.33758021367696,0.0,0.0,True,True,True,True,True,False,False,False,,
0.633553479460264,0.8505447239281052,52.497445523497774,997.1983719431437,8.093019816585603,160.90898997576485,52.497445523497774,0.0,0.0,True,True,True,False,False,False,False,False,,
0.7409927385107741,0.7022789314735192,51.501901780849806,694.9010509791589,7.362150618776949,166.52298835047566,51.501901780849806,0.0,0.0,True,True,True,False,False,False,False,False,,
0.672689289210035,0.7695715819156745,60.69576113200007,1272.8112817422355,10.958350904710683,143.16532093773054,60.69576113200007,0.0,0.0,True,True,True,True,True,False,False,False,,
0.5184830629509436,0.8727592116610107,54.17168235250406,482.38854386616214,7.700723588153814,164.8839179874389,54.17168235250406,0.0,0.0,True,True,True,False,False,False,False,False,,
1.1188472064450234,0.8629540539917229,107.75443892454358,979.0329088823927,30.512964119304062,97.9039936315578,107.75443892454358,0.0,0.0,True,True,True,True,True,False,False,False,,
1.1197451037312967,0.8512681834376337,69.26107501933413,496.4540089290378,12.340104280525948,128.14572072388134,69.26107501933413,0.0,0.0,True,True,True,True,True,False,False,False,,
0.9926844040280496,0.5657389463380961,68.4062098657814,1567.8141081219537,14.176880706757201,131.69108161657786,68.4062098657814,0.0,0.0,True,True,True,True,True,False,False,False,,
0.6599834318267399,0.5599279493380287,78.23328741998242,1206.7234060299133,17.109547682526074,128.25195118312254,78.23328741998242,0.0,0.0,True,True,True,True,True,False,False,False,,
0.8454904939818308,0.6375335576394092,87.66513194671269,717.3873831417376,19.89419313920336,116.75027045225575,87.66513194671269,0.0,0.0,True,True,True,True,True,False,False,False,,
1.1610534508046433,0.8180366018446084,94.06409138720662,1424.3833919587832,24.8630693266113,103.85409870106899,94.06409138720662,0.0,0.0,True,True,True,True,True,False,False,False,,
1.1853332981960518,0.7421420612636294,107.16314129441497,1520.6274544356909,31.65117937678854,99.87456037649126,107.16314129441497,0.0,0.0,True,True,True,True,True,False,False,False,,
0.8589930207456389,1.0749742335135024,81.12622729412126,1204.7769395404919,18.344385902691588,113.00234014399828,81.12622729412126,0.0,0.0,True,True,True,True,True,False,False,False,,
0.4700470340865246,0.5784314126147406,56.784379105634514,646.6649481699073,8.67496956490325,162.4765528002424,56.784379105634514,0.0,0.0,True,True,True,False,False,False,False,False,,
0.7631718868535307,1.0274212735252475,56.694787514825265,1318.257699893659,9.816934401126925,146.24707741098268,56.694787514825265,0.0,0.0,True,True,True,True,True,False,False,False,,
0.9585581122391452,0.6239504532897938,95.2736829753603,1278.2937032583059,24.97707454429549,110.70357402378968,95.2736829753603,0.0,0.0,True,True,True,True,True,False,False,False,,
0.5632234028027958,0.5298987691938146,107.34117580947947,1327.1893124703445,30.435915995077966,121.75168868241181,107.34117580947947,0.0,0.0,True,True,True,True,True,False,False,False,,
1.0515236313467087,0.6301958298606533,80.15777045089554,127.8478720716377,8.47179137725123,153.45753085821204,59.03013401240605,0.0,0.0,True,True,True,False,False,False,False,False,,
0.5482051117415657,0.8467693227807217,73.92574245973506,1651.0214877550193,16.351186513449104,128.3664148548226,73.92574245973506,0.0,0.0,True,True,True,True,True,False,False,False,,
1.1164789841022467,0.8239710324021372,73.39578208849872,1488.6490079748548,15.908181282656004,119.75856343725107,73.39578208849872,0.0,0.0,True,True,True,True,True,False,False,False,,
0.6352443085878127,0.7641636030404397,98.57193920813535,533.9129342930557,21.961833116542664,115.88879212910497,93.76119005401316,0.0,0.0,True,True,True,True,True,False,False,False,,
0.47621937003419884,0.7533282277773236,76.64022360801046,814.8952132714528,15.516916974602491,132.10302105068763,76.64022360801046,0.0,0.0,True,True,True,True,True,False,False,False,,
0.6017852866842748,0.5577875423191702,61.93807028150572,309.71905509708716,9.59525583071994,152.9875496749777,61.938070281505716,0.0,0.0,True,True,True,False,False,False,False,False,,
1.038017396050849,0.7259689189800567,61.68756643244218,1323.1309966625515,11.397526146940576,137.55447328992182,61.68756643244218,0.0,0.0,True,True,True,True,True,False,False,False,,
0.8464017606386632,0.6977537989416297,102.72397359965956,1526.1337029984013,29.127877378308774,107.4814931353729,102.72397359965956,0.0,0.0,True,True,True,True,True,False,False,False,,
0.8377625592335463,0.8081224511660201,109.56703684660113,281.4223431174255,15.014575705020256,122.70248975218793,78.17308650739558,0.0,0.0,True,True,True,True,True,False,False,False,,
0.8448554936783492,0.5426983252846843,86.51256445209506,1066.2575896138637,20.29877371735144,119.9175766489819,86.51256445209506,0.0,0.0,True,True,True,True,True,False,False,False,,
0.6463828395185895,0.8281504615604663,65.04066332147937,725.6629483906365,11.336183628423594,139.00120223923355,65.04066332147937,0.0,0.0,True,True,True,True,True,False,False,False,,
0.4569047315404682,0.5651700239302898,102.92005590360199,845.499465076572,25.578947452177207,127.31211825981237,100.0661048623863,0.0,0.0,True,True,True,True,True,False,False,False,,
1.0033223212882532,0.5452606841942105,82.36787543765234,1547.5314500897236,19.661433530872834,119.82543920779446,82.36787543765234,0.0,0.0,True,True,True,True,True,False,False,False,,
0.7164611354882404,0.6907362692299359,100.85025472860454,1227.5735862908912,27.47546209274515,111.29390573734914,100.85025472860454,0.0,0.0,True,True,True,True,True,False,False,False,,
0.8895449030214122,1.0995386045837443,103.30342096154934,373.6125342027291,21.225553678055928,106.36424284484278,92.81371478983178,0.0,0.0,True,True,True,True,True,False,False,False,,
0.6712166470479414,0.6961012841762477,59.40538875153242,470.80950175579454,9.14976670871238,151.9218533531815,59.40538875153242,0.0,0.0,True,True,True,False,False,False,False,False,,
0.9506586924395657,0.813204273457269,71.8113290034049,1243.4382590278474,14.767280239722341,123.69761138274517,71.8113290034049,0.0,0.0,True,True,True,True,True,False,False,False,,
0.6172016221939495,0.6104067261208667,100.9823998518156,971.6879252079312,26.648696396971637,117.28051285457369,100.9823998518156,0.0,0.0,True,True,True,True,True,False,False,False,,
0.7085047294464984,0.829820802839288,76.66192554152042,158.66572994539123,7.1445340347421915,166.92306169323533,53.97969699939773,0.0,0.0,True,True,True,False,False,False,False,False,,
0.8531663914690369,1.0001173543456816,69.72044230757449,954.5043128592209,13.399639756482847,126.1468756739596,69.72044230757449,0.0,0.0,True,True,True,True,True,False,False,False,,
0.8924184099239276,0.930610277086374,51.28304599876577,536.2081153695523,7.065338928173722,165.63990699902013,51.28304599876577,0.0,0.0,True,True,True,False,False,False,False,False,,
0.8929422707372063,0.7943543268183516,89.66887257792453,363.3817474833584,19.83116182225604,112.40575575097826,89.66887257792453,0.0,0.0,True,True,True,True,True,False,False,False,,
0.8142923872171233,0.9570483990876231,55.859169735517774,710.7406565973552,8.56219344543198,152.1930274298911,55.859169735517774,0.0,0.0,True,True,True,False,False,False,False,False,,
0.972876572596947,1.0476372435319674,84.26504907548349,716.7682674357,18.486736480033116,110.52613803127133,84.26504907548349,0.0,0.0,True,True,True,True,True,False,False,False,,
0.4255613791326907,0.6498363743943782,65.73277901995866,1580.5814135708354,13.137939645112382,145.14770593455276,65.73277901995866,0.0,0.0,True,True,True,True,True,False,False,False,,
0.6452058049327386,0.6744601633841518,59.46872196023054,786.9008711046182,9.718943919514203,149.81515879187654,59.46872196023054,0.0,0.0,True,True,True,True,True,False,False,False,,
0.5879567227058135,0.9578534217708473,88.88669613064658,1545.3672304926054,22.495142565323757,114.92760588669888,88.88669613064658,0.0,0.0,True,True,True,True,True,False,False,False,,
0.7679818541183605,1.0174891581645635,88.00399303321845,541.7943921524629,19.54998073921841,111.98416879009433,88.00399303321845,0.0,0.0,True,True,True,True,True,False,False,False,,
0.6731294978427659,0.5543144031545408,91.58085769186519,617.9652422897227,21.255633444545484,121.50911031593766,91.58085769186519,0.0,0.0,True,True,True,True,True,False,False,False,,
0.6657148216588429,0.8646533197866161,108.78515401408032,320.4222857566898,13.672757228823157,128.97061269462083,74.35718994208571,0.0,0.0,True,True,True,True,True,False,False,False,,
0.6241298863996783,1.093231766731618,51.64415414063689,1059.0453201686146,7.961668930019969,161.00226484227588,51.64415414063689,0.0,0.0,True,True,True,False,False,False,False,False,,
0.9280093928173733,0.6013660531941516,100.39938115062907,564.2893923144904,25.317043831186588,110.7903664543319,100.39938115062907,0.0,0.0,True,True,True,True,True,False,False,False,,
0.4018894028826297,0.7135052897989329,79.7359266679635,828.4988074615316,16.66933878340308,134.76661420264168,79.7359266679635,0.0,0.0,True,True,True,True,True,False,False,False,,
0.8735221575464085,0.8737109846333644,69.27481958253756,1578.9208100293056,14.505553724847609,126.16086420018569,69.27481958253756,0.0,0.0,True,True,True,True,True,False,False,False,,
1.0074104045209737,0.7606798716377118,55.67141958839975,848.4615477883846,8.74802410401877,151.30978826553806,55.67141958839975,0.0,0.0,True,True,True,False,False,False,False,False,,
0.9306120999792032,1.012737873407565,56.758996947306365,115.72707684735313,6.79606800109569,167.4286525694663,52.834711192575504,0.0,0.0,True,True,True,False,False,False,False,False,,
0.7325203609707313,0.7552496135788043,60.06558643597876,1562.9162250576712,11.279506675152799,142.56747474450052,60.06558643597876,0.0,0.0,True,True,True,True,True,False,False,False,,
0.7530620492118774,1.059201494036851,81.56854960414944,1074.4038199035874,18.186312727724083,114.88574890467528,81.56854960414944,0.0,0.0,True,True,True,True,True,False,False,False,,
0.7251419815121103,0.5675906696368431,97.1125660475918,633.6253932219032,23.848640173564917,117.30488962217916,97.1125660475918,0.0,0.0,True,True,True,True,True,False,False,False,,
0.5368246030781668,1.0434770220735134,57.567959631837546,1734.9423775291643,10.763854103564388,147.7236699781502,57.567959631837546,0.0,0.0,True,True,True,True,True,False,False,False,,
0.6545606954594054,0.6656074052714812,53.83571283039081,1552.8499674174802,9.357174185035499,156.78113028170145,53.83571283039081,0.0,0.0,True,True,True,False,False,False,False,False,,
0.7718342984739721,0.9716041922377499,85.54592157980962,433.6335465632279,18.246489247793082,114.56120680248767,85.54592157980962,0.0,0.0,True,True,True,True,True,False,False,False,,
0.7180280132270496,0.741787247512124,75.3326629339297,692.4178273767482,14.85356060335534,126.50063350530357,75.3326629339297,0.0,0.0,True,True,True,True,True,False,False,False,,
0.9952167778495085,0.7074475365588102,91.94089188323886,360.450389828484,20.839364380781088,111.3316933126106,91.94089188323886,0.0,0.0,True,True,True,True,True,False,False,False,,
0.9322050639552116,0.8269317379825165,93.858153734831,1614.5453068298825,25.15963662960927,106.5230051092174,93.858153734831,0.0,0.0,True,True,True,True,True,False,False,False,,
1.1347612353695369,0.5584847124529506,65.54072551265043,896.2828072489989,11.875879712665764,136.14776024828416,65.54072551265043,0.0,0.0,True,True,True,True,True,False,False,False,,
1.0599854443301011,0.8567551164807481,84.06946886208479,967.6060550653553,19.046809155378362,111.21918001227377,84.06946886208479,0.0,0.0,True,True,True,True,True,False,False,False,,
0.40057055503007594,0.5203578337071488,74.42546040596854,310.39401581559554,8.087508623223728,170.52687455483306,56.769318357449784,0.0,0.0,True,True,True,False,False,False,False,False,,
0.8043892207559589,0.934501517696257,108.0707110473578,1609.9387143052788,32.34114163095003,101.34609286312391,108.0707110473578,0.0,0.0,True,True,True,True,True,False,False,False,,
0.6989676580425185,0.804386596008622,61.62258184061682,1767.4056765010369,12.151259647306917,139.79771284615637,61.622581840616824,0.0,0.0,True,True,True,True,True,False,False,False,,
0.5532020408469932,0.6637786832149709,58.599457065670634,896.5845566140457,9.638900276471844,152.9104136126212,58.599457065670634,0.0,0.0,True,True,True,False,False,False,False,False,,
1.0563061492941914,0.6892421195740344,104.52127308730451,156.2325683936858,10.412273585775418,139.75390656101536,65.40307819020477,0.0,0.0,True,True,True,True,True,False,False,False,,
0.992635567646152,0.9694482473549134,83.62510806065424,1182.793288649209,19.377934292901593,110.36527184178058,83.62510806065424,0.0,0.0,True,True,True,True,True,False,False,False,,
0.6304212985169059,0.5578437850034808,98.31971841417462,870.5164496802485,25.05430716211207,119.72269843706358,98.31971841417462,0.0,0.0,True,True,True,True,True,False,False,False,,
0.9532946647434298,0.6285384689773605,102.11359938382142,1414.326937744814,28.68610660422876,108.01941452356179,102.11359938382142,0.0,0.0,True,True,True,True,True,False,False,False,,
0.6967256586534238,0.746336619085202,106.62171853242398,327.45921617928707,14.613229863543642,127.24479802906586,76.90011866632527,0.0,0.0,True,True,True,True,True,False,False,False,,
0.8575820806526551,0.9303021610525894,71.01001987527478,296.0784577389105,12.497678129631579,129.12470352085293,71.01001987527478,0.0,0.0,True,True,True,True,True,False,False,False,,
0.6077148586287442,1.0245248767602892,60.49361683528779,1239.9017425458114,10.826980886562465,142.3921331629978,60.49361683528779,0.0,0.0,True,True,True,True,True,False,False,False,,
1.0305129566278337,0.7707601782414585,86.28499796271937,395.79518017532155,18.526647274224498,113.22688488176459,86.28499796271937,0.0,0.0,True,True,True,True,True,False,False,False,,
1.0307293645316622,0.8388697538068413,54.967435344218536,405.7899825931574,7.823963234659886,156.90862478641836,54.967435344218536,0.0,0.0,True,True,True,False,False,False,False,False,,
0.576914613117254,0.7495537916203625,79.11570142346838,837.5058921203555,16.57216089730798,126.11038584660646,79.11570142346838,0.0,0.0,True,True,True,True,True,False,False,False,,
0.7958528181973561,0.5322451460217688,51.94428131920084,1625.6205078477667,8.94409437680035,161.43363084300833,51.94428131920084,0.0,0.0,True,True,True,False,False,False,False,False,,
0.9218875808739568,0.5260303595316452,60.67616933830575,983.1924872647037,10.45863285065611,145.7893349682644,60.67616933830574,0.0,0.0,True,True,True,True,True,False,False,False,,
0.8079887353157154,0.6020697316234709,93.69607663547313,1087.0012747475475,23.607734782247263,114.78647212764916,93.69607663547313,0.0,0.0,True,True,True,True,True,False,False,False,,
0.8624646134666767,0.7450667987864849,105.39949837592113,121.15415695473911,6.604025686472922,172.5283278781523,52.04239817679707,0.0,0.0,True,True,True,False,False,False,False,False,,
0.7094607073596397,0.7293493374272126,107.45904453915567,415.7905667373259,18.957943935475402,118.42912392934586,87.44177973827438,0.0,0.0,True,True,True,True,True,False,False,False,,
1.1169094515972453,1.0661485607198644,80.09692758408457,1403.462419093465,18.43092472495498,110.55381127901907,80.09692758408457,0.0,0.0,True,True,True,True,True,False,False,False,,
0.7283538143885867,0.6055787733722182,108.01800041547133,1067.1099415955482,30.69711382399959,112.15341809742242,108.01800041547133,0.0,0.0,True,True,True,True,True,False,False,False,,
1.1296293132370736,1.0174118343327192,78.78239608809434,159.6293976900748,11.36793539345275,130.65399386714603,68.36627425318315,0.0,0.0,True,True,True,True,True,False,False,False,,
1.089130471130865,1.0956723113703988,68.37815258442141,1060.3426004347882,13.163559032474694,124.28813184882787,68.37815258442141,0.0,0.0,True,True,True,True,True,False,False,False,,
0.8226022338668202,1.0765184399519772,71.44162870629185,401.98386107461073,12.86011687775188,127.00569660287513,71.44162870629185,0.0,0.0,True,True,True,True,True,False,False,False,,
0.533996716686983,0.8967140183375115,59.72354318281288,366.15195488611334,9.037466297374612,153.41912005754224,59.723543182812875,0.0,0.0,True,True,True,False,False,False,False,False,,
0.600909624780934,0.9312709077936503,106.26525934632974,1511.3122441667738,31.10821140850805,108.21343501824117,106.26525934632974,0.0,0.0,True,True,True,True,True,False,False,False,,
0.4825982979985778,0.72626262626416,91.61836689129609,679.6147245284473,21.27559634990106,123.66195726514376,91.61836689129609,0.0,0.0,True,True,True,True,True,False,False,False,,
0.4522365137043761,0.6114835542820373,72.22242623993037,1678.510970197435,15.690356997673344,138.28405215242904,72.22242623993037,0.0,0.0,True,True,True,True,True,False,False,False,,
0.66417107561923,0.89347196069987,60.82738642843684,1685.7635288375182,11.736999414785126,140.64089078482536,60.82738642843684,0.0,0.0,True,True,True,True,True,False,False,False,,
0.8747791126793676,0.5229675567288644,66.67887170347615,1720.2225465101208,13.741577784001747,136.36046291899584,66.67887170347615,0.0,0.0,True,True,True,True,True,False,False,False,,
0.5938825891269948,0.6107392127246342,62.848246735779895,1608.6826395849566,12.255943882592883,143.7065477133658,62.848246735779895,0.0,0.0,True,True,True,True,True,False,False,False,,
0.41118093575562814,0.985912833353422,66.8489812081397,631.3560573362475,11.669943820581475,143.69340807919392,66.8489812081397,0.0,0.0,True,True,True,True,True,False,False,False,,
0.5477684757080868,0.7086519381458002,50.48715539465343,1005.6438690799931,7.568793165983387,169.10659644451474,50.48715539465343,0.0,0.0,True,True,True,False,False,False,False,False,,
1.0247093807559848,0.7226026024200496,75.86260510750702,1643.792197975717,17.217209939076454,119.82314112672381,75.86260510750702,0.0,0.0,True,True,True,True,True,False,False,False,,
0.6535835815638895,0.9909155905267903,101.16067448903377,1740.2565515862407,28.74129192701722,106.94780533774444,101.16067448903377,0.0,0.0,True,True,True,True,True,False,False,False,,
0.7263623924634026,0.507851489739403,66.46235582269343,1474.631364761146,13.265449914104938,139.36574704475467,66.46235582269343,0.0,0.0,True,True,True,True,True,False,False,False,,
0.9959486936548696,0.9791644896781104,87.10920497975393,766.4698511142798,19.824586903458588,108.6238578009578,87.10920497975393,0.0,0.0,True,True,True,True,True,False,False,False,,
0.8757567618566517,0.5789014217930213,107.14747818899647,1109.4383389391405,30.498667721455725,109.98163454965056,107.14747818899647,0.0,0.0,True,True,True,True,True,False,False,False,,
0.7651223882984716,0.8061879353897022,67.15140668427529,900.8578645990737,12.391193045936241,133.18139562320113,67.15140668427529,0.0,0.0,True,True,True,True,True,False,False,False,,
0.8208924996438902,0.5886107376061678,97.8406993576583,865.6366429270435,24.945875103601466,113.63535330656532,97.8406993576583,0.0,0.0,True,True,True,True,True,False,False,False,,
0.8100363442985077,0.9525757914022257,101.7440169869488,332.28596274754824,17.189994219681477,116.15657870339273,83.52678177175906,0.0,0.0,True,True,True,True,True,False,False,False,,
0.6970725875755396,1.05652168520677,73.14891961451431,442.2256904762877,13.51600828335647,126.99866121242691,73.14891961451431,0.0,0.0,True,True,True,True,True,False,False,False,,
0.7162210078846459,0.7601579544999212,62.42960427432451,558.4535314922778,10.213529826902024,143.94478093694343,62.42960427432451,0.0,0.0,True,True,True,True,True,False,False,False,,
0.4002869796636342,0.7977648650327123,52.31969616414801,284.60668157932145,6.88831089894317,177.72819738719477,52.31969616414801,0.0,0.0,True,True,True,False,False,False,False,False,,
0.4548427726518125,0.8571808866257165,67.08647935087056,1613.2962161257017,13.687408797720733,138.8127662537196,67.08647935087056,0.0,0.0,True,True,True,True,True,False,False,False,,
0.5517346862814787,0.6000490953473382,99.9973950626966,676.834829662644,24.414544064767565,121.43560619136046,98.3838904619197,0.0,0.0,True,True,True,True,True,False,False,False,,
0.4910868702876393,0.6208279503696706,108.30158253921735,1406.2497199412765,31.184731359158075,121.36204600516761,108.30158253921735,0.0,0.0,True,True,True,True,True,False,False,False,,
0.5291922410211846,0.5776942315114021,91.39472757455579,1183.3135416117964,22.615822621810164,124.88168905964575,91.39472757455579,0.0,0.0,True,True,True,True,True,False,False,False,,
0.509971517131798,0.8331076397305319,81.66887872998856,1710.5302827593525,19.596982998152637,124.0217546748607,81.66887872998856,0.0,0.0,True,True,True,True,True,False,False,False,,
1.0546318925540203,0.5409934830436731,98.52045166259325,991.1470502950347,25.757067565978964,111.53104356286097,98.52045166259325,0.0,0.0,True,True,True,True,True,False,False,False,,
0.4325957549387104,0.8443458144254415,62.734519287509514,503.6568091285492,10.14695834669138,150.82219552095395,62.73451928750951,0.0,0.0,True,True,True,False,False,False,False,False,,
0.778821697526068,0.9860209980701771,107.51040653936903,1346.871060387202,31.426406889142875,101.39569162783893,107.51040653936903,0.0,0.0,True,True,True,True,True,False,False,False,,
0.7222369709073707,0.5857854704160085,50.58744256826043,1409.7014447441277,8.230943897619778,164.9600637469722,50.58744256826043,0.0,0.0,True,True,True,False,False,False,False,False,,
1.1913854282991556,0.5497836970779169,60.60968965230167,1581.1224624242607,11.51732316467358,141.33244985423408,60.60968965230167,0.0,0.0,True,True,True,True,True,False,False,False,,
0.9110187604858471,0.9896651571174631,93.49312057451792,862.8468724956497,22.92042349284894,105.32680209857241,93.49312057451792,0.0,0.0,True,True,True,True,True,False,False,False,,
0.9801312101221965,0.6284820158446853,99.10280462681031,153.56094043573316,9.50593312522639,146.72641001773096,62.45971373746486,0.0,0.0,True,True,True,True,True,False,False,False,,
0.6009385126450053,0.5799114174202467,58.264498514090505,912.825317743738,9.575203198151915,153.8359691782483,58.264498514090505,0.0,0.0,True,True,True,False,False,False,False,False,,
0.5687593876298843,0.5393789061648042,92.764692080911,1179.2917102369192,23.273714312603982,124.2673632460455,92.764692080911,0.0,0.0,True,True,True,True,True,False,False,False,,
0.8011785849516491,0.8568903391592828,72.78250891499299,503.93243858154074,13.539602322762482,127.1202176844201,72.78250891499299,0.0,0.0,True,True,True,True,True,False,False,False,,
0.4029786375868842,0.9505113661953148,79.28269897609673,1727.9522066463135,18.588892380740443,129.8211968761204,79.28269897609673,0.0,0.0,True,True,True,True,True,False,False,False,,
0.901847853541261,0.644667418571672,78.45876114680208,879.2643084990905,16.50963393972639,121.92974227593476,78.45876114680208,0.0,0.0,True,True,True,True,True,False,False,False,,
0.9186223177426823,0.6733483083308063,107.86389814517388,684.0382193472545,29.45804643087101,105.86412958719536,107.86389814517388,0.0,0.0,True,True,True,True,True,False,False,False,,
0.851465914203843,0.584013929443403,72.26525749469205,1610.7579347490948,15.697127353523282,128.65427141803016,72.26525749469205,0.0,0.0,True,True,True,True,True,False,False,False,,
0.5560654532968867,0.5002321820045355,61.678883760712445,1582.172055660409,11.812513589154655,149.37182266650177,61.67888376071245,0.0,0.0,True,True,True,True,True,False,False,False,,
0.7795887732797702,0.563938834579006,91.39780847920522,233.32051067584612,11.575671044517259,139.71600019992835,68.66362788341907,0.0,0.0,True,True,True,True,True,False,False,False,,
1.148547346380425,0.6997542923868836,77.09679576239532,1456.3378244630396,17.314707533462173,118.13693152869129,77.09679576239532,0.0,0.0,True,True,True,True,True,False,False,False,,
0.5808605524292133,0.864021619219307,65.0120196750878,1796.3725533408574,13.346513193810093,136.7991000199952,65.0120196750878,0.0,0.0,True,True,True,True,True,False,False,False,,
0.542687770110303,0.7216608638374682,102.58188639177067,1343.8214116252482,28.535794386364564,116.24041333834518,102.58188639177067,0.0,0.0,True,True,True,True,True,False,False,False,,
0.9889297841586703,0.7439927379398621,109.39989110120683,849.2657647392488,30.885738067115273,101.98418824284823,109.39989110120683,0.0,0.0,True,True,True,True,True,False,False,False,,
1.1793840802871944,0.7328570182661795,85.91142234192336,1679.1895882994395,21.50214431933681,110.21449883450488,85.91142234192336,0.0,0.0,True,True,True,True,True,False,False,False,,
1.1742559091118703,0.7188361009629256,80.4869705190277,609.8240985755294,16.72418312258787,116.61808495166011,80.4869705190277,0.0,0.0,True,True,True,True,True,False,False,False,,
0.8697352593255112,0.9079332346369844,105.62884868124195,839.5299950777855,28.788332547366128,101.82996592479196,105.62884868124195,0.0,0.0,True,True,True,True,True,False,False,False,,
0.6128811015276523,0.9541808285115628,88.073719957464,624.5757368798544,19.717023477290173,116.33949969100016,88.073719957464,0.0,0.0,True,True,True,True,True,False,False,False,,
0.4458409676793078,0.5510010638281503,94.14149370624517,1404.4130813040847,24.334034989127822,129.56124411341798,94.14149370624517,0.0,0.0,True,True,True,True,True,False,False,False,,
1.1167837134268366,0.6510255228675459,59.265428565648435,1430.102048800854,10.816712518547359,141.96935039457833,59.265428565648435,0.0,0.0,True,True,True,True,True,False,False,False,,
1.1746319355213988,0.7036889380110904,56.036139656432105,1289.4101943773246,9.592961666980738,147.31915560976483,56.036139656432105,0.0,0.0,True,True,True,True,True,False,False,False,,
0.7858358185591525,0.8223534629482987,89.75120645587492,719.9756433302005,20.786094997052675,112.54755471981002,89.75120645587492,0.0,0.0,True,True,True,True,True,False,False,False,,
0.9735241545052269,0.5302570200061043,54.256781266405824,1191.2480437964107,8.909529840387934,156.207069185445,54.256781266405824,0.0,0.0,True,True,True,False,False,False,False,False,,
0.44133746778728644,1.0655428351236003,71.85033020280972,452.5935585841777,12.99178557827381,136.65187044681406,71.85033020280972,0.0,0.0,True,True,True,True,True,False,False,False,,
0.7776224179551301,0.9597028809813912,72.6093427739084,1448.825749575697,15.474453190360755,122.9848785607495,72.6093427739084,0.0,0.0,True,True,True,True,True,False,False,False,,
0.857365380088061,0.936896667793097,103.27674750134855,1718.9796384189997,29.893438563301395,101.8311919031993,103.27674750134855,0.0,0.0,True,True,True,True,True,False,False,False,,
1.0060059743560705,0.506029464459525,99.60407966361508,1507.2965303823012,27.045253755644136,113.47239149874873,99.60407966361508,0.0,0.0,True,True,True,True,True,False,False,False,,
1.019560745830195,0.7514405316570744,98.48492066699701,1359.5330819758742,26.84233893036589,104.84416464347562,98.48492066699701,0.0,0.0,True,True,True,True,True,False,False,False,,
0.8844440118696395,0.9300164223856093,85.64975848698543,1733.5416609781694,21.534231030523152,110.3265686486276,85.64975848698543,0.0,0.0,True,True,True,True,True,False,False,False,,
0.9042362844003634,0.8241315690998056,92.63758336326703,771.343783408714,22.266515100040582,108.6411462078843,92.63758336326703,0.0,0.0,True,True,True,True,True,False,False,False,,
0.6508341460924242,0.9054857840651569,60.59289887620715,1165.6675969396756,10.732144889038238,142.58398901216765,60.59289887620715,0.0,0.0,True,True,True,True,True,False,False,False,,
0.6549401975540757,0.6543715120018886,56.86639032845815,641.6936501909433,8.716265352859235,156.28349181998695,56.86639032845815,0.0,0.0,True,True,True,False,False,False,False,False,,
1.1218541516704854,0.6101770681297003,77.59680501429868,865.0837679943123,16.172197865590476,121.2956180998288,77.59680501429868,0.0,0.0,True,True,True,True,True,False,False,False,,
0.8369041591063362,0.9584001723962818,99.20644600101056,877.3460327298649,25.653967140269064,104.15216175254335,99.20644600101056,0.0,0.0,True,True,True,True,True,False,False,False,,
0.4843074710373031,0.5113593713416742,68.71401044532305,917.7642090350915,12.89008852997089,144.60620865741532,68.71401044532305,0.0,0.0,True,True,True,True,True,False,False,False,,
0.6823603066931292,0.7181749683033399,96.94228488043058,454.7086444658197,19.99067531485563,117.92443578639191,89.67904644915097,0.0,0.0,True,True,True,True,True,False,False,False,,
0.6736106053454491,1.0252051142090406,82.09633209297866,1019.1920742064108,18.242344544360307,116.78121275402566,82.09633209297866,0.0,0.0,True,True,True,True,True,False,False,False,,
0.9170544384926526,0.860399339374107,84.59923694993377,544.1886513350779,18.180454327069196,113.90226700462728,84.59923694993377,0.0,0.0,True,True,True,True,True,False,False,False,,
1.0198670136107013,1.0725378401657657,64.28946209735552,1185.412352870685,11.999390586809742,130.40774005633673,64.28946209735552,0.0,0.0,True,True,True,True,True,False,False,False,,
1.0529191417273769,0.7360793777008248,54.99369133939468,371.6040246276408,7.775632017262296,158.26503885029936,54.99369133939468,0.0,0.0,True,True,True,False,False,False,False,False,,
0.4408298380672482,1.0639582005518498,71.03985629921306,932.0981678279077,13.70821954128849,134.92923829560576,71.03985629921306,0.0,0.0,True,True,True,True,True,False,False,False,,
1.1063822401063192,0.5306079462210006,92.03480983523309,108.7068502895888,7.567138367243764,163.052055996826,55.8339756395035,0.0,0.0,True,True,True,False,False,False,False,False,,
0.7451744846099662,0.8428896040296601,84.02179535126777,1068.9850230539007,19.197865168970004,115.9057076813007,84.02179535126777,0.0,0.0,True,True,True,True,True,False,False,False,,
1.0756281287071783,0.893920610789954,68.20916832223122,1617.4155081587655,14.21055462703004,125.078874409231,68.20916832223122,0.0,0.0,True,True,True,True,True,False,False,False,,
1.1881443432660899,0.5240475605174513,96.90356840221924,1582.548972423123,25.935109196422598,111.40133880964248,96.90356840221924,0.0,0.0,True,True,True,True,True,False,False,False,,
0.5299847124015096,0.5492663680463304,54.67104604839629,1703.650710775641,9.832776776529952,159.8862689634388,54.67104604839629,0.0,0.0,True,True,True,False,False,False,False,False,,
0.7627241251889072,0.8906517011560429,85.26184982635834,938.3250715744964,19.403917370127502,114.27418191909113,85.26184982635834,0.0,0.0,True,True,True,True,True,False,False,False,,
1.1450056592225515,0.5736429967361024,97.0511315358979,1120.106464981091,25.444949923290267,109.59226346285936,97.0511315358979,0.0,0.0,True,True,True,True,True,False,False,False,,
0.5957559504897172,1.0875440136498151,80.28235636516266,240.65659793783473,9.182874803671876,149.431725439092,60.960789023587346,0.0,0.0,True,True,True,True,True,False,False,False,,
0.650142720571686,0.9211930363939671,92.83905028408452,1257.2748605486502,23.593057355635384,111.66180764655851,92.83905028408452,0.0,0.0,True,True,True,True,True,False,False,False,,
1.135833390021183,1.0579079190331306,59.106663774741875,1480.182812854572,10.85483233442886,137.3984442134636,59.106663774741875,0.0,0.0,True,True,True,True,True,False,False,False,,
0.5156677649145849,0.8517102055920444,108.25436012519508,1739.0647791339827,31.885435662024115,113.42004633671476,108.25436012519508,0.0,0.0,True,True,True,True,True,False,False,False,,
0.42215155272089533,0.8784470794191805,84.87083097569806,716.1906005115966,18.455586741703524,127.79047744812952,84.87083097569806,0.0,0.0,True,True,True,True,True,False,False,False,,
0.9849350311687509,0.960932080549302,67.83098977168862,1711.9139634292153,14.251682176607407,125.63989683692117,67.83098977168862,0.0,0.0,True,True,True,True,True,False,False,False,,
1.1372342189979583,0.746120937102961,91.13054809992761,554.3563682050437,21.051766682450193,108.69983551813822,91.13054809992761,0.0,0.0,True,True,True,True,True,False,False,False,,
1.1974858034810527,0.9296198407530952,80.50114268820457,1056.8032185379548,17.79091699672988,111.72728536624835,80.50114268820457,0.0,0.0,True,True,True,True,True,False,False,False,,
0.8303841706912243,0.5845128342648417,89.2091067026119,829.6782526445263,20.859156225514738,117.5353573839297,89.2091067026119,0.0,0.0,True,True,True,True,True,False,False,False,,
0.981309141503195,0.94762427024216,95.96044043801696,203.84670527627173,12.66178957693101,126.93098933661656,72.00659406156866,0.0,0.0,True,True,True,True,True,False,False,False,,
0.5295863120341296,0.8353934753853753,104.76050436623369,821.3011891142793,27.925509119819836,114.22602603270327,104.76050436623369,0.0,0.0,True,True,True,True,True,False,False,False,,
0.8495801536532492,0.6989268059844703,81.66277068103159,1782.018385646818,19.589335667767674,117.83494283758994,81.66277068103159,0.0,0.0,True,True,True,True,True,False,False,False,,
0.43830174774686614,0.9385204403466219,85.4209828963175,740.3623182694199,18.759884249018935,125.57590929060139,85.4209828963175,0.0,0.0,True,True,True,True,True,False,False,False,,
0.5896398874660056,0.5243251144914135,108.36227909105219,856.4677893124051,29.978991676750432,120.8307096574201,108.36227909105219,0.0,0.0,True,True,True,True,True,False,False,False,,
1.008543902868257,0.6292078359056212,99.71937827670408,1432.2820520035345,27.55953846999899,108.00523245184004,99.71937827670408,0.0,0.0,True,True,True,True,True,False,False,False,,
0.6250550673267012,0.6669992144984985,74.77157349193392,354.06766688888524,13.880774379826436,132.47002315547638,74.77157349193392,0.0,0.0,True,True,True,True,True,False,False,False,,
1.116654517003996,0.7117650343946058,62.79517484275652,1364.6494988739216,11.840964041753885,135.32117649395423,62.79517484275652,0.0,0.0,True,True,True,True,True,False,False,False,,
0.8483162041563096,0.6567157891368494,81.08286237575413,1326.458771362898,18.61418832840084,119.4692687711782,81.08286237575413,0.0,0.0,True,True,True,True,True,False,False,False,,
1.0250530083609606,0.8333913538182766,106.73974763302978,379.48134823380815,24.79085863955648,103.85238454436146,100.4120603235116,0.0,0.0,True,True,True,True,True,False,False,False,,
0.8328784086686882,1.0939518860659576,62.16430168334481,1617.010052519779,12.073415705755101,134.32772917329663,62.16430168334481,0.0,0.0,True,True,True,True,True,False,False,False,,
0.721999295989407,0.8534964616323217,80.75949489261271,1230.4668033591006,18.214519536279575,118.3095422481499,80.75949489261271,0.0,0.0,True,True,True,True,True,False,False,False,,
1.067801780468732,0.5524317733103172,64.6345410117572,1207.9398616260407,12.160710888941352,136.80196310966002,64.6345410117572,0.0,0.0,True,True,True,True,True,False,False,False,,
1.0782369332358597,0.7940532753465228,65.58311091806736,844.3995530442725,11.78710873517239,132.28648479526814,65.58311091806736,0.0,0.0,True,True,True,True,True,False,False,False,,
0.8417725786238288,0.7431134368628123,84.10902812286527,1477.6305179572184,20.283818546452906,115.29744165662191,84.10902812286527,0.0,0.0,True,True,True,True,True,False,False,False,,
0.8327036891377155,0.8088296716894128,91.59624303852152,1734.043389408917,24.04615598882933,109.71168819056517,91.59624303852152,0.0,0.0,True,True,True,True,True,False,False,False,,
0.5855679065479468,0.5557843434200647,106.12181144915542,1090.0814658217619,29.599963017982812,119.58851854071861,106.12181144915542,0.0,0.0,True,True,True,True,True,False,False,False,,
0.498701712585391,1.0495794288239053,90.5656664618723,733.3981396377012,20.98283319237932,118.14236429316574,90.5656664618723,0.0,0.0,True,True,True,True,True,False,False,False,,
0.6481139186183946,0.9545495405622031,57.97910063101732,1121.3202775022542,9.854775028388065,147.0790471639345,57.97910063101732,0.0,0.0,True,True,True,True,True,False,False,False,,
0.8949210481739422,1.0739920861050303,107.52803113546514,1621.7874522208626,32.32776868475691,97.61856846946357,107.52803113546514,0.0,0.0,True,True,True,True,True,False,False,False,,
1.1333325858968495,0.8903192935710327,102.76684637909167,1082.6264989122096,28.222510031684408,98.98814550167029,102.76684637909167,0.0,0.0,True,True,True,True,True,False,False,False,,
1.1571719531755809,0.5932642798138656,62.45769700718933,657.6138647803414,10.437626900969729,141.25784071869305,62.45769700718933,0.0,0.0,True,True,True,True,True,False,False,False,,
0.831053959331294,0.8247506263951141,53.27839740288569,1523.7815592291408,9.161906629417329,153.5854233782067,53.27839740288569,0.0,0.0,True,True,True,False,False,False,False,False,,
1.1918656295762542,1.0309946208318577,71.7935667995302,1128.52456675233,14.543582538296993,119.4251580066222,71.7935667995302,0.0,0.0,True,True,True,True,True,False,False,False,,
1.1324306853083488,0.8389082877775522,68.97000097299106,1138.0741104112617,13.531835564255069,125.36899141356638,68.97000097299106,0.0,0.0,True,True,True,True,True,False,False,False,,
0.6411588317771335,0.8612177746999661,77.07196310674917,359.1798840894225,14.72977442266349,126.51286946619761,77.07196310674917,0.0,0.0,True,True,True,True,True,False,False,False,,
0.8120681709185096,0.7273014876346704,75.62894836388394,977.2681535989839,15.61492182513799,123.76840696505141,75.62894836388394,0.0,0.0,True,True,True,True,True,False,False,False,,
1.1976405553446106,0.5652151661976638,61.56599454580626,1242.7149507777374,11.220607067354457,140.0541739355564,61.565994545806255,0.0,0.0,True,True,True,True,True,False,False,False,,
1.0312573968128929,0.61572537254831,61.42387352191174,602.8844558997355,10.013325799207202,143.9894155573471,61.42387352191173,0.0,0.0,True,True,True,True,True,False,False,False,,
0.48178035773705696,0.7235753173776897,58.2529346546565,638.4595927827146,9.07915612319908,156.95134138419894,58.25293465465649,0.0,0.0,True,True,True,False,False,False,False,False,,
0.7176189145837473,1.077623061540548,80.24260472616652,345.7494882444725,15.894302236177408,119.61114910916127,80.19461562019787,0.0,0.0,True,True,True,True,True,False,False,False,,
0.674190470061145,0.7414140298688477,53.478397276768305,264.44900303550634,7.183850938931532,167.89712988971104,53.478397276768305,0.0,0.0,True,True,True,False,False,False,False,False,,
0.5106730795207582,0.6218759746428628,50.09673202133363,979.4636184565212,7.424502136829566,172.50204858895918,50.09673202133363,0.0,0.0,True,True,True,False,False,False,False,False,,
1.0586462956467189,0.6321514173875583,90.40652559361985,1684.1883482651492,23.283881103368543,111.38053760997467,90.40652559361985,0.0,0.0,True,True,True,True,True,False,False,False,,
0.4653043151302248,1.0926491229948352,70.97412001407666,1260.5648805576054,14.376900186854463,132.40739624809586,70.97412001407666,0.0,0.0,True,True,True,True,True,False,False,False,,
0.4891274141208398,0.9704155599683995,89.1904601728011,829.0324291623318,20.634075718210802,119.97029777399496,89.1904601728011,0.0,0.0,True,True,True,True,True,False,False,False,,
0.8197128926531086,0.9641958936038659,89.38946469413602,381.81807810983986,19.73538926935787,111.29277259732555,89.38946469413602,0.0,0.0,True,True,True,True,True,False,False,False,,
0.6860089764639374,1.0989221514497078,74.52009344529282,881.1971879026779,14.956170067831092,123.01821495323097,74.52009344529282,0.0,0.0,True,True,True,True,True,False,False,False,,
0.5562288797109591,0.6574424736901622,104.3993406193079,1656.878518598245,29.547494079424386,117.13190564786296,104.3993406193079,0.0,0.0,True,True,True,True,True,False,False,False,,
0.6856802233440235,0.6263310167880847,103.88044525344623,303.69790558356215,13.3291178034666,133.6289655930972,73.46816772693154,0.0,0.0,True,True,True,True,True,False,False,False,,
0.9260502641444148,0.7895971404882559,70.52355189748843,1626.2400796183956,15.074864470755985,125.12293394948222,70.52355189748843,0.0,0.0,True,True,True,True,True,False,False,False,,
0.7825718123248329,1.0513410685378055,56.1918167307027,185.08488271560813,7.774401597602898,157.9870092415566,56.1918167307027,0.0,0.0,True,True,True,False,False,False,False,False,,
0.6225452232272302,0.8472918590499976,56.572650899043325,427.6747193966944,8.270432114182501,157.62334728412293,56.572650899043325,0.0,0.0,True,True,True,False,False,False,False,False,,
1.1893233838798418,0.5994916860248977,107.8101251841517,350.03643508322733,26.442032891147203,106.72664636522988,103.87812537978637,0.0,0.0,True,True,True,True,True,False,False,False,,
1.1304589791565973,0.6409302053713233,51.33895035584438,1361.4107681475593,8.374018965402778,158.81583327313,51.33895035584438,0.0,0.0,True,True,True,False,False,False,False,False,,
0.6347032851502293,0.6762153983708595,81.47875444282067,508.216250519342,16.745666918098113,125.34257998624618,81.47875444282067,0.0,0.0,True,True,True,True,True,False,False,False,,
0.9654236555664838,0.5031536485449505,96.95953981190058,567.4716251730367,23.702713829218485,115.76392352959411,96.95953981190058,0.0,0.0,True,True,True,True,True,False,False,False,,
0.9093861173545398,0.5454550151943306,99.65465181508299,377.5164005301798,21.920850904245746,116.22300181365858,94.33211469437917,0.0,0.0,True,True,True,True,True,False,False,False,,
0.7270453418572158,0.8665455328390466,60.847067019724705,340.2300297932509,9.345433171311708,147.59352766166808,60.847067019724705,0.0,0.0,True,True,True,True,True,False,False,False,,
0.9943085004746064,0.7686214586075519,76.68366868946472,1484.6134928245074,17.191119635330484,118.60307589667401,76.68366868946472,0.0,0.0,True,True,True,True,True,False,False,False,,
0.698367157670666,0.6079729125398974,81.49948177923716,247.50107268783898,11.032138971004517,142.4600390428121,66.93417966433421,0.0,0.0,True,True,True,True,True,False,False,False,,
1.0487409913967336,0.7633042635812981,92.9121561671001,493.42445312107225,21.65697468852117,108.43951589668887,92.9121561671001,0.0,0.0,True,True,True,True,True,False,False,False,,
0.8667224725112685,0.8365519430848167,71.14600152086763,1387.3812361912076,14.807866544659177,124.76752216180441,71.14600152086763,0.0,0.0,True,True,True,True,True,False,False,False,,
0.9743198758109833,0.8467773068972226,58.03012531912786,555.5993995216139,8.923695215395192,148.2988186606253,58.03012531912786,0.0,0.0,True,True,True,True,True,False,False,False,,
0.665402452152062,0.5195636705561436,107.8780476702937,1269.6288518478,30.778566732996254,118.1840619660506,107.8780476702937,0.0,0.0,True,True,True,True,True,False,False,False,,
0.8010356056310015,0.6072238724626777,57.76102222345925,456.1065113241875,8.66604666878227,154.93435769094705,57.76102222345925,0.0,0.0,True,True,True,False,False,False,False,False,,
0.4462144068876107,0.8749048137741302,75.56221181673129,397.9855302342787,11.550836075377603,143.44880287646316,67.84579471287077,0.0,0.0,True,True,True,True,True,False,False,False,,
1.1571708419993074,0.9361215360197811,99.75684551559155,264.8935561120839,19.40627945154633,107.86998193997326,89.13575273467677,0.0,0.0,True,True,True,True,True,False,False,False,,
0.6458262609572512,0.6181259374236219,76.10170429133126,627.5221232388313,14.974311737928728,130.325771541725,76.10170429133126,0.0,0.0,True,True,True,True,True,False,False,False,,
0.7216323770239987,0.7596309064837752,61.3589731323483,222.51781371746264,9.283663871585993,149.21354239863712,61.35897313234829,0.0,0.0,True,True,True,True,True,False,False,False,,
1.1107582004027645,0.8162069789195552,103.68357120741601,540.2819249987735,26.934953207646082,101.22716431791402,103.68357120741601,0.0,0.0,True,True,True,True,True,False,False,False,,
0.7082915541954854,0.9988622712172968,106.50069044481347,1160.7448398578983,30.186636553165986,103.49719155611932,106.50069044481347,0.0,0.0,True,True,True,True,True,False,False,False,,
0.7817030414756738,0.5776072954964638,101.13164132763492,532.5908233669077,25.488914340000484,114.3422394978181,101.13164132763492,0.0,0.0,True,True,True,True,True,False,False,False,,
0.7437580098506769,0.8577044983813347,107.47196102308997,114.09932166954005,5.376922972276952,192.37425381387652,46.90021761051515,0.0,0.0,True,True,True,False,False,False,False,False,,
1.0583996720410318,0.9139942589667062,80.47149938140217,1376.613820740446,18.51679069452217,112.54862385441561,80.47149938140217,0.0,0.0,True,True,True,True,True,False,False,False,,
0.5239888499572851,0.7729162320541797,95.45407449096719,1764.0121225883795,25.546722367402882,117.95788717550205,95.45407449096719,0.0,0.0,True,True,True,True,True,False,False,False,,
1.193062239218162,1.0368334245466797,109.93002449834978,1333.2179118237002,32.97117249822644,93.137314058122,109.93002449834978,0.0,0.0,True,True,True,True,True,False,False,False,,
1.1647430357900777,0.5959059787976019,103.31393655280883,160.5437376742571,11.783987765267922,134.20536510217147,69.61923465723481,0.0,0.0,True,True,True,True,True,False,False,False,,
0.6767274498314592,0.9214265472668333,103.42740448820712,1519.5752486448473,29.705942500799235,106.528086325767,103.42740448820712,0.0,0.0,True,True,True,True,True,False,False,False,,
0.9277023847110035,1.072746354855774,99.12530480973336,274.653444577063,16.19249935672284,115.49251819865466,81.26702474339636,0.0,0.0,True,True,True,True,True,False,False,False,,
0.8776329419359683,0.8899786824874988,53.388495170057645,737.7565801834534,7.933027315699602,157.69850023854866,53.388495170057645,0.0,0.0,True,True,True,False,False,False,False,False,,
0.922557818825478,0.6058987305360478,68.00702829745222,445.8918191306217,11.80094492478437,136.0892603911419,68.00702829745222,0.0,0.0,True,True,True,True,True,False,False,False,,
0.4349246396872718,0.6736049586587675,72.3279579238064,314.7093743682367,8.87852957240032,160.36943236110656,59.5633813990261,0.0,0.0,True,True,True,False,False,False,False,False,,
0.5647709873371355,0.7338372059312528,52.168283307659365,1155.1830745365398,8.248085018441067,163.10659564885182,52.168283307659365,0.0,0.0,True,True,True,False,False,False,False,False,,
0.5720608671543681,0.7294341405630804,90.69436265671588,1177.3643066474358,22.31952187577994,118.99109594293235,90.69436265671588,0.0,0.0,True,True,True,True,True,False,False,False,,
0.9388544410565116,0.917635672641141,92.9073485296856,1080.5523493575924,23.270777315451177,105.76807201101069,92.9073485296856,0.0,0.0,True,True,True,True,True,False,False,False,,
0.5092410089367774,0.7369757011747273,59.483906971812424,1608.405494594931,11.141677560974012,148.64749775414637,59.48390697181243,0.0,0.0,True,True,True,True,True,False,False,False,,
0.6957855703173237,0.6046880459119317,70.88027886525398,1068.0974359726802,14.01975832122569,132.97221331066822,70.88027886525398,0.0,0.0,True,True,True,True,True,False,False,False,,
1.0694490616584895,0.7056479223687853,103.9824097900896,857.1134578033138,28.0993369541597,103.67087223322034,103.9824097900896,0.0,0.0,True,True,True,True,True,False,False,False,,
0.9310018032887167,0.8360064402347853,96.67523534514268,311.03018704912915,18.42997028420907,113.46759066221279,86.63512981070393,0.0,0.0,True,True,True,True,True,False,False,False,,
0.9070761285833556,0.9147912778973959,59.452433888138685,115.41817010035511,6.609252200701654,170.6565981827513,52.092651056753674,0.0,0.0,True,True,True,False,False,False,False,False,,
0.6041845947593102,0.7113512847643536,101.67316316477304,1381.1308141456743,28.26907315719578,114.06632660958131,101.67316316477304,0.0,0.0,True,True,True,True,True,False,False,False,,
0.5423537252743967,0.7582102379225617,87.1638797412979,1569.5647142558346,21.737779037763755,120.91335107192451,87.1638797412979,0.0,0.0,True,True,True,True,True,False,False,False,,
0.8095016507417252,0.5811718299669735,75.97882694890141,1718.3251789392425,17.165649960120216,126.0264849204034,75.97882694890141,0.0,0.0,True,True,True,True,True,False,False,False,,
1.042092217089277,0.5646459587890426,108.15469751261915,635.0029060337878,29.51203216953403,107.99655688900832,108.15469751261915,0.0,0.0,True,True,True,True,True,False,False,False,,
1.014799079505771,0.7438502588362569,80.0683475099215,1115.5743371102744,17.726289334205752,116.42505353643297,80.0683475099215,0.0,0.0,True,True,True,True,True,False,False,False,,
0.8022861918870827,0.5859871415890247,77.76639039895049,451.9783839373189,15.244169882160081,127.25937661286542,77.76639039895049,0.0,0.0,True,True,True,True,True,False,False,False,,
0.7582048523927819,0.7868880117796633,92.73621479807437,1510.575304119944,24.320052947169067,111.09479352076643,92.73621479807437,0.0,0.0,True,True,True,True,True,False,False,False,,
0.7243952011583031,0.5443484982693285,78.02625035454783,525.380250686009,15.48938804414087,129.45256634545785,78.02625035454783,0.0,0.0,True,True,True,True,True,False,False,False,,
0.6817310425377767,0.8013866385659654,55.98446713956805,499.22264648255646,8.234627373883015,157.43992142960803,55.98446713956805,0.0,0.0,True,True,True,False,False,False,False,False,,
0.9420471686769173,0.887197295675485,61.38953190853105,308.7338776814927,9.467363970010565,144.0307633856441,61.389531908531055,0.0,0.0,True,True,True,True,True,False,False,False,,
0.46700650652818115,0.682983611772062,92.22143276993683,1436.181668456362,23.625374833180658,124.35301724011627,92.22143276993683,0.0,0.0,True,True,True,True,True,False,False,False,,
0.6317790875787466,0.8152254095161764,99.59021134629683,443.5127531462583,18.07752241975,120.3162587243106,85.22228569287711,0.0,0.0,True,True,True,True,True,False,False,False,,
0.43205113413803464,0.6624948153028737,96.4286945267855,206.8240262279593,5.769927183448267,193.061345567386,48.12664280999115,0.0,0.0,True,True,True,False,False,False,False,False,,
0.5226758791371755,0.7562568689904537,53.824152863852184,965.5627785580335,8.390726627183456,161.45750598635342,53.824152863852184,0.0,0.0,True,True,True,False,False,False,False,False,,
0.45386008956357626,0.7866121402755799,94.43845599926861,1196.0789646621752,23.962899337358152,122.02970141228569,94.43845599926861,0.0,0.0,True,True,True,True,True,False,False,False,,
0.6648060478553007,0.6434961755144994,106.3706226477249,186.54914557192976,7.903106790010632,162.30702111982447,56.69719997622502,0.0,0.0,True,True,True,False,False,False,False,False,,
0.7322131492106578,0.8621972659360175,97.73759170773938,1374.8344132107334,26.368318549755514,108.06391886659306,97.73759170773938,0.0,0.0,True,True,True,True,True,False,False,False,,
1.0625033190548798,0.5717332675420881,97.48304308714546,274.9206288581946,18.52368191935068,117.82568671895325,87.01343442336717,0.0,0.0,True,True,True,True,True,False,False,False,,
1.0968838039744266,0.7665963704621096,102.18538374691808,748.5264824343318,26.846593432830755,102.61425998386824,102.18538374691808,0.0,0.0,True,True,True,True,True,False,False,False,,
0.6279063690750467,0.9488023517437549,102.29523774614373,201.05004271766978,8.060786940576145,158.3112430092178,57.20276577465538,0.0,0.0,True,True,True,False,False,False,False,False,,
0.847976303863575,0.5499327535581664,58.75172176665514,1293.2552309586574,10.403765189934191,147.83977900374785,58.75172176665513,0.0,0.0,True,True,True,True,True,False,False,False,,
1.0798889217089278,0.5594318797449996,105.0018478857997,889.2598515279614,28.737017140318187,108.31100767574951,105.0018478857997,0.0,0.0,True,True,True,True,True,False,False,False,,
1.064047982143296,0.828575819730349,62.4850084881848,1230.1228705264955,11.489262864447575,134.92336094770218,62.485008488184796,0.0,0.0,True,True,True,True,True,False,False,False,,
1.0292415930585523,0.7006180403243117,79.94306369984137,1014.520849197851,17.439861977911505,117.48361998087124,79.94306369984137,0.0,0.0,True,True,True,True,True,False,False,False,,
1.0506984435794833,0.5015372676962696,106.2222653278775,1466.622824823688,30.173988334852172,111.26479854344372,106.2222653278775,0.0,0.0,True,True,True,True,True,False,False,False,,
0.9667424586690895,0.5568677239092962,109.77732156983981,1485.1221506920858,32.178544914756294,108.77463419652035,109.77732156983981,0.0,0.0,True,True,True,True,True,False,False,False,,
1.0982437415234072,0.6242437807147839,101.85339929200401,1398.9702016290416,28.60754795696286,106.27967019360827,101.85339929200401,0.0,0.0,True,True,True,True,True,False,False,False,,
0.6778612611524665,0.9323820547537666,96.29708860622884,197.80777671347653,8.545145941840195,153.5665614378794,58.95349909368157,0.0,0.0,True,True,True,False,False,False,False,False,,
0.5968789058944388,0.5136531187935982,68.11046266050027,1120.993658259463,13.122288140347905,140.76359140235678,68.11046266050027,0.0,0.0,True,True,True,True,True,False,False,False,,
1.1834705748714116,0.7670952545773674,50.20504815679333,1277.9144162053517,7.941081947047228,160.20400693039934,50.20504815679333,0.0,0.0,True,True,True,False,False,False,False,False,,
0.542048052022107,1.015749391534642,66.38106664199277,730.4008569002358,11.758028982217784,137.994780794891,66.38106664199277,0.0,0.0,True,True,True,True,True,False,False,False,,
0.8170209191791242,0.9638530316693881,96.81246335162206,924.5052976166959,24.62438159853802,105.47923086802867,96.81246335162206,0.0,0.0,True,True,True,True,True,False,False,False,,
1.0714818098373629,0.6118671756038132,91.63669465658043,827.7527307847865,22.016794861869062,111.91724215394814,91.63669465658043,0.0,0.0,True,True,True,True,True,False,False,False,,
0.7014600034933114,0.8598875824493932,108.19279555245632,1040.988234150344,30.672111948283025,105.688495034683,108.19279555245632,0.0,0.0,True,True,True,True,True,False,False,False,,
0.9210292153644815,0.757158591164341,98.75171174424696,1721.1533278260256,27.37403770759295,105.92025714446171,98.75171174424696,0.0,0.0,True,True,True,True,True,False,False,False,,
1.0379142879295182,0.6582405783580051,54.54980074532743,522.8362786285699,7.903580584393086,158.50055218183678,54.54980074532743,0.0,0.0,True,True,True,False,False,False,False,False,,
1.086151102838651,0.9740924727242004,95.33840893413031,1689.9455746493738,26.096716640378805,101.34090954515952,95.33840893413031,0.0,0.0,True,True,True,True,True,False,False,False,,
0.4209123325736787,0.549154179688091,51.616480650820066,1346.672525987047,8.381119268189163,170.6297654043698,51.616480650820066,0.0,0.0,True,True,True,False,False,False,False,False,,
0.49057099282840655,0.8260549082467135,105.2127970820745,1280.6171347704621,29.59687238882461,116.0049422622694,105.2127970820745,0.0,0.0,True,True,True,True,True,False,False,False,,
0.5515681771273588,0.73003295069203,74.44740069694629,1746.8932353590806,16.678994698549197,129.62515474273252,74.44740069694629,0.0,0.0,True,True,True,True,True,False,False,False,,
1.053707438565994,0.7359001117713357,88.3523769124637,982.3294433079664,20.94850106445364,110.48695564405224,88.3523769124637,0.0,0.0,True,True,True,True,True,False,False,False,,
0.6442633187987581,1.0615095487044968,56.88959331231046,1652.8420354566895,10.42935450623424,146.55805859016633,56.88959331231046,0.0,0.0,True,True,True,True,True,False,False,False,,
1.0028521066400211,0.6712634660582995,93.03751636514968,1635.259147651444,24.536206704010038,109.57627265412188,93.03751636514968,0.0,0.0,True,True,True,True,True,False,False,False,,
0.7540816337589278,0.8923728525234076,56.133062196592576,103.43581837400731,4.93822981868239,201.48433034406617,44.96371203039804,0.0,0.0,True,True,True,False,False,False,False,False,,
0.9029380560881687,0.647968099788377,84.48028833741049,741.8294834868219,18.622704987564248,117.60274396708598,84.48028833741049,0.0,0.0,True,True,True,True,True,False,False,False,,
1.0828615788942924,0.7354862436096044,95.24669566359836,277.81012148836135,19.074047476546287,112.36314304337563,88.30351739278167,0.0,0.0,True,True,True,True,True,False,False,False,,
0.7200687304027613,0.9676167044102884,69.88297423858725,1044.7809976966178,13.619530077184132,128.02581829932487,69.88297423858725,0.0,0.0,True,True,True,True,True,False,False,False,,
0.9450045574514913,0.5859197561011316,81.91227135748603,592.4206670048393,17.214183325176982,121.1901006957719,81.91227135748603,0.0,0.0,True,True,True,True,True,False,False,False,,
0.7979441871731957,0.5212469933291182,105.58172895044808,985.373957160887,29.197060242167996,114.7892204103733,105.58172895044808,0.0,0.0,True,True,True,True,True,False,False,False,,
0.6165916448372142,0.8594377015834866,101.61460130189397,1629.7341773389082,28.739188617700474,110.2119175345217,101.61460130189397,0.0,0.0,True,True,True,True,True,False,False,False,,
0.9247982387935527,0.6496194200688457,51.839620699541435,1493.0940380817126,8.71195662162176,158.37145976408598,51.839620699541435,0.0,0.0,True,True,True,False,False,False,False,False,,
0.8512070671004176,0.8412596265935078,71.25330052169411,1486.0360643024405,15.05056496801472,124.69302899778272,71.25330052169411,0.0,0.0,True,True,True,True,True,False,False,False,,
1.170000748048862,0.6636680537031503,51.323044209326206,1236.879730071205,8.176339105308529,159.0065852360718,51.323044209326206,0.0,0.0,True,True,True,False,False,False,False,False,,
1.0273267615007504,1.08519603525072,83.928351128242,1266.7967107053832,19.72396093792657,108.36123892223512,83.928351128242,0.0,0.0,True,True,True,True,True,False,False,False,,
0.6175374524394304,0.5205838929538407,51.918941715321495,634.1480834126668,7.366002868843026,171.14765507376094,51.918941715321495,0.0,0.0,True,True,True,False,False,False,False,False,,
0.8589098457615922,0.8785057448143905,86.02744732016365,1541.3796526168126,21.306242931975582,111.32622380616371,86.02744732016365,0.0,0.0,True,True,True,True,True,False,False,False,,
0.6401286415237847,0.7753537218509183,58.432283202344635,145.10418876073072,5.913255309656792,184.81657814711224,49.067180479652315,0.0,0.0,True,True,True,False,False,False,False,False,,
0.7945709811531696,1.0920275068411303,105.2660575925187,556.1334791183122,27.610069533145044,101.49950702490412,105.2660575925187,0.0,0.0,True,True,True,True,True,False,False,False,,
0.657410950268868,0.6957162372900212,69.3603892843089,994.4984441662324,13.319976425402922,133.6850960948846,69.3603892843089,0.0,0.0,True,True,True,True,True,False,False,False,,
0.6306947813383742,0.8307355262827134,68.14809987517958,569.1936057253292,12.047563633579625,136.0244238046657,68.14809987517958,0.0,0.0,True,True,True,True,True,False,False,False,,
0.8227527298618756,0.611353002498848,77.50174821749516,909.7376655562083,16.188472155608114,124.68832473390016,77.50174821749516,0.0,0.0,True,True,True,True,True,False,False,False,,
0.7178121809797751,0.7433741079655781,97.2761454369365,1318.5590343984397,25.960525993841593,111.13500265391075,97.2761454369365,0.0,0.0,True,True,True,True,True,False,False,False,,
1.0850117894797195,1.0950884743748401,57.44687538128913,1506.7916611214455,10.381415062570742,140.5261766072865,57.44687538128913,0.0,0.0,True,True,True,True,True,False,False,False,,
0.8563795430660566,0.868742104766834,51.7175975915366,1017.1309289398686,7.9288772807719,159.55877502804051,51.7175975915366,0.0,0.0,True,True,True,False,False,False,False,False,,
1.028450308435803,0.9454045211408293,77.17941609904851,233.0985907918252,14.569916322958257,120.02917707546979,77.17941609904851,0.0,0.0,True,True,True,True,True,False,False,False,,
0.6637543384488022,0.8838203235888296,75.3381903732855,1536.3848547180307,16.698136588922285,123.30964573576144,75.3381903732855,0.0,0.0,True,True,True,True,True,False,False,False,,
1.0554033279233361,0.9326453342869648,104.65548419811543,526.3089010971019,27.35536340939785,99.43272491254996,104.65548419811543,0.0,0.0,True,True,True,True,True,False,False,False,,
0.7360325329631023,0.5829968376778518,56.81034693909952,1464.4835220277062,10.095930234283017,151.47156275867238,56.81034693909952,0.0,0.0,True,True,True,False,False,False,False,False,,
0.9408613969371752,0.9638973837466123,77.72449861375416,695.6119009927065,15.810616791009526,117.62558491389588,77.72449861375416,0.0,0.0,True,True,True,True,True,False,False,False,,
1.1673152753964158,0.9443437239676763,91.64736185155039,1377.2130639956329,23.561009364107115,103.0980442314507,91.64736185155039,0.0,0.0,True,True,True,True,True,False,False,False,,
0.8970248026424675,1.0080566860975573,98.95693827988684,1084.9639295418337,26.195174628777185,102.11698503227494,98.95693827988684,0.0,0.0,True,True,True,True,True,False,False,False,,
1.036670595498723,0.711259030777724,77.00441059711493,978.5228883704185,16.18668336632552,119.93192380489532,77.00441059711493,0.0,0.0,True,True,True,True,True,False,False,False,,
0.856912987677533,0.847689049543359,98.55049118754889,780.4357838834319,25.050753746267308,105.99140205244701,98.55049118754889,0.0,0.0,True,True,True,True,True,False,False,False,,
0.5379204671740918,1.0549055640056824,90.74719083605459,1336.673388902029,22.74781184071869,114.99255456197247,90.74719083605459,0.0,0.0,True,True,True,True,True,False,False,False,,
0.9220336550648011,0.9075784071905569,67.0548811384208,356.01434980481724,11.312068617775346,133.70450829912102,67.0548811384208,0.0,0.0,True,True,True,True,True,False,False,False,,
0.5201671014168999,0.5077254226430888,89.25363136770646,1085.7170140412525,21.37887659428876,129.13000487558622,89.25363136770646,0.0,0.0,True,True,True,True,True,False,False,False,,
0.5821875792453678,0.9839293383736307,87.2599503834316,994.7282826452573,20.315703366441532,116.49063301367349,87.2599503834316,0.0,0.0,True,True,True,True,True,False,False,False,,
0.614827510484061,1.009844692306121,107.37955567525054,1611.6000006189356,31.893655444136826,106.10373985481723,107.37955567525054,0.0,0.0,True,True,True,True,True,False,False,False,,
1.1160723544933058,0.6965359418426017,95.17649327557324,351.237138476542,22.292878694866207,108.39727922269526,95.17649327557324,0.0,0.0,True,True,True,True,True,False,False,False,,
0.6666687282816999,0.6817251723679916,106.86844644336935,359.7218970095796,15.397152956576035,127.24825447005698,78.84169964432948,0.0,0.0,True,True,True,True,True,False,False,False,,
0.8038671923013689,0.6660146202114274,63.87582170759946,238.12901014920308,10.074149706059103,144.57529435185964,63.87582170759946,0.0,0.0,True,True,True,True,True,False,False,False,,
0.6981780984348558,0.5950558441443968,105.37466002379333,1592.1507304168474,29.970397459388955,113.95524516757521,105.37466002379333,0.0,0.0,True,True,True,True,True,False,False,False,,
1.1871372731540322,0.5779276150345612,96.62556855802137,1420.4524173218147,25.996888924724136,109.12887729303996,96.62556855802137,0.0,0.0,True,True,True,True,True,False,False,False,,
0.9748361234849823,0.8394559638307315,55.34982905126969,853.6013371219414,8.664589827375845,151.34677451185934,55.34982905126969,0.0,0.0,True,True,True,False,False,False,False,False,,
0.4701408614437627,0.9745806522639702,70.08486063829574,150.72519677642543,4.551039417425565,215.55560772892386,42.857262561777944,0.0,0.0,True,True,True,False,False,False,False,False,,
0.8831776488718446,0.6298582646457924,53.56715267568915,1705.7394061944224,9.540120816468066,154.76977922253766,53.56715267568915,0.0,0.0,True,True,True,False,False,False,False,False,,
0.5198636350857768,0.5766708067008137,64.42426588915096,1592.625149116192,12.74294777946132,144.6297722229366,64.42426588915096,0.0,0.0,True,True,True,True,True,False,False,False,,
1.1886500259715094,0.8888853907642387,101.81186831164307,354.4257020666578,25.443077673215207,100.33916887227213,101.81186831164307,0.0,0.0,True,True,True,True,True,False,False,False,,
1.1565908737741828,0.6703461829372219,65.39167479952485,311.7108258777453,10.711772914237422,137.8343756259275,65.39167479952485,0.0,0.0,True,True,True,True,True,False,False,False,,
0.697904477191811,0.533994425389432,105.60761574835482,876.0025830475007,28.758074642936684,116.85345372047746,105.60761574835482,0.0,0.0,True,True,True,True,True,False,False,False,,
0.8565907259734139,0.8312615283894251,94.08969809209268,1377.0108068427912,24.643815659922183,107.61336626665965,94.08969809209268,0.0,0.0,True,True,True,True,True,False,False,False,,
0.6985947776082913,0.9130302827137418,103.07435671436937,1027.6840745015816,27.958192140737594,106.35887697234574,103.07435671436937,0.0,0.0,True,True,True,True,True,False,False,False,,
0.985693747113083,0.5907095238016459,97.68833516064689,367.30630693698106,23.076553691494354,112.25354655067686,96.87298724719706,0.0,0.0,True,True,True,True,True,False,False,False,,
0.5162349412142605,0.9051595576861402,62.39864457435754,287.1420010780595,9.551168010844322,150.42424218330706,61.985421402857696,0.0,0.0,True,True,True,False,False,False,False,False,,
0.9611211515324692,0.9557013164788608,95.39528569203216,239.82627060345175,14.617948276158861,120.4611002966966,77.2956303261295,0.0,0.0,True,True,True,True,True,False,False,False,,
0.80141016652409,0.7371034707463201,51.13435901169994,500.8697800881896,6.968954291527888,169.11434602831048,51.13435901169994,0.0,0.0,True,True,True,False,False,False,False,False,,
0.9113765029060373,1.0189677405684725,107.79955787093621,313.4264325175171,18.188946013145284,111.8974868789937,86.04670055708443,0.0,0.0,True,True,True,True,True,False,False,False,,
0.7598069815720847,0.829049949819906,72.68548395570075,1383.26147149364,15.361096519437956,124.8910798515659,72.68548395570075,0.0,0.0,True,True,True,True,True,False,False,False,,
0.5235216125609466,0.8410586358214467,59.83891467494287,1650.6264616705043,11.33187637851675,146.23100300642278,59.83891467494286,0.0,0.0,True,True,True,True,True,False,False,False,,
0.7704059799765541,0.5581381719368614,93.20844780982549,465.45741480326166,21.60658151662413,118.59453777444455,93.20844780982549,0.0,0.0,True,True,True,True,True,False,False,False,,
0.48240518362677726,1.0714770590334841,106.9664156029991,1444.7629796375747,31.049653593621755,112.09357989010586,106.9664156029991,0.0,0.0,True,True,True,True,True,False,False,False,,
0.46963891091152943,1.078141921653734,78.47818077380595,498.75727323145816,15.274969645934705,128.87221188142965,77.91914092212191,0.0,0.0,True,True,True,True,True,False,False,False,,
0.4978725293847441,0.6843070594965913,108.99788325022163,1696.1281955915206,31.775599645693205,118.61265733427946,108.99788325022163,0.0,0.0,True,True,True,True,True,False,False,False,,
1.0051572139397482,0.7802634957120986,78.68884006249607,624.0507015512745,16.029195962244508,118.720977000998,78.68884006249607,0.0,0.0,True,True,True,True,True,False,False,False,,
0.8054278720442295,0.9333182766707422,78.07596225173403,1531.0754184685895,17.83049455072535,117.3960763538487,78.07596225173403,0.0,0.0,True,True,True,True,True,False,False,False,,
0.7060534099889344,0.9670717707443574,99.64140915540065,957.4852942162512,26.02619911733737,106.7409975723578,99.64140915540065,0.0,0.0,True,True,True,True,True,False,False,False,,
1.1342153119478697,0.8440094554146658,61.25141903648906,1566.9197131463977,11.699671709872442,135.3791446931551,61.25141903648906,0.0,0.0,True,True,True,True,True,False,False,False,,
1.0506024194301529,0.5654555825876597,105.59265946901681,870.0794519136965,28.969218711487144,108.30361524910428,105.59265946901681,0.0,0.0,True,True,True,True,True,False,False,False,,
0.757490758367487,1.016664316477618,81.84762928059322,789.54379687732,17.61593102305955,115.90010411248784,81.84762928059322,0.0,0.0,True,True,True,True,True,False,False,False,,
1.067381754526565,0.6039027443710816,84.54021043013346,573.9094755386236,18.26252929171864,117.34413961497638,84.54021043013346,0.0,0.0,True,True,True,True,True,False,False,False,,
1.060600101729209,0.6624359968144051,102.82179900432328,797.195604657619,27.30934261314507,105.48431235323612,102.82179900432328,0.0,0.0,True,True,True,True,True,False,False,False,,
0.9051634317189977,0.8202507685653145,101.98918038940447,707.4461093937231,26.53430673780892,104.34230739894947,101.98918038940447,0.0,0.0,True,True,True,True,True,False,False,False,,
0.5633390324322125,0.6003867124078703,82.46361638695072,645.7211958437751,17.430478564539676,128.34264379927322,82.46361638695072,0.0,0.0,True,True,True,True,True,False,False,False,,
0.430854639020098,0.5920754462243084,83.51700153186465,846.7558026602568,18.24145477368521,133.64337153189788,83.51700153186465,0.0,0.0,True,True,True,True,True,False,False,False,,
0.547607752265721,1.022767323085648,63.801781301963544,931.0863002797781,11.303860048825285,140.2278203990252,63.801781301963544,0.0,0.0,True,True,True,True,True,False,False,False,,
0.43046114876061886,0.6247147413890685,62.95566340724824,672.9626972781972,10.525303888632315,152.42933650218072,62.955663407248245,0.0,0.0,True,True,True,False,False,False,False,False,,
0.4444654012019437,0.7809761997186495,63.84249278905739,781.5503191827198,11.008285478618436,147.23431868604666,63.842492789057395,0.0,0.0,True,True,True,True,True,False,False,False,,
0.7290906206584746,0.8606713639879737,104.23153034195627,569.6146557146167,26.846545306034304,107.07132132298912,103.75256246676362,0.0,0.0,True,True,True,True,True,False,False,False,,
1.006316509723074,0.7750224687935154,81.20875121007222,581.8505523463796,16.919488079981335,116.71343973728003,81.20875121007222,0.0,0.0,True,True,True,True,True,False,False,False,,
0.797578365671044,0.5270278501179395,65.60674513154362,898.8778553036134,11.873984544747598,140.24259598856958,65.60674513154362,0.0,0.0,True,True,True,True,True,False,False,False,,
0.5188521560209728,1.0045775997758202,61.76253529401302,473.2510882634567,9.823223708445473,148.04066066318376,61.76253529401303,0.0,0.0,True,True,True,True,True,False,False,False,,
0.44968087354198044,0.5040565718840367,59.24698383671629,120.78506532820015,3.4884506951206826,259.16197877067606,37.52116598911683,0.0,0.0,True,True,True,False,False,False,False,False,,
0.41194260296025864,0.7313266829080682,106.33299231216799,117.56806296809759,3.119546265956101,280.52982585982295,35.43076540910714,0.0,0.0,True,True,True,False,False,False,False,False,,
1.0444415326281469,0.9356478360417297,59.21242902225066,1124.9903393545687,10.263999839859128,140.16847586452414,59.21242902225066,0.0,0.0,True,True,True,True,True,False,False,False,,
0.6662740119382813,0.549873119122412,84.75791616834911,389.9035694620002,16.700851538142825,128.06139713646243,82.0583048424562,0.0,0.0,True,True,True,True,True,False,False,False,,
1.1545059977691945,0.6442439441417986,86.67867704876575,737.3867007117487,19.595678024685437,113.34670226881221,86.67867704876575,0.0,0.0,True,True,True,True,True,False,False,False,,
1.0336725063267158,0.6430630544349704,100.47432062137906,1594.5195345526965,27.97267005276997,106.92020272390849,100.47432062137906,0.0,0.0,True,True,True,True,True,False,False,False,,
0.6328541960581302,0.5145498569840093,69.24343034395301,466.6862246663451,12.208463363404729,141.52260715805383,69.24343034395301,0.0,0.0,True,True,True,True,True,False,False,False,,
1.1795577191398818,0.6943743133388172,89.42028270157192,1679.6431650612503,22.989798619977467,108.93729003024438,89.42028270157192,0.0,0.0,True,True,True,True,True,False,False,False,,
0.7455623448144653,0.7538798885603432,58.97852816794036,745.4418802468794,9.51210815930746,148.15986379784457,58.97852816794037,0.0,0.0,True,True,True,True,True,False,False,False,,
0.5925921913454705,0.9297671997641099,73.95828667921705,1141.8237859805747,15.281786075991027,126.68369761771952,73.95828667921705,0.0,0.0,True,True,True,True,True,False,False,False,,
1.1443358039441245,0.8222284134593243,92.30644278949651,1054.4487238686283,22.972453498291326,105.27136221948578,92.30644278949651,0.0,0.0,True,True,True,True,True,False,False,False,,
0.753493734137729,1.0753608717216352,95.90205171906067,1030.6954806218857,24.464711215030267,105.73535001875845,95.90205171906067,0.0,0.0,True,True,True,True,True,False,False,False,,
1.131333366262485,0.6064568083951357,85.77319068247303,1628.3133096757413,21.22484811912205,114.18462555051298,85.77319068247303,0.0,0.0,True,True,True,True,True,False,False,False,,
1.0700236802285723,0.9661593138502782,83.32214246771538,1116.9167921164312,19.10004757846456,109.87043125071145,83.32214246771538,0.0,0.0,True,True,True,True,True,False,False,False,,
1.1266073173258588,0.6944931692857657,53.01458943032441,1384.5009059889132,8.874932546382825,153.91356260927992,53.01458943032441,0.0,0.0,True,True,True,False,False,False,False,False,,
0.9622772241662257,1.0866418245938383,81.04157248322556,1774.8982324186888,19.66723476123053,110.986581821709,81.04157248322556,0.0,0.0,True,True,True,True,True,False,False,False,,
0.445389588413066,0.9006490950290873,63.16387218297761,157.21824461791144,4.506501579132341,217.76948255392898,42.60288407203661,0.0,0.0,True,True,True,False,False,False,False,False,,
1.16136189082742,1.0176756727447283,81.89162275189935,1580.0077339428358,19.62632695527834,108.96334148148921,81.89162275189935,0.0,0.0,True,True,True,True,True,False,False,False,,
0.738888403608464,1.061817774076675,66.22991027003887,1752.097359573789,13.72189698044898,129.9211579581176,66.22991027003887,0.0,0.0,True,True,True,True,True,False,False,False,,
0.7517469104715274,0.8705246978481372,72.91430970467633,1573.4976862949125,15.851025997486769,124.01851526015935,72.91430970467633,0.0,0.0,True,True,True,True,True,False,False,False,,
0.8976819389383124,1.0884154068544203,67.40782239136574,1189.5464551378689,13.062090064079827,126.96692620017001,67.40782239136574,0.0,0.0,True,True,True,True,True,False,False,False,,
0.7870837522357508,1.0106661735207352,92.61470409514942,1504.0062185789013,24.257453719111503,106.9463816483734,92.61470409514942,0.0,0.0,True,True,True,True,True,False,False,False,,
0.4363558473533997,0.8436329722709778,93.67114909267363,789.857951824125,22.425632045804402,123.12639988206752,93.67114909267363,0.0,0.0,True,True,True,True,True,False,False,False,,
1.1855272924290245,0.7396642317436758,89.71583337211237,783.3207544694178,21.05336088166582,108.63500641396827,89.71583337211237,0.0,0.0,True,True,True,True,True,False,False,False,,
1.0454464747893497,0.7068218447881848,77.04789055864741,207.13561434918125,13.695547635029115,125.82661257716494,74.91965835223525,0.0,0.0,True,True,True,True,True,False,False,False,,
0.7213314841608885,0.6857379327136351,98.91560858044349,486.88427410230975,22.63031186639325,114.60567434136213,95.41086133606092,0.0,0.0,True,True,True,True,True,False,False,False,,
0.7808250649666473,1.05059466699859,99.320191641055,1663.2587338264761,27.995518688518025,103.38562439389268,99.320191641055,0.0,0.0,True,True,True,True,True,False,False,False,,
0.916860734257352,0.8691666393426534,81.75055830171286,458.4221104430257,16.820635533174993,116.45409587884096,81.75055830171286,0.0,0.0,True,True,True,True,True,False,False,False,,
0.930451310523962,0.5849163472780484,76.17456399282895,958.871528460979,15.804946935348854,124.95236870995001,76.17456399282895,0.0,0.0,True,True,True,True,True,False,False,False,,
0.7803409073939904,0.5319830100420451,52.41879587261543,1552.3399083717247,8.961031363327399,160.7442787052175,52.41879587261543,0.0,0.0,True,True,True,False,False,False,False,False,,
0.8046949405028199,0.8515094270471251,82.94273731924775,1524.9128277153486,19.8787078203225,114.77705675282152,82.94273731924775,0.0,0.0,True,True,True,True,True,False,False,False,,
0.7424331613693527,0.8258398339616606,87.76462978088077,530.1305419228518,19.407146506388088,115.2853853509574,87.76462978088077,0.0,0.0,True,True,True,True,True,False,False,False,,
0.8938516124723267,0.9805498685120675,106.01846555321475,1558.0765771339857,31.40275018319257,99.42539536729713,106.01846555321475,0.0,0.0,True,True,True,True,True,False,False,False,,
0.7842504940046034,0.6328355592825616,56.53831064983865,723.7909849493155,8.772990518217775,154.51380328797842,56.53831064983865,0.0,0.0,True,True,True,False,False,False,False,False,,
0.7310385885766996,0.5047754841884764,53.07487032234824,328.66406531939344,7.18714033543164,170.9144696211651,53.07487032234824,0.0,0.0,True,True,True,False,False,False,False,False,,
0.40825898912844,0.9187757264635334,105.31480858161464,836.4168296545321,22.691668826668028,123.71639721122943,94.07988067772374,0.0,0.0,True,True,True,True,True,False,False,False,,
0.8365648683650211,0.8557343433638107,53.119338991431924,184.20862344009848,6.973325005084156,167.2233353536924,53.119338991431924,0.0,0.0,True,True,True,False,False,False,False,False,,
0.9468577195508814,0.6341579336696771,82.09067283870365,365.80219644833954,16.73752339101939,120.63448639653431,82.09067283870365,0.0,0.0,True,True,True,True,True,False,False,False,,
0.5387039999205547,0.943528647871236,101.3528589207091,1724.4191212835942,28.636944700234697,112.17788663629085,101.3528589207091,0.0,0.0,True,True,True,True,True,False,False,False,,
0.4010684870560182,0.6296318489026425,50.61957152473683,1194.0971909026507,7.8751132544368705,173.1349178306535,50.61957152473683,0.0,0.0,True,True,True,False,False,False,False,False,,
1.1235147343647025,0.7298219664238528,71.87722727365022,475.8548042505905,13.201580843435297,126.59374011423246,71.87722727365022,0.0,0.0,True,True,True,True,True,False,False,False,,
0.735577698271604,0.6573647509085883,101.3815193533795,898.5127257449202,26.726556046558475,111.96941581373277,101.3815193533795,0.0,0.0,True,True,True,True,True,False,False,False,,
0.49082735641593794,0.6413014489346927,72.21235751646768,841.2229992278403,13.959769593843573,137.51695520559133,72.21235751646768,0.0,0.0,True,True,True,True,True,False,False,False,,
1.1058622052180338,0.8549565299734059,50.87942442702954,1161.9707093389404,7.939572964945569,158.79638189623026,50.87942442702954,0.0,0.0,True,True,True,False,False,False,False,False,,
1.1089288174965535,0.6392163587250449,59.17924245130553,872.0330208663557,9.815200106705753,145.02073577526374,59.17924245130553,0.0,0.0,True,True,True,True,True,False,False,False,,
0.6784737014939571,1.037273448014397,76.22178641265549,1588.9354534352133,17.17210723736852,120.36187791222069,76.22178641265549,0.0,0.0,True,True,True,True,True,False,False,False,,
1.13383469109769,0.803226494304007,63.4771420789168,448.0710754353262,10.367275846745908,138.07386084812353,63.4771420789168,0.0,0.0,True,True,True,True,True,False,False,False,,
0.7783111804414492,0.782489991927217,81.40536928831673,919.338447530177,17.754857019768792,118.48059715229955,81.40536928831673,0.0,0.0,True,True,True,True,True,False,False,False,,
1.0235894535846413,0.8380128562370968,67.41675740171496,1702.6692313901276,14.085408433404146,127.1479892587555,67.41675740171496,0.0,0.0,True,True,True,True,True,False,False,False,,
1.0027538587290459,0.6206763933363336,96.64842541394191,197.23088663943463,12.510685573300126,132.0865103779049,71.59820476788028,0.0,0.0,True,True,True,True,True,False,False,False,,
0.8751613294822864,1.020321617057447,89.80779774686792,315.52518438570394,17.597259064316194,113.54996202970811,84.6015992813808,0.0,0.0,True,True,True,True,True,False,False,False,,
1.0463287886139319,0.5902822607343732,73.19572554880156,815.5561633617269,14.386283602377166,126.97306182518132,73.19572554880156,0.0,0.0,True,True,True,True,True,False,False,False,,
0.5659861407188964,0.7954945556782873,52.5495349279617,183.265364280801,6.635445684489765,175.74604250836862,51.85141280789282,0.0,0.0,True,True,True,False,False,False,False,False,,
0.7651108401807108,1.0470111001199522,60.299510257943325,525.8705652307622,9.518525752790845,144.72240625393263,60.299510257943325,0.0,0.0,True,True,True,True,True,False,False,False,,
0.6438926176397985,0.9431586514690946,108.46189083773372,1330.326429822032,31.74250415698111,105.87059914775233,108.46189083773372,0.0,0.0,True,True,True,True,True,False,False,False,,
0.8368141552018081,0.9300666632926025,78.82156174793849,403.7685254445796,15.53964777801969,119.83110724500902,78.82156174793849,0.0,0.0,True,True,True,True,True,False,False,False,,
0.8892368017734891,0.8719024965004274,95.44985562790774,332.57022594986233,18.854555364190578,112.81785113802071,87.55236770973224,0.0,0.0,True,True,True,True,True,False,False,False,,
0.5805979728540744,0.5535317853530353,104.77037101911964,801.5668566548402,27.94535656389145,120.38442592030009,104.77037101911964,0.0,0.0,True,True,True,True,True,False,False,False,,
1.0975552475513313,1.0010782730254153,77.50802644971961,505.5093603080475,15.318438741365641,116.77172105333926,77.50802644971961,0.0,0.0,True,True,True,True,True,False,False,False,,
1.0634719915386452,0.7873743801803947,108.42707886886667,1396.5553790910835,32.2887852260577,99.76554803051027,108.42707886886667,0.0,0.0,True,True,True,True,True,False,False,False,,
1.0178223527314758,0.8608548952350146,66.24114344551089,457.8791193194347,11.254937582555952,133.67293892379527,66.24114344551089,0.0,0.0,True,True,True,True,True,False,False,False,,
1.0432289135839552,0.9251928425548337,80.64030096611457,1495.4432832316106,18.867474481070804,112.29072576032638,80.64030096611457,0.0,0.0,True,True,True,True,True,False,False,False,,
0.6624115685099262,0.7206931453971671,55.69753050425686,1076.3786444829047,9.112552826126958,154.09048685363877,55.69753050425686,0.0,0.0,True,True,True,False,False,False,False,False,,
1.0414240407686437,0.6641150854277909,73.07306754912504,1343.1083019708312,15.465031712495747,123.9042851529685,73.07306754912504,0.0,0.0,True,True,True,True,True,False,False,False,,
0.9680373379085515,0.5221714562916411,68.43418687397764,218.1609542373643,11.493304795477734,139.0210249204129,68.43418687397764,0.0,0.0,True,True,True,True,True,False,False,False,,
0.8814357901615544,1.0039667192837078,100.17506545160158,412.13620284091604,23.24224897544359,105.023561035385,97.03607505339643,0.0,0.0,True,True,True,True,True,False,False,False,,
0.7911801401276986,0.7414693357389679,101.2795557244601,918.5036989504989,26.77885404066234,108.28175389686724,101.2795557244601,0.0,0.0,True,True,True,True,True,False,False,False,,
0.45246761411972325,0.5282068389440333,72.8452917907753,998.1362258375815,14.499820356198198,141.25791412488758,72.8452917907753,0.0,0.0,True,True,True,True,True,False,False,False,,
0.5112953315908436,0.8109985716565504,50.4817253800468,1097.4763312522348,7.705267997574195,168.09197432516683,50.4817253800468,0.0,0.0,True,True,True,False,False,False,False,False,,
1.027032962979741,0.7830442303972975,90.82033773904001,1339.8796755119322,23.03352641798233,107.81336002994912,90.82033773904001,0.0,0.0,True,True,True,True,True,False,False,False,,
1.0370949865942651,0.8757747038847741,96.9951495755951,1334.042799500829,26.01992401956107,102.740956479798,96.9951495755951,0.0,0.0,True,True,True,True,True,False,False,False,,
0.5173628193960847,0.9419600748514373,71.45850707571269,105.8552951619916,3.4996397094277705,254.3400742255386,37.67657356053068,0.0,0.0,True,True,True,False,False,False,False,False,,
0.7842068271311085,0.6256700748473001,63.25017801680875,1275.2554354963293,11.801423317138267,139.82771419863707,63.25017801680875,0.0,0.0,True,True,True,True,True,False,False,False,,
0.8286526762866344,0.9573407579917577,62.95533647580001,659.4142002247055,10.573891631672458,138.5366357626469,62.95533647580001,0.0,0.0,True,True,True,True,True,False,False,False,,
0.9284941073845172,0.7618171459017622,76.16542428127374,1708.8802277912023,17.46304140858351,119.8621648324398,76.16542428127374,0.0,0.0,True,True,True,True,True,False,False,False,,
1.129912768454019,0.8496150317927369,71.40593734640356,506.39925596206587,13.100665528508515,125.17764500659501,71.40593734640356,0.0,0.0,True,True,True,True,True,False,False,False,,
0.6738683269968704,0.9950747137233582,106.48754121553557,1215.4672956869474,30.326573431605503,104.61973778178675,106.48754121553557,0.0,0.0,True,True,True,True,True,False,False,False,,
0.41060855092567644,0.5744934861918094,72.58461737812272,1752.4347601564345,15.746873790051719,141.3891424953478,72.58461737812272,0.0,0.0,True,True,True,True,True,False,False,False,,
1.0346059843998034,0.5965100533990901,74.81464942770714,691.3541593687464,14.714701144006888,125.7718738399566,74.81464942770714,0.0,0.0,True,True,True,True,True,False,False,False,,
0.4523859650131672,0.9276548864520913,54.01733227404021,1088.7671046594885,8.632525259376683,160.727156881412,54.01733227404021,0.0,0.0,True,True,True,False,False,False,False,False,,
0.6302565280353652,0.7270243502988105,63.080396246575276,846.0030276500692,10.932238267452561,142.9391777383864,63.080396246575276,0.0,0.0,True,True,True,True,True,False,False,False,,
0.8220015801324906,1.0095920087601578,70.96468969143959,1648.6941306084193,15.274038120454248,123.35965780829913,70.96468969143959,0.0,0.0,True,True,True,True,True,False,False,False,,
0.961792377870388,0.8731951785177188,108.45912376089629,1352.6014260487666,32.10048161137705,99.35702299942136,108.45912376089629,0.0,0.0,True,True,True,True,True,False,False,False,,
0.4198586559060557,1.0311052911608125,94.24190886734068,1664.2979825426319,25.153904794504633,120.30246981938346,94.24190886734068,0.0,0.0,True,True,True,True,True,False,False,False,,
0.6945502516025639,0.6716390128280689,67.37228674141825,652.644148049308,11.967255051067118,137.59377127751046,67.37228674141825,0.0,0.0,True,True,True,True,True,False,False,False,,
0.7448194198898723,0.8780191243320783,107.66455642894877,1268.798373409478,31.212890376277958,104.10196051541983,107.66455642894877,0.0,0.0,True,True,True,True,True,False,False,False,,
1.125107049258592,0.5340917143823707,106.80179692164069,993.5305924090715,30.05365131217164,108.49231134267075,106.80179692164069,0.0,0.0,True,True,True,True,True,False,False,False,,
0.7420945011949298,0.6705146650033993,64.40215601530926,1386.7534839125399,12.389498803242834,137.6303480015215,64.40215601530926,0.0,0.0,True,True,True,True,True,False,False,False,,
0.7034379782523316,0.5503004009818849,60.80691477023301,885.4336069399799,10.305139946667467,148.28366109458514,60.806914770233014,0.0,0.0,True,True,True,True,True,False,False,False,,
1.1792066282116966,0.7271423280220738,94.00477819452342,914.7785860826048,23.385063571716124,106.1899356994399,94.00477819452342,0.0,0.0,True,True,True,True,True,False,False,False,,
1.0564343583460016,0.7962615669914073,52.38087994805503,1455.2395721392204,8.807468869155057,154.24736857436747,52.38087994805503,0.0,0.0,True,True,True,False,False,False,False,False,,
0.5658108200235814,0.617847282945456,106.68014201525648,882.6839091812934,29.1617588133438,117.88611748585521,106.68014201525648,0.0,0.0,True,True,True,True,True,False,False,False,,
0.9245641801647122,0.6663398110114757,73.73359189008255,899.0738233579528,14.74894350459802,125.55320360524438,73.73359189008255,0.0,0.0,True,True,True,True,True,False,False,False,,
1.1146592377053834,0.5395370720127305,83.39075023898971,1370.6187618764866,19.762140745803162,118.311512009217,83.39075023898971,0.0,0.0,True,True,True,True,True,False,False,False,,
0.8864798045069495,0.7945067011253872,78.58952636143015,1710.0417307010696,18.446736060794493,117.73052277692018,78.58952636143015,0.0,0.0,True,True,True,True,True,False,False,False,,
0.7602355522028554,1.0058481884267068,83.66745375763736,448.8744141101467,17.518399859511906,115.87271905097981,83.66745375763736,0.0,0.0,True,True,True,True,True,False,False,False,,
1.1021879196397106,0.8047710954670175,67.26704864546836,616.6539286920334,11.907175923502793,130.87517919864183,67.26704864546836,0.0,0.0,True,True,True,True,True,False,False,False,,
0.43759196303042447,0.7898256668162897,92.39626409496131,293.473459142907,8.320688243855674,162.8097539847797,57.69478810090944,0.0,0.0,True,True,True,False,False,False,False,False,,
0.67544086028843,0.7903066015375138,99.08379177321852,1233.264701568973,26.56956822215808,110.60055452968086,99.08379177321852,0.0,0.0,True,True,True,True,True,False,False,False,,
0.7276893028143694,0.802676252558854,51.68764881083534,1054.0232973157467,7.972386426628426,161.3744524833703,51.68764881083534,0.0,0.0,True,True,True,False,False,False,False,False,,
0.710332661399287,0.7208593989892682,90.30077091195363,1290.1581656669573,22.53807446112793,114.91726680967791,90.30077091195363,0.0,0.0,True,True,True,True,True,False,False,False,,
0.4558845056347379,0.6503939182578304,60.87090856776403,432.8934273323084,9.470769518222824,156.2474068497407,60.87090856776403,0.0,0.0,True,True,True,False,False,False,False,False,,
0.7274044966467165,0.7080599064024056,108.72421610905897,457.4485993538788,21.41082056613034,115.27637988019414,92.87025551042237,0.0,0.0,True,True,True,True,True,False,False,False,,
1.1895034388142256,0.7213352653278419,61.46002300461092,1527.3198058180928,11.699459282945204,136.43805415879118,61.46002300461092,0.0,0.0,True,True,True,True,True,False,False,False,,
0.46446295086192013,0.5682856984283521,84.84628553947576,780.0293972118258,18.651675389864163,131.92758591540422,84.84628553947576,0.0,0.0,True,True,True,True,True,False,False,False,,
0.5490225048576854,1.047695644036553,55.46878724277854,1776.3053395105342,10.192746567288347,151.3314024650546,55.46878724277854,0.0,0.0,True,True,True,False,False,False,False,False,,
0.6107911028249322,1.0006523406750147,71.76483761668112,210.98422463922515,8.237768543084252,156.78165324932428,57.79481019449558,0.0,0.0,True,True,True,False,False,False,False,False,,
1.0933203675070469,0.706368039200087,91.5296310868136,399.5770581618272,20.792595546515326,110.31206504816902,91.5296310868136,0.0,0.0,True,True,True,True,True,False,False,False,,
1.1322115624138773,0.7986103706218872,77.79900138370368,1155.9346112589774,16.91542316939137,116.27979572121305,77.79900138370368,0.0,0.0,True,True,True,True,True,False,False,False,,
0.8373344928744715,0.5300963606966294,65.59891310550697,835.2054244602252,11.754094889255427,139.95642529959082,65.59891310550697,0.0,0.0,True,True,True,True,True,False,False,False,,
0.8275823241834951,0.8672535351555954,52.768549675604596,254.2451463416815,6.995508853449717,166.93667546701928,52.768549675604596,0.0,0.0,True,True,True,False,False,False,False,False,,
1.1567791288491467,0.6684730164929851,97.22298397137996,1724.0337339877021,26.521734972723088,106.01312522808357,97.22298397137996,0.0,0.0,True,True,True,True,True,False,False,False,,
1.1069167924368677,0.804230614597326,104.129789559239,1324.9652675116693,29.715126222872392,100.27550444409903,104.129789559239,0.0,0.0,True,True,True,True,True,False,False,False,,
1.1983287078655862,0.9937104967475856,90.76305263356079,1261.534847088379,22.830927651497603,102.82077065458083,90.76305263356079,0.0,0.0,True,True,True,True,True,False,False,False,,
0.7571497994406508,0.6665923473853089,81.72717936291998,720.4505081053686,17.4006588403986,121.6324747511482,81.72717936291998,0.0,0.0,True,True,True,True,True,False,False,False,,
0.41576293668156045,1.0858718733650599,82.4440977531568,841.4804489688225,17.7803027240326,126.9529137935054,82.4440977531568,0.0,0.0,True,True,True,True,True,False,False,False,,
0.6732736596509853,1.0570122996024256,51.16297494513033,154.61950890051358,6.430283433512635,174.80548880055926,51.16297494513033,0.0,0.0,True,True,True,False,False,False,False,False,,
0.7248540962087708,0.6565359335165095,77.18819066489971,843.9872673803653,15.894166603953588,125.75940583892924,77.18819066489971,0.0,0.0,True,True,True,True,True,False,False,False,,
1.1948566357753463,0.8233259006644349,83.68987892920387,1674.2787322432416,20.64544274152458,109.96381684669643,83.68987892920387,0.0,0.0,True,True,True,True,True,False,False,False,,
1.0621857556076453,1.0578366883852452,96.81932857432085,1711.5770728885793,26.892092325561187,99.83063273671024,96.81932857432085,0.0,0.0,True,True,True,True,True,False,False,False,,
0.7344096711816837,0.7756070652155933,63.40597756115494,1675.092155295671,12.588713716104166,136.96752910572778,63.40597756115495,0.0,0.0,True,True,True,True,True,False,False,False,,
1.1428512928686538,1.070038923246215,50.04955615178086,382.81121406009885,6.527905725274659,169.6260081041901,50.04955615178086,0.0,0.0,True,True,True,False,False,False,False,False,,
0.9845533348692685,0.8531737921603613,96.35755982305415,252.79032086128132,15.786506869171129,118.25920214602566,80.31882434908216,0.0,0.0,True,True,True,True,True,False,False,False,,
0.48509328038739785,0.6471670239281647,106.41472941973333,578.1625263730922,18.331532837001177,128.85882879550596,85.26191792869169,0.0,0.0,True,True,True,True,True,False,False,False,,
0.9428128173621664,0.7446698622785356,70.25130473333715,357.2261730054421,12.376662110675753,130.94215779168752,70.25130473333715,0.0,0.0,True,True,True,True,True,False,False,False,,
0.8064705824574445,0.8278492334738716,60.38307533801778,1183.7344188120649,10.715328237039394,141.16972232417302,60.38307533801778,0.0,0.0,True,True,True,True,True,False,False,False,,
1.0370055769092992,1.044781286423591,65.65433951360075,1764.5018064385922,13.570800093355928,127.2296985883772,65.65433951360075,0.0,0.0,True,True,True,True,True,False,False,False,,
0.47186326036397425,1.089112757011676,78.26958723722983,712.8500702559626,15.89804025893299,127.29729262704568,78.26958723722983,0.0,0.0,True,True,True,True,True,False,False,False,,
0.639068117942176,0.7141996632877968,74.1274392734701,1231.1642496339723,15.554078532696709,128.22113119476853,74.1274392734701,0.0,0.0,True,True,True,True,True,False,False,False,,
0.8251192759881578,0.6057098813094041,84.6318218265838,1737.2455995229213,20.674379995664488,118.74876543135551,84.6318218265838,0.0,0.0,True,True,True,True,True,False,False,False,,
0.527203306431554,0.9957268049943346,58.32012474216367,137.18070799847524,4.6258523030231755,212.1026524786729,43.29652900515239,0.0,0.0,True,True,True,False,False,False,False,False,,
0.9646905847709144,0.9504508485083557,107.04163849001863,586.2992494806235,28.72656905486337,99.40195053621113,107.04163849001863,0.0,0.0,True,True,True,True,True,False,False,False,,
1.1534075828434645,0.7684083144227909,72.00644277704744,248.11061898458595,12.77154771185412,127.13364505277917,72.00644277704744,0.0,0.0,True,True,True,True,True,False,False,False,,
0.6569173479375746,1.0231701024893396,99.01149081585774,472.97991408244536,20.05172108256648,113.76013466660157,89.74168364585795,0.0,0.0,True,True,True,True,True,False,False,False,,
0.41857981793072446,0.9358807857088388,59.601953305744615,1232.8210305836592,10.49690842295271,150.81032981827377,59.601953305744615,0.0,0.0,True,True,True,False,False,False,False,False,,
1.1941002311188933,0.7130511130436132,80.57776564630713,1158.5011915244138,18.063103167274047,114.9514698150606,80.57776564630713,0.0,0.0,True,True,True,True,True,False,False,False,,
1.147813689919745,0.9011508996116594,73.9723274878576,1653.3372222016021,16.492021321631263,117.72896065266944,73.9723274878576,0.0,0.0,True,True,True,True,True,False,False,False,,
1.1812639309021078,0.7711905829486418,52.91966746560329,591.1409719363394,7.583716351202279,159.59629477766643,52.91966746560329,0.0,0.0,True,True,True,False,False,False,False,False,,
0.9768047707763051,1.0419404235801935,82.92525518767074,1475.9741573625934,19.793403947672463,109.87255655736111,82.92525518767074,0.0,0.0,True,True,True,True,True,False,False,False,,
0.8165713518583247,1.0609839473939453,101.75751456184886,245.4531984553019,12.750552192362074,127.59177847038394,72.07736744699426,0.0,0.0,True,True,True,True,True,False,False,False,,
0.45338929702946335,0.9520009786426424,105.94519001425783,835.5736861055682,25.080561133636888,118.2397219753473,99.09357752579143,0.0,0.0,True,True,True,True,True,False,False,False,,
0.8922222405514367,0.7616876752847226,104.4866882200383,1507.6641235532693,30.194332280419907,104.31659889224983,104.4866882200383,0.0,0.0,True,True,True,True,True,False,False,False,,
0.9004553154830768,0.5027331046371808,108.57906815219624,1199.3402996667141,31.23285059945118,113.12224704132937,108.57906815219624,0.0,0.0,True,True,True,True,True,False,False,False,,
1.0082971193463834,0.911056247662041,81.13367216143467,1419.48470525143,18.890866367238825,112.49356711960033,81.13367216143467,0.0,0.0,True,True,True,True,True,False,False,False,,
0.9010553301414179,1.0370704045883268,57.25599157705686,1451.3120040090403,10.22000621196671,142.9336627870883,57.25599157705686,0.0,0.0,True,True,True,True,True,False,False,False,,
0.788116861569121,0.8050568343333354,94.59178892188974,530.8298302305875,22.42374924873688,110.67631377653908,94.59178892188974,0.0,0.0,True,True,True,True,True,False,False,False,,
0.651383524999147,0.7875930933530997,80.43384084171018,1469.1345967137445,18.618803691180414,120.97863744129054,80.43384084171018,0.0,0.0,True,True,True,True,True,False,False,False,,
0.5771223310126579,1.033916844236725,80.97749806932153,610.2867528112488,16.765637685718854,121.74027511349205,80.97749806932153,0.0,0.0,True,True,True,True,True,False,False,False,,
0.5402165237714686,0.5848166656151501,54.8057838781821,824.9875900906649,8.433714326950465,162.68187700635238,54.8057838781821,0.0,0.0,True,True,True,False,False,False,False,False,,
0.6209255986750735,0.523511900139836,59.3675432937486,1408.1814022647022,10.772965536759122,150.75347708760626,59.3675432937486,0.0,0.0,True,True,True,False,False,False,False,False,,
0.4264004614089575,0.9534744550833152,65.46492233442952,1774.0859073718327,13.415569862510583,140.93801352178573,65.46492233442952,0.0,0.0,True,True,True,True,True,False,False,False,,
0.6707718849690597,0.9822711604025051,79.32491806260235,322.611165987403,13.869611687578816,127.00624720002398,74.89358529249128,0.0,0.0,True,True,True,True,True,False,False,False,,
0.9498673774212508,0.7867074080846874,104.35477459156365,258.70282935409557,15.599629156222818,120.03540018432268,79.80857822976722,0.0,0.0,True,True,True,True,True,False,False,False,,
0.9066777678718655,0.5572725952699955,54.12547819206134,1791.671845614047,9.844232713518679,154.88614346138755,54.12547819206134,0.0,0.0,True,True,True,False,False,False,False,False,,
1.0809573991071826,0.9847866006087989,93.88668775337968,1305.8031405057632,24.418431450058673,102.25659330589912,93.88668775337968,0.0,0.0,True,True,True,True,True,False,False,False,,
0.590136103290188,0.9015264967799961,86.04336079405056,385.11768903560136,14.651613707092665,127.62301632682775,76.75211014701902,0.0,0.0,True,True,True,True,True,False,False,False,,
1.1863753728796689,0.9347493002933994,90.37624503458328,1337.6194267078567,22.854042292132895,103.88028823998194,90.37624503458328,0.0,0.0,True,True,True,True,True,False,False,False,,
0.6343032271139853,0.6561695041247917,93.10199871299017,1449.7411882416422,24.247429076251926,117.51318514378025,93.10199871299017,0.0,0.0,True,True,True,True,True,False,False,False,,
0.4607363083950755,0.8287381181613949,95.20523825901756,537.1258232840487,16.174423916123917,130.1259389184136,80.09063443084649,0.0,0.0,True,True,True,True,True,False,False,False,,
0.9883532311933897,1.0028052692626297,66.59184847898013,766.9634281382964,11.966568577711168,129.82553532789194,66.59184847898013,0.0,0.0,True,True,True,True,True,False,False,False,,
0.4756600232930633,0.9218392887429849,86.95740219201114,1048.924761274146,20.23604474155271,121.9998583361517,86.95740219201114,0.0,0.0,True,True,True,True,True,False,False,False,,
0.922161823129262,0.6139239569540846,83.9071904155676,789.3522538945487,18.50685114152224,118.55950761438655,83.9071904155676,0.0,0.0,True,True,True,True,True,False,False,False,,
1.1192390681563373,0.7686065230790657,88.36585922510716,1268.5783092417555,21.724186630785017,108.61240770974065,88.36585922510716,0.0,0.0,True,True,True,True,True,False,False,False,,
0.4923617552871982,0.9489922160269827,50.21834712762493,422.7683235345956,6.598791288653746,177.05134038588847,50.21834712762493,0.0,0.0,True,True,True,False,False,False,False,False,,
0.4314488481833417,0.9057156700295619,55.58726284007139,1439.7383798558972,9.650335602362855,156.68980439639463,55.58726284007139,0.0,0.0,True,True,True,False,False,False,False,False,,
0.6836095589562896,0.7843348227160949,54.38629389626593,1603.444717495862,9.601557525863925,153.3746676567042,54.38629389626593,0.0,0.0,True,True,True,False,False,False,False,False,,
1.0957955642584931,0.7149956240582043,63.551515782717054,966.260190283849,11.35153220907041,135.77665193829256,63.55151578271705,0.0,0.0,True,True,True,True,True,False,False,False,,
1.0166560352754876,0.8041529981343025,67.43532934298406,1595.4388243116205,13.880813918919603,127.76456268268085,67.43532934298406,0.0,0.0,True,True,True,True,True,False,False,False,,
1.1980931354481485,1.0456560416785519,55.503524058791484,896.9928473746456,8.787415349981647,147.64865303368282,55.503524058791484,0.0,0.0,True,True,True,True,True,False,False,False,,
1.0303488628519415,0.6151493118026303,100.67607457440364,527.897876609941,25.381785175406797,108.77904294873738,100.67607457440364,0.0,0.0,True,True,True,True,True,False,False,False,,
0.6701835196363026,0.9014488051533311,101.29066715437632,1715.9269989152135,28.69863469199587,107.7651214721713,101.29066715437632,0.0,0.0,True,True,True,True,True,False,False,False,,
0.8739261623774655,1.0580704921919448,77.29747021505923,1208.7057580901658,16.796063822245603,116.24018739892166,77.29747021505923,0.0,0.0,True,True,True,True,True,False,False,False,,
0.8232225307876101,1.0723768511335363,88.76506092490379,290.6594215764779,15.249341144238429,119.34578579071504,78.75322094710491,0.0,0.0,True,True,True,True,True,False,False,False,,
1.1464993456407089,1.0789287258946993,65.74339178079389,1795.039381615412,13.66838270958276,125.99815689069467,65.74339178079389,0.0,0.0,True,True,True,True,True,False,False,False,,
0.4409600775562571,0.7091864974973665,83.1027092126904,1713.7889120832267,19.988313100764294,129.17954932426082,83.1027092126904,0.0,0.0,True,True,True,True,True,False,False,False,,
0.9094893146885378,0.7064701149835466,82.42163097169728,1747.571367638037,19.92875184060018,116.21141774596188,82.42163097169728,0.0,0.0,True,True,True,True,True,False,False,False,,
0.7953388155023069,0.5304527714900558,80.96537191708893,160.21720457429484,8.080016586838457,161.03649128741014,57.47092175616085,0.0,0.0,True,True,True,False,False,False,False,False,,
0.43691964820986456,0.8430131770063856,100.93911612735883,1144.568162338689,26.890034286297706,120.28122050336793,100.93911612735883,0.0,0.0,True,True,True,True,True,False,False,False,,
0.9164395396461523,1.009397332751645,61.643720991422306,884.8066927473917,10.582843109320716,137.7575107308085,61.643720991422306,0.0,0.0,True,True,True,True,True,False,False,False,,
1.1689997809349149,0.6369286728649068,52.97506732601251,1285.235743077553,8.706376342789458,155.10525719224825,52.97506732601251,0.0,0.0,True,True,True,False,False,False,False,False,,
0.9032390020898533,0.9167692189092529,89.83064610034523,531.2192804733651,20.355981740555602,109.61271809943683,89.83064610034523,0.0,0.0,True,True,True,True,True,False,False,False,,
0.9346546633919918,0.6807823191045153,84.52854171663239,576.795084547193,18.23731332924,116.80428930800778,84.52854171663239,0.0,0.0,True,True,True,True,True,False,False,False,,
1.1629683944790568,0.6068672985107191,88.47970618989316,1461.8884368634149,22.2958984129902,112.26059552202618,88.47970618989316,0.0,0.0,True,True,True,True,True,False,False,False,,
0.6585213359205703,0.850738335950513,59.340171815724844,928.8808980886754,9.930736222972808,146.50420858945162,59.34017181572484,0.0,0.0,True,True,True,True,True,False,False,False,,
0.9162358509801098,1.0007168916340115,91.05235502831178,913.5842992349012,21.94232312360632,106.46827352180439,91.05235502831178,0.0,0.0,True,True,True,True,True,False,False,False,,
0.7823556782808605,0.6474010491692629,102.68151364691909,1649.4985285597497,28.921235022580998,110.43945974846818,102.68151364691909,0.0,0.0,True,True,True,True,True,False,False,False,,
0.8504935059151093,0.5986634104231336,94.96304297184815,1442.9831137292842,25.18182868069787,113.43793776354636,94.96304297184815,0.0,0.0,True,True,True,True,True,False,False,False,,
0.4235796686405314,1.0644809671287623,109.71363935740744,980.4108076540298,27.72003881202068,117.45384833237735,103.75023683913635,0.0,0.0,True,True,True,True,True,False,False,False,,
0.4247122548778417,1.0960457483782706,88.13526039064942,1637.1555088273062,22.232124015202324,121.70692024388252,88.13526039064942,0.0,0.0,True,True,True,True,True,False,False,False,,
0.8935591635437191,1.028949340790219,82.1702520517434,1379.1057319175266,19.21307846082083,111.8041018104334,82.1702520517434,0.0,0.0,True,True,True,True,True,False,False,False,,
0.6153544763179966,0.8171233472037159,100.24934264875937,164.53073804562217,6.457317002802359,176.87629031077137,51.22756388667463,0.0,0.0,True,True,True,False,False,False,False,False,,
0.8312935353313851,0.9948146414669305,58.411357196000374,1221.86116753231,10.17475852241762,142.69865697025077,58.41135719600038,0.0,0.0,True,True,True,True,True,False,False,False,,
1.1178210722653048,0.9290828429747711,95.05692049080785,1496.5317790705885,25.551092093252887,101.82228352512526,95.05692049080785,0.0,0.0,True,True,True,True,True,False,False,False,,
0.8644492191513935,0.682870965657035,79.8795757689564,504.9613047152499,16.18728373297918,121.77037068041012,79.8795757689564,0.0,0.0,True,True,True,True,True,False,False,False,,
0.45673467922823796,0.9647978151645393,98.09916281311749,420.9604926864039,12.508218797391825,138.399204790927,70.59438550635181,0.0,0.0,True,True,True,True,True,False,False,False,,
0.5111438207514529,0.8206939478799989,92.11630924835227,1680.5141816959126,24.085386716195146,118.82410935155079,92.11630924835227,0.0,0.0,True,True,True,True,True,False,False,False,,
0.47158139709723673,0.5869557893050087,59.764549329067584,980.9211811615389,10.11795471474477,154.37545323026848,59.76454932906758,0.0,0.0,True,True,True,False,False,False,False,False,,
0.5927380112925884,0.679248505435298,88.59822968166318,988.644060179969,20.89091856651694,120.66703864723299,88.59822968166318,0.0,0.0,True,True,True,True,True,False,False,False,,
0.5242044920035616,0.852137374584641,77.24819091020495,822.6247726042263,15.791774603441985,127.97974012303528,77.24819091020495,0.0,0.0,True,True,True,True,True,False,False,False,,
0.7488172140538205,1.0556819458255315,59.94831855929625,956.5323349945545,10.173369730266257,142.00998652674204,59.948318559296254,0.0,0.0,True,True,True,True,True,False,False,False,,
1.002570623992304,0.6501552051469951,69.8014994303978,393.44883217305187,12.304484292146228,132.2913239851095,69.8014994303978,0.0,0.0,True,True,True,True,True,False,False,False,,
0.9111876706806014,0.5369203646367919,106.72156346344033,1139.7398014038736,30.395671126784467,111.40764354147105,106.72156346344033,0.0,0.0,True,True,True,True,True,False,False,False,,
0.8262285278333525,0.9208971251627948,87.20620528480742,735.1006190827501,19.736595452108094,111.89362220183114,87.20620528480742,0.0,0.0,True,True,True,True,True,False,False,False,,
1.0527673836078715,0.5942039619830755,95.69939570611962,1375.795653271069,25.50167345976691,110.23985259753371,95.69939570611962,0.0,0.0,True,True,True,True,True,False,False,False,,
1.1321726808271118,1.0651428482769703,64.74127262516815,787.7987544837032,11.40609573755302,130.98112720860834,64.74127262516815,0.0,0.0,True,True,True,True,True,False,False,False,,
0.4459741997034993,0.9334947354624492,98.74119833486193,543.1199018572247,15.852208436846192,130.2280828673275,79.2355769577875,0.0,0.0,True,True,True,True,True,False,False,False,,
0.9116233875210483,0.7442565783988928,109.96012105713419,1096.783571970397,32.007335001747045,102.90829883737752,109.96012105713419,0.0,0.0,True,True,True,True,True,False,False,False,,
0.5222251741461674,0.7980160285384008,83.64392976521921,978.2458141473686,18.699162034609103,123.767811082971,83.64392976521921,0.0,0.0,True,True,True,True,True,False,False,False,,
1.19284492819803,1.0093303780591056,104.90957400226895,888.3099260926213,28.72821011638143,95.91380063010891,104.90957400226895,0.0,0.0,True,True,True,True,True,False,False,False,,
0.9605681731036075,0.6098339796213389,60.09343919889699,885.2532542555327,10.10786550016764,144.96315125739216,60.09343919889699,0.0,0.0,True,True,True,True,True,False,False,False,,
0.6618713551657218,0.578271139074216,100.91909033303966,743.0829370811368,25.948202731549344,117.26892906663775,100.91909033303966,0.0,0.0,True,True,True,True,True,False,False,False,,
1.1516106930850998,0.6941183729586828,53.18183645716472,1056.6823501483027,8.397781539738643,155.3179302945965,53.18183645716472,0.0,0.0,True,True,True,False,False,False,False,False,,
0.9435771102832683,0.8724680343630506,64.58088135472636,1115.3174105440294,11.95893270126271,132.75233633534296,64.58088135472636,0.0,0.0,True,True,True,True,True,False,False,False,,
0.6367609888245545,0.6385965507367684,96.93614448650793,142.19804611910092,5.7642961506911865,188.69712594885834,48.44539902170491,0.0,0.0,True,True,True,False,False,False,False,False,,
0.9253229181979252,0.7261619381628606,87.33685194987805,889.5529714779284,20.225405333248258,113.10821365603712,87.33685194987805,0.0,0.0,True,True,True,True,True,False,False,False,,
0.9296816477094296,0.6734623833650055,75.28683521285701,297.69641611225643,14.010308445368667,126.68555111317717,75.28683521285701,0.0,0.0,True,True,True,True,True,False,False,False,,
0.5139451204997678,0.5821898033026947,70.00208507049828,950.4341730715254,13.414029893014519,139.80458223040947,70.00208507049828,0.0,0.0,True,True,True,True,True,False,False,False,,
0.8683220388115249,0.5835762472237251,76.05678313876453,1282.6081567692056,16.468872937536176,125.19234351110276,76.05678313876453,0.0,0.0,True,True,True,True,True,False,False,False,,
0.6422818067524257,0.9118429399364252,60.96972327606103,1250.2126602954527,11.000631561593302,141.76421518820706,60.969723276061025,0.0,0.0,True,True,True,True,True,False,False,False,,
0.48664869246595566,0.843062212728515,69.68589852426709,1409.8211230485347,14.225497070274782,135.0224326042837,69.68589852426709,0.0,0.0,True,True,True,True,True,False,False,False,,
0.95989639796729,0.8597243187714978,86.3875776541642,494.6574545191663,18.80718150247578,112.11217663106521,86.3875776541642,0.0,0.0,True,True,True,True,True,False,False,False,,
0.47434901197003476,0.8149608494937308,78.3611474051809,949.5566889067119,16.478331555419093,129.41476738664466,78.3611474051809,0.0,0.0,True,True,True,True,True,False,False,False,,
1.1508280765075272,0.6400693377905844,84.88072905018464,1349.555115493161,20.3701853229798,113.63079431450697,84.88072905018464,0.0,0.0,True,True,True,True,True,False,False,False,,
1.183887033205544,1.0332205995652037,78.50240755703939,866.0807198934584,16.53756927610499,113.16334749046202,78.50240755703939,0.0,0.0,True,True,True,True,True,False,False,False,,
1.1696690930398246,1.0846481831674073,104.47028930546799,1071.314648042874,29.09048548508674,95.05567124471152,104.47028930546799,0.0,0.0,True,True,True,True,True,False,False,False,,
0.8261220116666348,0.5808669450760827,57.625054893947706,1273.7716115995536,10.025055550558319,149.3762477148225,57.6250548939477,0.0,0.0,True,True,True,True,True,False,False,False,,
1.1140022146465973,0.5928600031428949,97.06589973894356,1262.0343292572552,25.865188988510408,109.09341086583775,97.06589973894356,0.0,0.0,True,True,True,True,True,False,False,False,,
0.862294060478642,0.5628809075697134,58.87313310353555,355.0543794681478,8.811904235088894,153.90117397865006,58.87313310353555,0.0,0.0,True,True,True,False,False,False,False,False,,
1.004479284581471,0.613017088885815,61.240380442920895,331.14740601057895,9.467422012743379,147.09014449579297,61.2403804429209,0.0,0.0,True,True,True,True,True,False,False,False,,
0.6535142590147346,0.8602577467228696,77.52091093583948,965.9990166292557,16.27703298731129,123.09069847280013,77.52091093583948,0.0,0.0,True,True,True,True,True,False,False,False,,
1.1808092541686668,1.0344291915857324,105.53594544748267,500.21214834992793,27.763804512137423,96.24396088544093,105.53594544748267,0.0,0.0,True,True,True,True,True,False,False,False,,
0.6330451490544425,0.6580399552785534,58.3635830756284,1643.4753107266997,10.868957583637384,148.6571037395516,58.3635830756284,0.0,0.0,True,True,True,True,True,False,False,False,,
0.7151753877169901,0.9449895442391443,57.15744896162048,186.33739629887626,8.032325399944671,157.19301188032017,57.15744896162048,0.0,0.0,True,True,True,False,False,False,False,False,,
0.44843344588588824,0.6611927107480973,61.152976748268465,298.74217539916066,8.674698457304537,161.44429876484972,58.927059006337096,0.0,0.0,True,True,True,False,False,False,False,False,,
0.796467536892171,0.5601393586005969,76.54615583967283,761.6060844727411,15.481325418166962,127.89790066658324,76.54615583967283,0.0,0.0,True,True,True,True,True,False,False,False,,
0.4581918509593409,0.6233867298578685,65.16780725817311,1027.2724993727106,11.903172373038448,146.2093575537349,65.16780725817311,0.0,0.0,True,True,True,True,True,False,False,False,,
0.5229684895779273,0.8065556216026297,94.8049749408224,331.76284650038764,11.196821707256374,142.72585747429972,67.06086237041194,0.0,0.0,True,True,True,True,True,False,False,False,,
0.7228604398337127,0.705375822135032,69.98526177949185,1277.3465562071087,14.13069095298877,130.64804175394264,69.98526177949185,0.0,0.0,True,True,True,True,True,False,False,False,,
0.5544341724148287,0.6420211666132338,107.78740150116508,1168.4313997389845,30.688766645749286,117.22483222186212,107.78740150116508,0.0,0.0,True,True,True,True,True,False,False,False,,
0.9740885933786887,1.0056705493854154,56.733610898679494,967.1079812617637,9.249309526061372,146.082392923765,56.733610898679494,0.0,0.0,True,True,True,True,True,False,False,False,,
0.7697530215909641,1.0220853135483359,90.26519602163887,982.6199498661825,21.717268807738993,109.10008133665427,90.26519602163887,0.0,0.0,True,True,True,True,True,False,False,False,,
0.7490879442889493,0.688992823853779,60.764249751814745,1360.6367192501848,11.145577733450809,142.67420711720388,60.764249751814745,0.0,0.0,True,True,True,True,True,False,False,False,,
0.6047865395153516,0.8927490083537263,96.70297612786226,803.806686057269,24.06413560560688,112.63496040343753,96.70297612786226,0.0,0.0,True,True,True,True,True,False,False,False,,
1.1924152494660132,0.7110832963461735,56.548615560859126,1642.3259637167941,10.338613424247479,145.09951631317904,56.548615560859126,0.0,0.0,True,True,True,True,True,False,False,False,,
0.8608716511283037,0.7340135213156039,53.265222169498145,1267.0642211684838,8.747948780155234,155.3575878373992,53.265222169498145,0.0,0.0,True,True,True,False,False,False,False,False,,
1.0300291026464612,0.5030441388936517,72.99311299158165,714.8173781430015,14.095716220859739,130.5250516135386,72.99311299158165,0.0,0.0,True,True,True,True,True,False,False,False,,
0.498249370912184,0.8445796549373483,54.76132072156107,1720.5410859517517,9.882486474680043,155.8789626855459,54.76132072156107,0.0,0.0,True,True,True,False,False,False,False,False,,
0.4172316704383189,0.9786784763141162,54.489214302720015,409.81245775143714,7.648735511470225,167.83367077181055,54.489214302720015,0.0,0.0,True,True,True,False,False,False,False,False,,
0.7096305695465468,0.7007489064380622,97.90830794449276,622.4732246513703,24.17759597531175,113.09605859710699,97.90830794449276,0.0,0.0,True,True,True,True,True,False,False,False,,
0.8628108351783412,1.0489698554393758,82.4712022329057,712.2744118407905,17.711668326049885,113.50385858298716,82.4712022329057,0.0,0.0,True,True,True,True,True,False,False,False,,
1.0838922586561197,0.9472564515197661,109.11640321904312,513.5652324982059,29.61683779563899,97.09483362267652,109.11640321904312,0.0,0.0,True,True,True,True,True,False,False,False,,
0.40971911907391334,0.8674602435220262,83.43347738973252,118.69247677993793,3.133164388568599,279.01512573966795,35.503585122340034,0.0,0.0,True,True,True,False,False,False,False,False,,
0.6705338978718491,0.9891418612415372,89.13733143056515,1529.7915571280773,22.622704172173087,111.79998678067778,89.13733143056515,0.0,0.0,True,True,True,True,True,False,False,False,,
0.5902990389731075,0.6703788730938511,62.29104634575394,390.13428759380486,9.844995471589165,149.59188559616194,62.29104634575394,0.0,0.0,True,True,True,True,True,False,False,False,,
0.7018111532037083,0.9206387616165437,85.10997871456183,1623.8627400176742,21.04591173576792,114.30852921971878,85.10997871456183,0.0,0.0,True,True,True,True,True,False,False,False,,
0.7860060141881806,0.5686852329537555,55.392315841789774,1606.1727288435845,9.910595412440788,153.5282111622684,55.392315841789774,0.0,0.0,True,True,True,False,False,False,False,False,,
0.7806255434304175,0.9473575848929632,60.545427993407884,1148.2421920204824,10.700770375154717,140.21027740859867,60.545427993407884,0.0,0.0,True,True,True,True,True,False,False,False,,
0.8438898311699397,0.7739902897589712,86.42721665239343,1451.688034946894,21.252193796478767,113.18105591155252,86.42721665239343,0.0,0.0,True,True,True,True,True,False,False,False,,
0.8214824930295052,0.7195113169748851,57.72016500162003,858.7610939488521,9.344164932077438,149.22893565201477,57.72016500162003,0.0,0.0,True,True,True,True,True,False,False,False,,
0.6876279186975645,0.726882949165016,99.29146801881305,967.7794943695683,25.871238852634228,111.90272017857667,99.29146801881305,0.0,0.0,True,True,True,True,True,False,False,False,,
0.7118008152932206,0.9770353226196098,50.82725771733293,407.5162255638541,6.742724587114196,170.83329171933386,50.82725771733293,0.0,0.0,True,True,True,False,False,False,False,False,,
0.6633149575937948,0.8578582442098714,79.35490603423136,618.2452871382079,16.191511773617897,122.61834236686747,79.35490603423136,0.0,0.0,True,True,True,True,True,False,False,False,,
0.7400491895710848,0.7570894287397143,79.89202475637009,1043.404998634313,17.423682699871378,120.62149854042795,79.89202475637009,0.0,0.0,True,True,True,True,True,False,False,False,,
1.0646122711289911,0.68723116187965,90.47322023744437,1495.6137194147677,23.30299385100953,109.68206578756225,90.47322023744437,0.0,0.0,True,True,True,True,True,False,False,False,,
0.5259546322430851,0.5778923808192556,84.72673036503852,1056.3105548630629,19.349257872994528,128.17153051496527,84.72673036503852,0.0,0.0,True,True,True,True,True,False,False,False,,
0.6674604664138979,0.9932135511588083,85.63323839402119,1372.5630207427728,20.625990787114823,114.07750434120666,85.63323839402119,0.0,0.0,True,True,True,True,True,False,False,False,,
1.177415719937419,0.6722164915476121,50.963958944487736,349.50798855867765,6.702849948443762,170.17652637138568,50.963958944487736,0.0,0.0,True,True,True,False,False,False,False,False,,
0.4858831463890845,0.8771885348615405,53.73320772566642,883.7626192462205,8.228631108521432,162.2331979993162,53.73320772566642,0.0,0.0,True,True,True,False,False,False,False,False,,
0.646908890179058,0.879852577984404,88.20383225601046,1163.8157435545365,21.21422279955797,114.88342921465883,88.20383225601046,0.0,0.0,True,True,True,True,True,False,False,False,,
0.9443171067882299,0.9968331756250274,75.36948983435533,294.34197003437095,14.03495029279973,121.99323559864834,75.36948983435533,0.0,0.0,True,True,True,True,True,False,False,False,,
0.6679066685956568,0.7410086983236134,75.88639986968951,1531.5111894709773,16.906732936961003,125.0038028306785,75.88639986968951,0.0,0.0,True,True,True,True,True,False,False,False,,
0.7741787603654321,0.7420075574468388,73.48418124186625,1153.3895347277319,15.176277124872387,125.71010725703553,73.48418124186625,0.0,0.0,True,True,True,True,True,False,False,False,,
0.4361924149443299,0.9674284064597007,58.1260827812267,837.158129329286,9.373925590671085,154.65505136660585,58.1260827812267,0.0,0.0,True,True,True,False,False,False,False,False,,
0.5306213730253626,1.050015815105621,96.37578156482195,1441.91962599469,25.709118265913958,112.78585344924153,96.37578156482195,0.0,0.0,True,True,True,True,True,False,False,False,,
1.073306416142928,0.8039632815735103,82.11755786201579,320.0114183115692,16.660294088010406,115.92166018450187,82.11755786201579,0.0,0.0,True,True,True,True,True,False,False,False,,
0.5388916587459168,0.660404395843555,62.414594028868486,1640.4224058253237,12.158144744818031,144.6451858020161,62.41459402886848,0.0,0.0,True,True,True,True,True,False,False,False,,
0.8984531645000768,1.0312393125582053,77.22286518914278,149.874309350078,8.515400559982002,150.26654331780406,59.07841256781397,0.0,0.0,True,True,True,False,False,False,False,False,,
1.0702999022123008,0.9345934670934218,93.57512912003409,755.2595331359603,22.703962432805536,104.13655370475082,93.57512912003409,0.0,0.0,True,True,True,True,True,False,False,False,,
1.122479634458677,0.957480695514017,87.89932050036322,1297.660045223753,21.588420027923654,105.86570838281338,87.89932050036322,0.0,0.0,True,True,True,True,True,False,False,False,,
1.1693049568344298,0.7721808568683043,96.52756390772129,1340.3478502736732,25.842897578089328,103.52995017979576,96.52756390772129,0.0,0.0,True,True,True,True,True,False,False,False,,
1.1666479398773772,0.8815539227333772,82.53745536187816,1637.615913043774,20.049957580866593,110.10877403259906,82.53745536187816,0.0,0.0,True,True,True,True,True,False,False,False,,
0.5018970727327386,0.63937924398216,58.20319859610388,278.5833211468629,8.449604025070862,161.57467940746528,58.20319859610388,0.0,0.0,True,True,True,False,False,False,False,False,,
0.6139504935630141,0.5866486871183639,102.7484776372653,860.1639445324537,27.168201746933384,117.94637223662569,102.7484776372653,0.0,0.0,True,True,True,True,True,False,False,False,,
1.1677992708883727,1.0912215987904976,94.26678955246773,335.2287073508204,21.847872070435717,102.22269703356065,94.26678955246773,0.0,0.0,True,True,True,True,True,False,False,False,,
0.7209508301190876,0.5874351290628957,82.60320351448743,258.37708982114145,11.886776021736733,138.85331755743343,69.4860017410469,0.0,0.0,True,True,True,True,True,False,False,False,,
0.9521280900356163,0.898154054198677,86.82507007559687,1415.7293691193072,21.370105215340228,109.15652825297433,86.82507007559687,0.0,0.0,True,True,True,True,True,False,False,False,,
1.1541485643375051,0.799179909066682,87.01288839813563,1070.8550820539454,20.604046671707987,108.86746975949235,87.01288839813563,0.0,0.0,True,True,True,True,True,False,False,False,,
0.5628804657825476,0.7185831266731721,92.70796706083162,544.9579630792705,19.934219092759317,121.67461062668518,89.16760229462324,0.0,0.0,True,True,True,True,True,False,False,False,,
1.155934016122945,0.8367671835888422,58.848713350093945,626.5726471153711,9.291559323759586,144.719757417639,58.848713350093945,0.0,0.0,True,True,True,True,True,False,False,False,,
0.9569798369045549,0.8390741693064871,52.681884359984345,1569.4177657646953,9.070290127337609,153.49688888517565,52.681884359984345,0.0,0.0,True,True,True,False,False,False,False,False,,
0.7820296137948384,1.0797165784855436,54.46943384709583,955.9758064753069,8.576631517207847,152.6461665414433,54.46943384709583,0.0,0.0,True,True,True,False,False,False,False,False,,
1.1828971569023383,1.001237515633108,95.28973765167281,1019.2287476195319,24.29900920870549,100.54930439826464,95.28973765167281,0.0,0.0,True,True,True,True,True,False,False,False,,
0.5431063805473783,0.8242283217199293,64.44336045923764,728.3248875896588,11.128034216583542,142.58701628067752,64.44336045923764,0.0,0.0,True,True,True,True,True,False,False,False,,
1.0249354037790783,0.923329250807222,77.97888105858439,1428.0660909065773,17.595461367359416,114.90206530727278,77.97888105858439,0.0,0.0,True,True,True,True,True,False,False,False,,
0.7836489089143748,0.8871793963523428,105.73631210990341,752.9113757480749,28.492780128131876,104.09663600016627,105.73631210990341,0.0,0.0,True,True,True,True,True,False,False,False,,
0.7656961474485577,1.010200807219963,97.74348382681329,599.4666076014178,24.06897295052014,106.3213322746485,97.74348382681329,0.0,0.0,True,True,True,True,True,False,False,False,,
0.5603355634963066,0.6591569503496475,107.36092478451054,1064.3060023614382,30.119761287699557,116.39816973220495,107.36092478451054,0.0,0.0,True,True,True,True,True,False,False,False,,
0.5212302559696409,0.6019783244474114,78.30837633612572,465.6757434641796,15.376273311653938,133.60676270806306,78.30837633612572,0.0,0.0,True,True,True,True,True,False,False,False,,
0.8152661698460122,0.5506829507040402,73.74990642459244,921.8467825963469,14.786323980726358,129.90109558429734,73.74990642459244,0.0,0.0,True,True,True,True,True,False,False,False,,
0.6804831088136586,0.9184418672112276,91.65523800211903,1021.8683973427256,22.408687912103364,111.77083642140872,91.65523800211903,0.0,0.0,True,True,True,True,True,False,False,False,,
0.7366058972484064,0.695656730200721,52.1350613412708,1323.4885321590268,8.517824664735167,159.68459010750172,52.1350613412708,0.0,0.0,True,True,True,False,False,False,False,False,,
0.6697931522386145,0.6964177605098844,53.8909122576444,809.4575046125707,8.171657669072221,160.3460493709408,53.8909122576444,0.0,0.0,True,True,True,False,False,False,False,False,,
1.1731408357022595,1.0232881151352649,56.14868787764552,418.4723433449005,8.17085105707085,151.52263596319764,56.14868787764552,0.0,0.0,True,True,True,False,False,False,False,False,,
0.7373234717959218,0.8669602621071117,80.61035531874937,316.89838146193773,14.9408492883447,123.86277932792129,77.82274382396561,0.0,0.0,True,True,True,True,True,False,False,False,,
1.0357310734085128,0.6863948108722883,54.01215601348506,602.6540877259467,7.888703211426193,158.48800105647467,54.01215601348506,0.0,0.0,True,True,True,False,False,False,False,False,,
1.172189690914776,0.798472191317574,58.963150810375,1245.9151875624443,10.40336651485525,140.64374922993326,58.963150810375,0.0,0.0,True,True,True,True,True,False,False,False,,
0.7068088083073716,0.8139082758788148,50.746807724978666,1731.0746145795788,8.770160710577363,160.6626876068757,50.746807724978666,0.0,0.0,True,True,True,False,False,False,False,False,,
1.0744556894159727,0.9659397641936863,96.91912550924877,201.46186351679364,13.681093407311243,122.2005075431002,74.90454615187622,0.0,0.0,True,True,True,True,True,False,False,False,,
0.7149354731923488,0.5796667612044195,102.12816848551213,1338.2058633925772,28.36770263153429,114.89929738820521,102.12816848551213,0.0,0.0,True,True,True,True,True,False,False,False,,
0.7192865477840937,0.8452045593177709,100.84515606351026,230.34478553169052,10.560227359323022,140.7261616736886,65.53263944605975,0.0,0.0,True,True,True,True,True,False,False,False,,
0.6415403367846902,0.7896816135116596,104.1523191331782,1638.693167487705,29.886337857180134,110.05904329204014,104.1523191331782,0.0,0.0,True,True,True,True,True,False,False,False,,
1.0706446534340799,0.5398621330419625,93.6399114813182,869.3979747003355,23.057871198915684,113.53217089292733,93.6399114813182,0.0,0.0,True,True,True,True,True,False,False,False,,
0.48373990822376883,1.0871312978687353,88.94369368705355,1018.15349174019,21.025222058759873,118.69743268180775,88.94369368705355,0.0,0.0,True,True,True,True,True,False,False,False,,
0.4816355624862953,0.7208323926764106,62.6477505883817,1048.2114380829896,11.135086140939242,146.84212381093167,62.647750588381705,0.0,0.0,True,True,True,True,True,False,False,False,,
0.9483283594889584,0.6810599627776942,82.74217808693666,760.8770149449208,17.960733674642928,117.33119555782957,82.74217808693666,0.0,0.0,True,True,True,True,True,False,False,False,,
0.9475632911622244,0.8052358778562678,63.501850374066436,1642.9545442662554,12.582643693903826,133.74610181130257,63.50185037406644,0.0,0.0,True,True,True,True,True,False,False,False,,
0.6474705580007803,0.7714213920890458,80.7119144283466,1626.7380497494291,19.10818974129953,121.08590125968486,80.7119144283466,0.0,0.0,True,True,True,True,True,False,False,False,,
0.9098672563683456,1.0790713356560269,103.608175325203,316.3139609747214,18.32890417383658,111.08863832169358,86.37055235515216,0.0,0.0,True,True,True,True,True,False,False,False,,
0.8524062034282054,1.0814986004771558,104.73616255870454,267.1173242834335,14.486879082896937,121.09138426605438,76.8230998702859,0.0,0.0,True,True,True,True,True,False,False,False,,
1.1609117341084503,0.6224205191349602,107.19101609935416,446.63163528867466,28.422178814749063,104.81697532344471,107.19101609935416,0.0,0.0,True,True,True,True,True,False,False,False,,
1.139663683186122,0.6351160305320163,65.80127572293213,958.3466628074369,12.082225305336532,133.54955497725936,65.80127572293213,0.0,0.0,True,True,True,True,True,False,False,False,,
0.5433763605578302,0.715344154526877,108.70387362594796,672.9968260262336,23.914866468200287,118.66671698364442,97.35861271886243,0.0,0.0,True,True,True,True,True,False,False,False,,
1.1500953103168405,0.9576408049647345,57.31392398138081,981.5373043051719,9.450462826581441,143.92541944688767,57.31392398138081,0.0,0.0,True,True,True,True,True,False,False,False,,
1.128771094744737,0.8216706584863669,72.02928920718034,786.437284326327,13.907623022636207,123.27864498822773,72.02928920718034,0.0,0.0,True,True,True,True,True,False,False,False,,
0.833206172348968,0.8211579628519972,96.10313846720754,1267.9794999752871,25.30046522168823,107.37813013410722,96.10313846720754,0.0,0.0,True,True,True,True,True,False,False,False,,
0.6431987656564317,0.989428778788114,56.167760006671266,1131.5816424892157,9.33821406307228,150.3788272802505,56.167760006671266,0.0,0.0,True,True,True,False,False,False,False,False,,
0.6505479553301396,0.9278515982372874,103.804519954534,540.1575623130373,22.746773172668952,111.78639834214272,95.43713359522553,0.0,0.0,True,True,True,True,True,False,False,False,,
0.9541560740718046,0.686833749861441,80.74955627069494,1509.6558623817368,18.932254911086588,117.35850487215139,80.74955627069494,0.0,0.0,True,True,True,True,True,False,False,False,,
0.7635893250453316,1.0104299127301073,104.36767570446217,975.608023183336,28.508088168065548,102.82096221379369,104.36767570446217,0.0,0.0,True,True,True,True,True,False,False,False,,
0.5441072146159818,0.9397096695161469,78.09560009009576,1110.5040081634938,16.78508864530214,124.53321826765405,78.09560009009576,0.0,0.0,True,True,True,True,True,False,False,False,,
0.5222637608062586,0.7739308229883592,94.34384344229068,1262.9956349107463,24.20248058300922,118.4776206322297,94.34384344229068,0.0,0.0,True,True,True,True,True,False,False,False,,
0.44759520201589753,0.8711978202185224,98.64343178100775,1161.0872779358406,25.845142100601773,119.6240742855922,98.64343178100775,0.0,0.0,True,True,True,True,True,False,False,False,,
0.910373209501202,0.9826088943770876,103.14381367656269,768.4122424810664,27.3098199573416,100.99469249252992,103.14381367656269,0.0,0.0,True,True,True,True,True,False,False,False,,
0.5883597736501789,0.73174295207542,89.69855638996455,124.35646870070607,4.663158666464878,211.55722203242684,43.548497456188045,0.0,0.0,True,True,True,False,False,False,False,False,,
0.9737195892787798,0.6713867916448026,88.80502243357246,1296.9924888471876,21.967264645893103,112.22629366839477,88.80502243357246,0.0,0.0,True,True,True,True,True,False,False,False,,
0.5775363559659111,0.6384701127704184,93.39846099894986,497.3412632013909,18.61595062155545,124.87487439727327,86.28482235292256,0.0,0.0,True,True,True,True,True,False,False,False,,
1.052999097548165,0.9223527012250534,56.01486967712824,778.5909566567856,8.730615912698017,149.25464714910845,56.01486967712824,0.0,0.0,True,True,True,True,True,False,False,False,,
0.711420490371766,0.6148174862906274,78.53293424481481,170.4192408125119,7.70876094878697,163.71864572522617,56.05830944087355,0.0,0.0,True,True,True,False,False,False,False,False,,
0.7214934258366048,0.9297169026657928,98.17180655254434,1149.561242040311,25.899268219545128,107.25590906633768,98.17180655254434,0.0,0.0,True,True,True,True,True,False,False,False,,
0.5727263395506987,0.5475912826486883,74.53571207733921,703.001125294647,14.53756592187654,135.4762659040021,74.53571207733921,0.0,0.0,True,True,True,True,True,False,False,False,,
1.0478280892530245,0.5735367539578184,98.69430035643433,221.08892210349842,14.659824151712673,126.00172984593337,77.49006193213758,0.0,0.0,True,True,True,True,True,False,False,False,,
1.0946715384104402,0.6973387340318264,78.79182766898097,1691.425584402144,18.463822852797712,117.16007075882852,78.79182766898097,0.0,0.0,True,True,True,True,True,False,False,False,,
0.6399011424230708,0.6937343546159913,70.20294679209086,1171.9935102466584,13.97627403669833,132.66678209881692,70.20294679209086,0.0,0.0,True,True,True,True,True,False,False,False,,
1.186854121407039,0.8707518598658905,102.66373279560973,809.7429445403151,27.313940720777246,99.24279326234216,102.66373279560973,0.0,0.0,True,True,True,True,True,False,False,False,,
0.8723535726156875,0.7530854831292471,62.71483838728523,826.0006911523265,10.808767136304093,139.34474281401165,62.714838387285226,0.0,0.0,True,True,True,True,True,False,False,False,,
1.1194547367354655,0.5961934137305431,50.334864876489696,327.80976436864,6.512845562747587,173.89691457225456,50.334864876489696,0.0,0.0,True,True,True,False,False,False,False,False,,
0.509618432586083,0.5460026199291805,100.75078532894905,165.34428502237776,5.401917017736692,198.81141743228184,46.73418320667258,0.0,0.0,True,True,True,False,False,False,False,False,,
1.1234438312116652,1.007828362902758,57.37117497302266,464.13821610650865,8.586490849293954,148.4510218422308,57.37117497302266,0.0,0.0,True,True,True,True,True,False,False,False,,
0.9712657148931786,0.7030706079983737,102.31731675072763,1473.2330242575522,29.014251172013555,105.2386399223317,102.31731675072763,0.0,0.0,True,True,True,True,True,False,False,False,,
0.8182930813091134,1.0742704494264745,52.9541703514759,1046.5797467913703,8.307159332086629,155.09863887965724,52.9541703514759,0.0,0.0,True,True,True,False,False,False,False,False,,
0.5284567661289216,0.5551870733425602,93.59462378258978,1621.757043692819,24.219195206736796,124.9549910029983,93.59462378258978,0.0,0.0,True,True,True,True,True,False,False,False,,
0.7137981240964951,0.5262891977793617,79.86879175243286,265.76181442382875,12.111710272126025,139.8322698472464,70.1215471636932,0.0,0.0,True,True,True,True,True,False,False,False,,
0.84092567482145,0.5520146069985047,66.18315411081221,1444.2283977947288,13.123937632101883,136.60107161752336,66.18315411081221,0.0,0.0,True,True,True,True,True,False,False,False,,
0.6325547402835017,0.5531234794765959,106.03181937451899,281.2339812344061,11.397272847082661,143.5010408261545,67.90479670750481,0.0,0.0,True,True,True,True,True,False,False,False,,
0.9136421318607965,0.6172709433652837,97.1668544472686,1082.9203332977327,25.312363774738884,110.95084521975886,97.1668544472686,0.0,0.0,True,True,True,True,True,False,False,False,,
0.423792636052233,0.9378181045843623,107.51721046248065,1422.3395822591995,31.114582636286805,118.17809389173009,107.51721046248065,0.0,0.0,True,True,True,True,True,False,False,False,,
0.9484463513928709,0.8918960225644099,63.929483131603654,681.8995194674948,10.93323069924074,135.9971630589827,63.92948313160365,0.0,0.0,True,True,True,True,True,False,False,False,,
1.020168669387274,0.6980545096915598,75.39980361641854,1758.2951878967901,17.12060757192128,120.78192978403086,75.39980361641854,0.0,0.0,True,True,True,True,True,False,False,False,,
0.9868508391058243,0.7675197213313063,95.13944059047091,1328.8700558884561,25.06772650527362,106.4173285548342,95.13944059047091,0.0,0.0,True,True,True,True,True,False,False,False,,
1.0885348052183859,0.7366375621692107,63.22346745381322,1363.660966341702,11.980084289843447,134.4956313714286,63.22346745381323,0.0,0.0,True,True,True,True,True,False,False,False,,
0.5881418831388271,0.8977262776038774,83.52856803129,1132.127981893849,19.074029382368387,119.47295962701446,83.52856803129,0.0,0.0,True,True,True,True,True,False,False,False,,
0.8857271682981376,0.7629971105076827,74.8958625204976,1361.1384794270098,16.18881854532926,121.8438367647853,74.8958625204976,0.0,0.0,True,True,True,True,True,False,False,False,,
0.8875886378378084,0.8306535331219167,107.15828960687739,470.00055405793165,26.75199465710093,104.21521624629752,103.98544402182871,0.0,0.0,True,True,True,True,True,False,False,False,,
0.507582239135361,0.6132880680683994,54.27686910519584,872.6364673400602,8.361844818635241,163.7207715990723,54.27686910519584,0.0,0.0,True,True,True,False,False,False,False,False,,
1.0318598514981074,0.5989151982149311,55.251323785014534,1151.5883736075057,9.13076703663499,152.3151482002607,55.251323785014534,0.0,0.0,True,True,True,False,False,False,False,False,,
0.6071631905124188,1.0825175751551388,71.38947853912143,385.4199051247636,12.761298291815908,131.42940943665474,71.38947853912143,0.0,0.0,True,True,True,True,True,False,False,False,,
0.9710113507616979,0.7489049714959886,109.01932276966205,1559.031845139333,32.53638735302085,101.8866763264049,109.01932276966205,0.0,0.0,True,True,True,True,True,False,False,False,,
0.44366255389644804,0.5018374382235947,63.70981246087345,1729.825974786562,12.653724204639955,150.6248373646576,63.70981246087345,0.0,0.0,True,True,True,False,False,False,False,False,,
0.805203593347644,0.9817278940041124,98.4473453078392,1356.9985328204857,26.717174915162705,104.20329529149807,98.4473453078392,0.0,0.0,True,True,True,True,True,False,False,False,,
0.7242113465758799,0.9399284952790457,73.30840373296678,1130.6789582997976,15.050898022019384,124.04153031003815,73.30840373296678,0.0,0.0,True,True,True,True,True,False,False,False,,
0.881236147256431,0.73462036982941,91.31717515666219,1265.2318472286715,23.017582643971696,110.71208777125254,91.31717515666219,0.0,0.0,True,True,True,True,True,False,False,False,,
0.5616221276052797,1.0221775099822974,68.95367726683034,1522.4928623465607,14.214059540525321,131.14212792216847,68.95367726683034,0.0,0.0,True,True,True,True,True,False,False,False,,
0.5074055335379761,0.9004294737209438,107.00981397831058,1240.713994610229,30.43586245819057,113.25757133927405,107.00981397831058,0.0,0.0,True,True,True,True,True,False,False,False,,
1.0174647182691776,0.8157117065559197,103.17991125646265,839.0219389169947,27.607729050492733,101.9719258284374,103.17991125646265,0.0,0.0,True,True,True,True,True,False,False,False,,
0.8768795664849426,0.5048293865829228,98.83174522472707,677.8850678748659,24.88510904955307,116.19914929568283,98.83174522472707,0.0,0.0,True,True,True,True,True,False,False,False,,
0.8280028098691243,0.511990829801008,90.91709704993531,700.9193429425218,21.267221313100784,119.90624995269977,90.91709704993531,0.0,0.0,True,True,True,True,True,False,False,False,,
0.7926165697612362,0.8487476644558152,54.18705084582795,443.8275671109878,7.666779417548918,160.594745176961,54.18705084582795,0.0,0.0,True,True,True,False,False,False,False,False,,
1.1007744964011916,0.7976201767610698,73.61373922417289,738.9154849289436,14.38141986432387,122.18772636723844,73.61373922417289,0.0,0.0,True,True,True,True,True,False,False,False,,
0.7235134749100537,0.5626189089505348,103.15979185802907,1425.3877135400105,28.802458862141684,115.08926962375736,103.15979185802907,0.0,0.0,True,True,True,True,True,False,False,False,,
0.6503780298700876,0.9769957758886824,79.63515406939715,696.218345311305,16.477364937317233,120.9316702900305,79.63515406939715,0.0,0.0,True,True,True,True,True,False,False,False,,
0.8154366434218854,0.9200738964093169,81.86323209022945,1070.227472762575,18.316800100583823,115.04945479297739,81.86323209022945,0.0,0.0,True,True,True,True,True,False,False,False,,
0.7726332232563642,1.0671119437462586,64.19400012740618,864.0161149155507,11.342214168706326,134.99943583937758,64.19400012740618,0.0,0.0,True,True,True,True,True,False,False,False,,
0.8791921453060416,0.7816166147399453,61.812626126731196,1565.7736793981942,11.867339968179106,137.46295722238446,61.812626126731196,0.0,0.0,True,True,True,True,True,False,False,False,,
1.0610929802326696,0.5878681472088144,94.93609310220896,1400.0181276190415,25.19658883263054,110.74241420769002,94.93609310220896,0.0,0.0,True,True,True,True,True,False,False,False,,
0.5252772686175992,1.088028860205759,109.19238480919589,1532.5150335242017,32.646024967827415,108.80476119926463,109.19238480919589,0.0,0.0,True,True,True,True,True,False,False,False,,
0.9331904726175552,0.6731478556228663,105.30109595253265,1783.1524826572822,30.38705480991027,105.85071346342684,105.30109595253265,0.0,0.0,True,True,True,True,True,False,False,False,,
0.7588369650199758,0.843785892472098,54.09823451595729,1109.7439043038141,8.721740648947847,154.38103178365407,54.09823451595729,0.0,0.0,True,True,True,False,False,False,False,False,,
0.5451506768465149,1.08984146579265,71.9286157146505,101.44335323628974,3.527943549838598,251.96275355165255,37.86060718771764,0.0,0.0,True,True,True,False,False,False,False,False,,
0.5858853863584268,0.6088658885736538,72.18371700459835,1047.5903069994042,14.420899797356904,134.28899927044594,72.18371700459835,0.0,0.0,True,True,True,True,True,False,False,False,,
0.8899492667687369,0.8454994780243261,77.67431631432802,1649.2212452875133,17.95186820570767,117.65291352024794,77.67431631432802,0.0,0.0,True,True,True,True,True,False,False,False,,
0.4272906250101298,0.541712700374718,71.22947655365455,883.3502600576526,13.666364220958341,143.9523120034293,71.22947655365455,0.0,0.0,True,True,True,True,True,False,False,False,,
0.52926965391925,0.9491086286352385,106.703326431286,1788.27628287543,31.309839738818383,111.15361842608019,106.703326431286,0.0,0.0,True,True,True,True,True,False,False,False,,
0.47203332380672225,1.042819093120479,86.45894310083908,1674.5777146096164,21.62821948814764,120.25706489122818,86.45894310083908,0.0,0.0,True,True,True,True,True,False,False,False,,
0.4953501138141962,0.8831742759390497,85.70647506186863,688.6716087578683,18.80316627600291,123.23075033159553,85.70647506186863,0.0,0.0,True,True,True,True,True,False,False,False,,
0.9738640316151638,0.6083793480277988,81.36142130026307,939.0840793189777,17.83041206494742,119.48459632575899,81.36142130026307,0.0,0.0,True,True,True,True,True,False,False,False,,
0.729409486986009,1.0436489272432778,58.18501211705672,1029.5897571755377,9.766951958832026,145.20670292996707,58.18501211705673,0.0,0.0,True,True,True,True,True,False,False,False,,
0.5668759517763298,0.8689791473038102,83.56417569271085,649.6541019320672,17.884048884076932,121.97192391286393,83.56417569271085,0.0,0.0,True,True,True,True,True,False,False,False,,
0.7286434783203672,0.5264355292280287,78.20088166876221,960.9800767763618,16.55518356568323,128.36360280212077,78.20088166876221,0.0,0.0,True,True,True,True,True,False,False,False,,
1.0071978370536494,0.7204341592808343,53.15772631269374,174.35097192455254,6.974254411948057,167.00720061924196,53.15772631269374,0.0,0.0,True,True,True,False,False,False,False,False,,
0.4516615370346526,1.0687481031000088,93.11056929287258,1447.1419917989497,24.051085203745426,118.20505375192485,93.11056929287258,0.0,0.0,True,True,True,True,True,False,False,False,,
0.8269572327297737,0.6767647795772317,52.09245393575529,563.1790326445091,7.311889559622269,165.9030569149965,52.09245393575529,0.0,0.0,True,True,True,False,False,False,False,False,,
0.8619737951484366,1.0845135740019995,97.3569829999018,1702.0130565239458,27.10323122553348,102.20926707346953,97.3569829999018,0.0,0.0,True,True,True,True,True,False,False,False,,
0.4910096986978535,0.6782137076310271,92.65439137028154,319.9135629195163,10.151104093341411,150.69122676668846,63.80854772386754,0.0,0.0,True,True,True,False,False,False,False,False,,
0.6122809529507061,0.5255522748314719,97.32176222930465,1375.4150490014388,25.84844639049858,121.8627954750347,97.32176222930465,0.0,0.0,True,True,True,True,True,False,False,False,,
0.9181693302979952,0.7573726100476303,84.04974835555768,1427.7726908682143,20.153738005002154,113.94545030854188,84.04974835555768,0.0,0.0,True,True,True,True,True,False,False,False,,
0.7522700072025634,0.9889313383054519,69.48268259845406,235.85226107111868,11.300634209484125,135.20374371997568,67.81478576926814,0.0,0.0,True,True,True,True,True,False,False,False,,
0.6840710538864146,0.952284021669724,97.57317311853899,626.3375855238166,24.012619927436603,109.2113894282942,97.57317311853899,0.0,0.0,True,True,True,True,True,False,False,False,,
0.8018248084189354,1.052359306417479,99.06113096383999,678.9853953660468,24.957631112730333,104.13452354214296,99.06113096383999,0.0,0.0,True,True,True,True,True,False,False,False,,
0.5559335210445555,0.8940915619097067,84.89391948372959,1148.6083865713301,19.67386236929826,119.7866811729028,84.89391948372959,0.0,0.0,True,True,True,True,True,False,False,False,,
0.6522530712455877,1.0600880579678649,95.58492886593663,485.1022816098325,20.433480332977233,112.98690363737359,90.56121147053452,0.0,0.0,True,True,True,True,True,False,False,False,,
0.9625135355166596,0.8373103258540807,70.39158687350934,136.5578865620656,8.297525197901885,152.97679179973213,58.3686051229611,0.0,0.0,True,True,True,False,False,False,False,False,,
0.6096031681425926,0.9924498305451988,101.54783620016426,1600.2771262056185,28.89313188857103,108.30508949118119,101.54783620016426,0.0,0.0,True,True,True,True,True,False,False,False,,
1.1899160903245982,0.7130795523981931,109.79351289518294,1659.3069244445312,32.935578877227265,99.85528978243752,109.79351289518294,0.0,0.0,True,True,True,True,True,False,False,False,,
1.0720077852267842,0.6788756716228276,65.14333385877464,486.5850871867431,10.960890551159796,137.2093955946453,65.14333385877464,0.0,0.0,True,True,True,True,True,False,False,False,,
1.0754914919298202,0.8083281755776108,79.36874989499387,1200.2014599901179,17.6467611424379,115.09177196557238,79.36874989499387,0.0,0.0,True,True,True,True,True,False,False,False,,
0.5526814578179575,0.922475730212026,97.80487720563475,620.8780328932335,22.381669489864446,115.76734373316255,94.31007561710084,0.0,0.0,True,True,True,True,True,False,False,False,,
0.5288803361513795,0.7583213509249767,51.209989562462845,755.5411711836489,7.365496029039083,169.77097858232918,51.209989562462845,0.0,0.0,True,True,True,False,False,False,False,False,,
1.1065478849487111,1.0067490324057067,87.43030721241874,1727.6365979557145,22.438514166941005,105.40261239060938,87.43030721241874,0.0,0.0,True,True,True,True,True,False,False,False,,
0.8632480578483803,0.7702193949965292,81.16944495954542,256.93392500751577,14.102360593220613,125.54264464135767,75.82213851356293,0.0,0.0,True,True,True,True,True,False,False,False,,
0.9956941460570247,0.5723499912957098,81.93029312926205,1551.4545108861973,19.534572108047037,119.25916611563004,81.93029312926205,0.0,0.0,True,True,True,True,True,False,False,False,,
0.6602909050381083,0.8913047341064482,70.79672675107189,908.9861574201749,13.65334358511712,129.47690280283842,70.79672675107189,0.0,0.0,True,True,True,True,True,False,False,False,,
0.4194268829974964,0.745758363892125,51.79074252045576,211.9689200932129,5.748001861565131,192.9720841597938,48.004474922108514,0.0,0.0,True,True,True,False,False,False,False,False,,
1.0495997169563782,0.7257695303132133,105.8899833267684,1321.83487091008,30.630731738285704,102.30100189263105,105.8899833267684,0.0,0.0,True,True,True,True,True,False,False,False,,
0.7882287670208784,0.7539419716045095,109.50448458032405,426.3944217472795,21.562000308215076,112.68353650215856,93.33604541833708,0.0,0.0,True,True,True,True,True,False,False,False,,
0.7559214101887914,0.9353933234467916,95.98342931852468,807.3125529235423,23.851059485916586,107.88893092250348,95.98342931852468,0.0,0.0,True,True,True,True,True,False,False,False,,
1.0995918424397486,1.0863329996741729,97.68289036128317,597.0545686232555,24.178192517351935,100.0610027722882,97.68289036128317,0.0,0.0,True,True,True,True,True,False,False,False,,
0.8399834882734645,0.8599417353232593,87.93754066800568,1502.9855649835429,22.072318053169813,110.74741261818198,87.93754066800568,0.0,0.0,True,True,True,True,True,False,False,False,,
0.9998312061087257,0.5699195443549349,102.21700672887688,582.9037445202637,26.29726326379769,110.27408722588594,102.21700672887688,0.0,0.0,True,True,True,True,True,False,False,False,,
0.9035517464829277,1.0637724160971103,93.18464197364882,437.3593809293908,21.574878703113612,106.10529034280819,93.18464197364882,0.0,0.0,True,True,True,True,True,False,False,False,,
0.6503413367462383,0.7580954489402788,81.76530005250217,805.9606265683174,17.582511033917122,121.88789165515117,81.76530005250217,0.0,0.0,True,True,True,True,True,False,False,False,,
1.158981066240131,0.5843392204463018,85.9878333128733,401.2086626680176,18.441208541027166,116.62752949826212,85.9878333128733,0.0,0.0,True,True,True,True,True,False,False,False,,
0.9199386420243256,0.9321659984584794,88.10093655637273,650.5070508255177,19.929706800123125,109.93377397434827,88.10093655637273,0.0,0.0,True,True,True,True,True,False,False,False,,
0.5944337084462091,0.7755384275955368,94.6394111974162,518.4658613003105,19.97695106487949,119.37153298846843,89.37772493050116,0.0,0.0,True,True,True,True,True,False,False,False,,
0.6171365819612136,0.8851207172782307,91.75923995851397,1543.3533186259992,23.855541031323213,113.54221607034283,91.75923995851397,0.0,0.0,True,True,True,True,True,False,False,False,,
0.7903638047870752,1.0061402865130749,89.29270729692568,338.19021840481423,17.083055084587976,116.17497600250803,83.23606512290492,0.0,0.0,True,True,True,True,True,False,False,False,,
0.7464269164505021,0.5372644885161971,65.3797086596571,543.6299635314442,11.1143054959521,143.20357045030192,65.3797086596571,0.0,0.0,True,True,True,True,True,False,False,False,,
1.1454503699690382,0.5292817248745376,56.650181876765345,1675.4424415643516,10.423993171802573,148.9585810516868,56.650181876765345,0.0,0.0,True,True,True,True,True,False,False,False,,
0.6237095885916102,0.9952119776565704,76.01395521463192,1091.3260464331056,15.964913978618712,123.22478214222087,76.01395521463192,0.0,0.0,True,True,True,True,True,False,False,False,,
1.033370720142678,1.0882666173718414,102.6265393646269,1321.2818488042722,28.87466227505469,97.21091236550772,102.6265393646269,0.0,0.0,True,True,True,True,True,False,False,False,,
0.45864114723426586,0.9445914413441561,52.94076606635519,806.8936828072042,7.888577109544329,165.29187714555204,52.94076606635519,0.0,0.0,True,True,True,False,False,False,False,False,,
1.0940933513927438,0.9966306464436061,99.1561528611856,334.92651518505147,23.287134948606557,102.19987493708062,97.45843955409545,0.0,0.0,True,True,True,True,True,False,False,False,,
1.1138582796572893,0.6569547144288926,94.12994356652939,1307.1669330321142,24.54912236753621,108.20422542685223,94.12994356652939,0.0,0.0,True,True,True,True,True,False,False,False,,
0.7410595471670685,0.958766329293481,59.815333105357126,773.7984943173922,9.810207503325563,144.38851322377872,59.81533310535712,0.0,0.0,True,True,True,True,True,False,False,False,,
0.5468010177145368,0.6045651090660482,79.4494980809425,444.2517592609695,15.732151961273754,131.8481357163787,79.34996396402916,0.0,0.0,True,True,True,True,True,False,False,False,,
0.42197486635340753,0.8853151883583745,95.7917214050165,753.7647791991092,21.039730315032205,124.69267221067882,90.79850773949266,0.0,0.0,True,True,True,True,True,False,False,False,,
0.9349040366304987,0.6444389018309222,54.837004046756334,745.1190608665249,8.341571346821752,156.32796888694878,54.837004046756334,0.0,0.0,True,True,True,False,False,False,False,False,,
1.124754745637233,0.5197156637946191,72.06699338187259,636.3013393814246,13.605493136974006,130.44396212900506,72.06699338187259,0.0,0.0,True,True,True,True,True,False,False,False,,
0.4456412384766158,0.5085682837017431,71.83946749242523,231.49623849963953,6.661716483631993,182.6913863227498,51.71090687161568,0.0,0.0,True,True,True,False,False,False,False,False,,
1.1288229001792578,0.9077747509441942,74.23340304090799,1331.025008192281,15.895777673022893,117.91932344775273,74.23340304090799,0.0,0.0,True,True,True,True,True,False,False,False,,
0.7338552311255508,1.0168647238338397,50.31470410319072,584.538415239305,6.889634343014538,168.9963738146144,50.31470410319072,0.0,0.0,True,True,True,False,False,False,False,False,,
0.41209267758990514,0.6710449379092458,90.11995829233284,1228.788528676589,22.017070808665377,129.0983450902097,90.11995829233284,0.0,0.0,True,True,True,True,True,False,False,False,,
0.6746319597036223,0.6354957082518563,66.07905435848312,1306.2412757523946,12.798209534706473,137.5691492789976,66.07905435848312,0.0,0.0,True,True,True,True,True,False,False,False,,
1.006679983660422,1.0608022120635296,99.35201204013057,618.6035340105242,25.01169285059661,100.61400981493406,99.35201204013057,0.0,0.0,True,True,True,True,True,False,False,False,,
1.0457345345655205,0.6993921552539234,94.78502946909603,528.1610956950108,22.60541732664918,108.78597282860628,94.78502946909603,0.0,0.0,True,True,True,True,True,False,False,False,,
1.0831299283440106,0.684266259059778,55.01480160248347,989.9457821286692,8.798918818050646,152.0812221445197,55.01480160248347,0.0,0.0,True,True,True,False,False,False,False,False,,
0.9549306801456824,0.7736561045676392,97.2099071282124,1758.97336630635,26.671247518631763,105.73304965928345,97.2099071282124,0.0,0.0,True,True,True,True,True,False,False,False,,
0.7057025390275498,0.586312322176656,69.05857401725137,481.919828971967,12.19271093890679,138.05058566119232,69.05857401725137,0.0,0.0,True,True,True,True,True,False,False,False,,
0.5733296864050383,0.5374273442065105,75.04668079804716,887.5351271533734,15.12948051152611,134.6662829819197,75.04668079804716,0.0,0.0,True,True,True,True,True,False,False,False,,
1.0258008673390773,0.9711838747532717,80.17595554990336,1171.035937745726,17.90295371984879,112.74742694129797,80.17595554990336,0.0,0.0,True,True,True,True,True,False,False,False,,
0.8553703949704107,0.5080754502296818,76.19540225491453,210.66623211172242,11.436146690421275,140.93822482968255,68.34269017036979,0.0,0.0,True,True,True,True,True,False,False,False,,
0.4396085017562493,0.9428142421536514,94.29033204435433,1135.7558943295837,23.69843381040072,120.42117925743906,94.29033204435433,0.0,0.0,True,True,True,True,True,False,False,False,,
1.0876284841899773,0.6396739452143663,83.14876271855562,721.3241079559259,18.0571430739966,116.69006375609122,83.14876271855562,0.0,0.0,True,True,True,True,True,False,False,False,,
0.9786831379533796,0.8532376227485633,64.90702253237619,579.5906429726936,11.055232428427596,135.25115882693092,64.90702253237619,0.0,0.0,True,True,True,True,True,False,False,False,,
0.6465301726918005,0.6693749663260126,74.39079835766576,1455.890328837642,16.14481451743102,128.31750568766273,74.39079835766576,0.0,0.0,True,True,True,True,True,False,False,False,,
0.7246184299248699,0.8991291634047472,95.25256595871645,489.2103104681272,22.56726382323691,110.37081758541385,95.25256595871645,0.0,0.0,True,True,True,True,True,False,False,False,,
0.8999089881033484,0.8636927237987444,99.76888399525646,782.4564844519708,25.671087158632222,104.41752171745087,99.76888399525646,0.0,0.0,True,True,True,True,True,False,False,False,,
1.145644969370966,0.9530414188930889,98.19530506672197,1693.1189401952477,27.489020625804557,99.54652235883172,98.19530506672197,0.0,0.0,True,True,True,True,True,False,False,False,,
0.8502259336971174,1.0122652515971002,67.37744830118739,542.4633301159138,11.775193955668612,131.68691259321662,67.37744830118739,0.0,0.0,True,True,True,True,True,False,False,False,,
0.6498513083491831,0.6905612185003237,91.07671851455677,590.7880697171836,20.944456818036958,118.28766638292795,91.07671851455677,0.0,0.0,True,True,True,True,True,False,False,False,,
1.1901421828322953,0.9863505584430592,96.97323801860111,731.6135364794425,24.26561179815793,100.31729765633042,96.97323801860111,0.0,0.0,True,True,True,True,True,False,False,False,,
0.4943572099618115,0.5760206703258415,57.598978554500476,194.86681257955144,6.189747484944483,186.0436926222473,49.96971536043559,0.0,0.0,True,True,True,False,False,False,False,False,,
0.4585038380107802,0.7296702773198382,85.81228387073456,665.6219338516324,18.75232465504134,127.75257897677211,85.81228387073456,0.0,0.0,True,True,True,True,True,False,False,False,,
1.0915800019510562,0.6438607692551654,75.8467523524317,119.99398496418527,8.24686625525492,154.86507462124172,58.267317169464846,0.0,0.0,True,True,True,False,False,False,False,False,,
1.0639216114384826,1.0062391745959367,69.69302733902754,940.6883055594265,13.384628544313893,123.92306293211715,69.69302733902754,0.0,0.0,True,True,True,True,True,False,False,False,,
0.7675808844502643,0.5917919439335816,56.728056418566815,571.6827227154452,8.56924940241889,156.63771943657352,56.728056418566815,0.0,0.0,True,True,True,False,False,False,False,False,,
0.708557319416324,0.74806875470214,53.93990307631895,658.0620722957445,7.94282370240097,160.5566460573819,53.93990307631895,0.0,0.0,True,True,True,False,False,False,False,False,,
1.1935264338806988,0.8615654904523447,103.63871082344633,826.8159272643898,27.86930293361544,98.87520461540542,103.63871082344633,0.0,0.0,True,True,True,True,True,False,False,False,,
0.7025736781843818,0.83278977465708,88.86704018721684,462.4404085657204,19.67652412622277,115.6024088864159,88.86704018721684,0.0,0.0,True,True,True,True,True,False,False,False,,
0.9816662099192714,0.5192527978934434,58.72161500023144,148.26691317827328,8.417270817477261,156.66728547211554,58.72161500023144,0.0,0.0,True,True,True,False,False,False,False,False,,
1.014735764060895,0.7643879520891077,103.03479766642559,1063.1747300411585,28.252950696081463,102.9195268923585,103.03479766642559,0.0,0.0,True,True,True,True,True,False,False,False,,
0.691067039885527,0.9828355650492583,99.48315065979365,322.0593948403203,14.254815038837583,125.37875979718605,75.95311236899683,0.0,0.0,True,True,True,True,True,False,False,False,,
0.9423265919568898,0.7969497474457602,68.83900650480007,680.6624873503366,12.551051099603091,129.83168473680914,68.83900650480007,0.0,0.0,True,True,True,True,True,False,False,False,,
0.6567309984715091,0.7087399923616327,95.21086562783742,538.9148907665237,22.645223908449594,115.80851758887256,95.21086562783742,0.0,0.0,True,True,True,True,True,False,False,False,,
1.0492635502201793,0.5418054701448825,91.88050960320558,447.4090781465423,21.068671357731205,115.55252997455521,91.88050960320558,0.0,0.0,True,True,True,True,True,False,False,False,,
0.4527212569917519,0.5514885715714968,90.84734150906658,293.1642905360675,8.58928519618286,163.90091457827884,58.65276312793627,0.0,0.0,True,True,True,False,False,False,False,False,,
1.0603032846159688,1.0255252456204982,96.29268740387477,528.7776623859045,23.30900041691397,102.24136484073101,96.29268740387477,0.0,0.0,True,True,True,True,True,False,False,False,,
0.9366923954620545,0.7911215684293138,87.70013268151592,321.6059213052183,18.901180946867296,113.37255950582292,87.70013268151592,0.0,0.0,True,True,True,True,True,False,False,False,,
0.6393480493216238,0.5592992129127368,98.40798522830677,1216.043973727843,26.149865599991536,119.05776653759831,98.40798522830677,0.0,0.0,True,True,True,True,True,False,False,False,,
0.42915878339769364,0.6174079810500872,87.03251695682042,292.8261316385035,8.147608357066416,166.87785925066174,57.073093957790604,0.0,0.0,True,True,True,False,False,False,False,False,,
0.9411335927416318,0.5481409546500282,97.39997791378852,947.3249371336213,25.033641282934873,113.26652067444637,97.39997791378852,0.0,0.0,True,True,True,True,True,False,False,False,,
0.8808293467874597,0.941529083891313,74.71417155788652,257.29121328058295,13.708808252909387,124.32929413735239,74.71417155788652,0.0,0.0,True,True,True,True,True,False,False,False,,
0.5336753611281579,0.9470252179357409,97.18760231680099,1314.1651092626978,25.731405616908017,113.81038680932643,97.18760231680099,0.0,0.0,True,True,True,True,True,False,False,False,,
0.6451537802095118,0.5039512265551613,107.29813287174954,1508.5768321290668,30.391972364487316,119.80550399714136,107.29813287174954,0.0,0.0,True,True,True,True,True,False,False,False,,
0.4297915874081258,0.6287477288954656,76.95212057623525,554.7328326629631,15.01579345809767,137.9659629631247,76.95212057623525,0.0,0.0,True,True,True,True,True,False,False,False,,
0.6202772285420415,0.8256886516367897,77.36579563338056,1402.235105244573,17.192914108979828,123.68454352899433,77.36579563338056,0.0,0.0,True,True,True,True,True,False,False,False,,
0.41386015110507035,1.0992190571832274,80.8111188465138,879.852404746271,17.22252700492461,127.97738661964671,80.8111188465138,0.0,0.0,True,True,True,True,True,False,False,False,,
0.5790061495838535,0.7902596292722655,90.66484363025407,858.0081333097276,21.441500242010815,117.98716054562456,90.66484363025407,0.0,0.0,True,True,True,True,True,False,False,False,,
1.1511980487683977,0.8842225297610318,108.96860008996748,796.9872109382708,30.552786040325934,96.91938575196933,108.96860008996748,0.0,0.0,True,True,True,True,True,False,False,False,,
1.1203524867960846,0.8355891772570329,54.29013744794578,1046.0153897373448,8.68768819627985,151.32496088321983,54.29013744794578,0.0,0.0,True,True,True,False,False,False,False,False,,
0.7710031318258708,0.8889440742752649,89.9626278834686,940.1727230369537,21.46697013028816,111.12853995067647,89.9626278834686,0.0,0.0,True,True,True,True,True,False,False,False,,
1.149025412101897,0.9854695305646849,66.32344806395392,1107.278902725485,12.54695646531454,127.3379825371968,66.32344806395392,0.0,0.0,True,True,True,True,True,False,False,False,,
1.1084320053512537,0.9634398644713018,59.118227528319125,1756.9119650360376,11.339927247910616,137.7604887444242,59.11822752831912,0.0,0.0,True,True,True,True,True,False,False,False,,
1.1638033084604307,0.6834869252256078,103.78753881261,484.50090546735174,26.825045217602632,103.93030603209854,103.78753881261,0.0,0.0,True,True,True,True,True,False,False,False,,
0.7754285765381665,1.0962519362733931,72.71910492569691,538.1668225580045,13.584960973673986,125.09616966343636,72.71910492569691,0.0,0.0,True,True,True,True,True,False,False,False,,
0.7416180429566975,0.6522572055613829,62.821728204006,1009.4700836577084,11.16681592323569,141.57958861330312,62.821728204006,0.0,0.0,True,True,True,True,True,False,False,False,,
0.5862941260606294,0.7512336153784318,109.98631290670033,881.730580479693,30.911995389869244,112.18104534055598,109.98631290670033,0.0,0.0,True,True,True,True,True,False,False,False,,
0.5825750759968975,0.7783083886358525,97.37084429962243,1583.2124161404922,26.517090904353573,114.58821133860495,97.37084429962243,0.0,0.0,True,True,True,True,True,False,False,False,,
0.499375880642832,0.7177994744009623,90.15328545774688,1542.5259479331207,22.994261822606326,122.45578642413815,90.15328545774688,0.0,0.0,True,True,True,True,True,False,False,False,,
1.0409202673211049,0.969728596272361,65.1806382830837,1290.8938464667049,12.50130228122315,129.32726662509347,65.1806382830837,0.0,0.0,True,True,True,True,True,False,False,False,,
0.4427825465706973,0.9714915693216637,53.43738259691377,1377.7647555292817,8.935721649674338,160.2895311027698,53.43738259691377,0.0,0.0,True,True,True,False,False,False,False,False,,
0.9101637074449046,0.5709320028181113,92.82776593207714,1717.3587321604462,24.168402097499452,114.32599980630255,92.82776593207714,0.0,0.0,True,True,True,True,True,False,False,False,,
1.1387779680854497,1.0567602256492643,59.75082058738969,480.2550366986461,9.299705107613805,142.6701852125369,59.75082058738969,0.0,0.0,True,True,True,True,True,False,False,False,,
1.1048917789244395,0.9114328370502569,53.09964653247373,466.1470346680777,7.4292515936480426,160.04639760896654,53.09964653247373,0.0,0.0,True,True,True,False,False,False,False,False,,
0.9190497231937407,0.912352728157487,64.43730296445342,910.325999353482,11.523150942642504,133.82627668232183,64.43730296445342,0.0,0.0,True,True,True,True,True,False,False,False,,
0.5729016515137157,0.5929430031354536,83.25765650424654,1390.0345787975793,19.585928341790027,126.21903887517337,83.25765650424654,0.0,0.0,True,True,True,True,True,False,False,False,,
1.116220296459546,0.6748683092975523,55.32494800644481,674.5019934547903,8.367042939646955,154.1216934765078,55.32494800644481,0.0,0.0,True,True,True,False,False,False,False,False,,
0.5252388178555846,0.7775504047841827,101.4905164161016,251.71620673747574,8.501275299888492,158.59296823451692,58.539835194336185,0.0,0.0,True,True,True,False,False,False,False,False,,
0.8630103155213049,1.0849558295703994,89.2320435250891,294.67638469179167,16.195917598570237,116.31965812468164,81.1891806350436,0.0,0.0,True,True,True,True,True,False,False,False,,
1.069697231284998,0.582965734224096,107.3307480005712,748.2355101009643,29.479589540319452,106.9508039502795,107.3307480005712,0.0,0.0,True,True,True,True,True,False,False,False,,
0.5612957916389634,0.8091287164630727,55.68406054432616,612.5933065041845,8.327695999602893,159.12804361301016,55.68406054432616,0.0,0.0,True,True,True,False,False,False,False,False,,
0.7172053069344115,0.5084782872740148,69.94856939705176,891.3356064787374,13.329597039607929,137.00636216327288,69.94856939705176,0.0,0.0,True,True,True,True,True,False,False,False,,
0.9697786412586129,1.0201219892309303,68.51689531988332,637.6967127787134,12.358149755910391,127.95812863529106,68.51689531988332,0.0,0.0,True,True,True,True,True,False,False,False,,
0.8600030120009547,0.7065397233399442,55.22304180694035,1090.1653160214307,9.013651202046178,152.47681098603545,55.22304180694035,0.0,0.0,True,True,True,False,False,False,False,False,,
0.9846795292748604,0.8311947928707083,88.05808652691205,857.5887128985863,20.473211947385977,109.9458000263689,88.05808652691205,0.0,0.0,True,True,True,True,True,False,False,False,,
0.6179521215326312,1.0422371087990956,100.49536206453587,1118.6023584733266,26.865795022182965,107.96096199598202,100.49536206453587,0.0,0.0,True,True,True,True,True,False,False,False,,
0.4952275764972901,0.8660428634264306,70.92802300797528,811.4479686783383,13.44554079614313,135.08621031113017,70.92802300797528,0.0,0.0,True,True,True,True,True,False,False,False,,
0.7988548817156615,0.9201886595917119,76.5274636635279,1272.1865021022393,16.61770494795767,119.49005641885462,76.5274636635279,0.0,0.0,True,True,True,True,True,False,False,False,,
0.8888110228477182,0.8616516114122665,94.46957115219047,1133.4405538257229,24.143380551758167,106.5125811781512,94.46957115219047,0.0,0.0,True,True,True,True,True,False,False,False,,
0.6365242312731517,0.819109567164612,105.13926674850438,152.8120968882406,6.1953167569527885,180.22057913325153,50.2115741321321,0.0,0.0,True,True,True,False,False,False,False,False,,
1.1047142373528094,1.0856387245162997,82.99148568381946,1035.7476602219117,18.765945014377486,108.79614530361148,82.99148568381946,0.0,0.0,True,True,True,True,True,False,False,False,,
1.063627084809811,0.7387536534155967,104.62255237234055,1696.6443892079767,30.293058182319527,102.23762853686371,104.62255237234055,0.0,0.0,True,True,True,True,True,False,False,False,,
0.9149574603981866,0.5278909055940495,66.0428449539883,771.0322979729068,11.785463155933991,138.79723008613942,66.0428449539883,0.0,0.0,True,True,True,True,True,False,False,False,,
0.577227273856658,1.0026096587360884,108.0758991500374,1094.826692162057,30.627845469442335,107.91376129557675,108.0758991500374,0.0,0.0,True,True,True,True,True,False,False,False,,
0.6348442742718919,0.6893498001249667,66.95388412454983,974.803178631306,12.446254340379008,137.36052050462646,66.95388412454983,0.0,0.0,True,True,True,True,True,False,False,False,,
0.44326495302216007,0.910535798451518,86.9833687944738,1438.4853316809917,21.220940087082436,123.43053402646179,86.9833687944738,0.0,0.0,True,True,True,True,True,False,False,False,,
0.7654673643895846,0.9033059697251276,82.25520371859218,462.0341882887702,16.989216939765836,118.04989839536846,82.25520371859218,0.0,0.0,True,True,True,True,True,False,False,False,,
1.0629160946772305,0.670874624096655,67.94210909469403,1113.9133276869911,13.11493105037296,129.95939178118127,67.94210909469403,0.0,0.0,True,True,True,True,True,False,False,False,,
1.006139288864534,0.5128969609540157,105.81960703118212,223.09317416771535,14.214235555218625,129.54943991644623,76.27631331671671,0.0,0.0,True,True,True,True,True,False,False,False,,
1.091494083200928,1.030414729979707,92.26089378594806,1022.4943466479458,22.849762329540063,102.93675842180744,92.26089378594806,0.0,0.0,True,True,True,True,True,False,False,False,,
0.7203057802014284,0.5079454584141787,93.83407773878746,1456.7990273388157,24.31465516403293,120.56237046296792,93.83407773878746,0.0,0.0,True,True,True,True,True,False,False,False,,
1.0129564537198543,1.0307856716713515,97.1032486077803,1283.1661628698146,25.91467896164517,100.74071241193154,97.1032486077803,0.0,0.0,True,True,True,True,True,False,False,False,,
0.9798906503025535,1.00238539284655,107.0452932319572,1645.759007939999,32.02303166161644,97.32249571400536,107.0452932319572,0.0,0.0,True,True,True,True,True,False,False,False,,
0.4145890241107692,0.6975247611382145,96.06257671158934,905.9070877165325,23.804495147168385,126.75336568377439,96.06257671158934,0.0,0.0,True,True,True,True,True,False,False,False,,
1.0762087774454758,1.0604283934365797,62.261930467631096,991.797653015619,10.982414424631264,134.22746549994827,62.2619304676311,0.0,0.0,True,True,True,True,True,False,False,False,,
0.5596538596965479,0.6382499657215335,73.10235896797943,109.63860572175604,3.9131190094308845,236.65435685510175,39.88035377166356,0.0,0.0,True,True,True,False,False,False,False,False,,
0.6913588003940426,1.020624213714283,75.87477033901634,1236.2094905680942,16.25406203669863,121.13843040930917,75.87477033901634,0.0,0.0,True,True,True,True,True,False,False,False,,
0.5403227876596717,0.904032507565789,100.9536486809033,439.486868473715,15.381098108351171,127.46589684255301,78.45436148589101,0.0,0.0,True,True,True,True,True,False,False,False,,
1.1616939091994496,0.7856590304809161,87.26204294847078,873.9955114596777,20.20399586303229,109.36717408617693,87.26204294847078,0.0,0.0,True,True,True,True,True,False,False,False,,
0.8636902721538238,0.7166294888140581,54.79995002481071,148.98674235337114,7.350888208838676,164.06699129814592,54.79995002481071,0.0,0.0,True,True,True,False,False,False,False,False,,
0.972715662665209,0.5665076155212687,61.320871924876,590.3568333656751,9.95595460929946,145.79106711511213,61.320871924876,0.0,0.0,True,True,True,True,True,False,False,False,,
1.1457712249568406,0.7615277493934378,57.11450567520863,1034.0769789107765,9.48075621608529,145.86748338966376,57.11450567520863,0.0,0.0,True,True,True,True,True,False,False,False,,
0.445178991741724,0.8470021373759753,88.11538695902885,1300.2018860551445,21.362745549644877,123.90812848403816,88.11538695902885,0.0,0.0,True,True,True,True,True,False,False,False,,
0.6143153746680792,0.7289184917351714,76.79923873824427,1518.7465889178343,17.22582197125362,125.89845934856727,76.79923873824427,0.0,0.0,True,True,True,True,True,False,False,False,,
1.0314957612770075,1.0501153362599647,80.03056346781243,1066.6720131530722,17.598452272304762,112.31595340318675,80.03056346781243,0.0,0.0,True,True,True,True,True,False,False,False,,
0.4442169767255705,0.9981891537770589,109.37385571957394,795.0209217542304,23.358222208551606,119.55906174094059,95.67629593819328,0.0,0.0,True,True,True,True,True,False,False,False,,
0.9379900983292201,0.8995388217168769,57.92211466912824,799.5707576133854,9.309034878985042,146.10381365534448,57.92211466912824,0.0,0.0,True,True,True,True,True,False,False,False,,
0.42543733555098107,1.0155569687358361,98.81692780055909,1053.1878089801576,25.556401880826364,119.12251005477457,98.81692780055909,0.0,0.0,True,True,True,True,True,False,False,False,,
0.8573761552135226,0.6588047676146035,68.27659511523059,1487.753781990027,13.955886004609866,131.05992955936208,68.27659511523059,0.0,0.0,True,True,True,True,True,False,False,False,,
1.078775430725388,0.6499898690863612,88.52302694097797,368.08623231865243,19.404520487013382,113.9335846596046,88.52302694097797,0.0,0.0,True,True,True,True,True,False,False,False,,
0.8602843066293738,0.7821055715594747,53.30067979473739,677.4817942776372,7.811991060499048,159.7359210735587,53.30067979473739,0.0,0.0,True,True,True,False,False,False,False,False,,
1.1076417129522065,0.7163199620194131,55.36219510716855,1015.3518161539554,8.940253890137205,150.54267152094894,55.36219510716855,0.0,0.0,True,True,True,False,False,False,False,False,,
0.9449517723699431,0.5548983119002643,74.58263240595504,641.9770255614279,14.50947318075604,128.33942269619854,74.58263240595504,0.0,0.0,True,True,True,True,True,False,False,False,,
1.0354082178172104,0.6419778631424033,70.94944489993807,1019.7866324893804,13.994326336815456,127.52909000919497,70.94944489993807,0.0,0.0,True,True,True,True,True,False,False,False,,
0.9053702828906938,0.5132554170306476,97.33685808460756,1730.0912799777002,25.99508452047449,115.3398481044286,97.33685808460756,0.0,0.0,True,True,True,True,True,False,False,False,,
0.859266599217489,1.0561691595048952,78.04213101910773,1052.5740902352338,16.734046381702022,116.2420249818799,78.04213101910773,0.0,0.0,True,True,True,True,True,False,False,False,,
0.5351001611329314,1.0225546300075572,77.07627951533595,961.635163458932,16.04571890302867,125.29481319218638,77.07627951533595,0.0,0.0,True,True,True,True,True,False,False,False,,
0.49851834249956134,0.7554181127971088,102.98205698439156,100.59046310343673,3.2071506729422494,272.5373598414536,36.052590324445575,0.0,0.0,True,True,True,False,False,False,False,False,,
0.8056822605736544,0.6629586974981353,73.26480027503723,341.5221633666438,13.364712277854895,130.53405321563582,73.26480027503723,0.0,0.0,True,True,True,True,True,False,False,False,,
1.0445987086060255,0.6615162807977281,60.413420286287874,1187.8955101807064,10.748135027212493,141.12804722618273,60.41342028628787,0.0,0.0,True,True,True,True,True,False,False,False,,
0.8468205818967472,0.9922848258607289,51.474654894119524,480.4470463944238,7.025025959223596,165.93984891537326,51.474654894119524,0.0,0.0,True,True,True,False,False,False,False,False,,
1.0219120177624081,0.7004545340670955,90.70274393835837,692.9514903187433,21.212934088967728,110.87018185137411,90.70274393835837,0.0,0.0,True,True,True,True,True,False,False,False,,
0.756451055342303,0.6533197947763059,98.78421793411545,334.1341544213659,16.165466357418836,124.24621139102783,80.94095988118575,0.0,0.0,True,True,True,True,True,False,False,False,,
1.0132058878629908,0.9217031605107864,53.97593144061709,1110.7736606698616,8.701250592115091,151.48536023957212,53.97593144061709,0.0,0.0,True,True,True,False,False,False,False,False,,
0.9458526440324513,0.5644239195756078,78.65234990798328,895.5592222413334,16.63160441314409,123.39038289321034,78.65234990798328,0.0,0.0,True,True,True,True,True,False,False,False,,
0.5824340280629188,0.6138821287240724,74.10297277561843,1335.9451474331008,15.752465930949667,131.86820848318706,74.10297277561843,0.0,0.0,True,True,True,True,True,False,False,False,,
0.6044960602751357,0.8886937627688092,78.25613006345776,878.4652311336756,16.344306091271164,123.68036002046804,78.25613006345776,0.0,0.0,True,True,True,True,True,False,False,False,,
0.7709090554276552,0.5634267286873564,85.82021988106465,1373.3644922993421,20.754901765985917,120.59460666140498,85.82021988106465,0.0,0.0,True,True,True,True,True,False,False,False,,
1.03761865164286,0.7230817224088286,57.0174049343393,421.90093789394575,8.412318693456399,152.95841183872565,57.0174049343393,0.0,0.0,True,True,True,False,False,False,False,False,,
0.777388428026174,0.919524744637669,77.92451800836929,923.6453117312814,16.374502619346124,119.50490627013947,77.92451800836929,0.0,0.0,True,True,True,True,True,False,False,False,,
0.8104348112909943,0.9408654497765366,65.3332540652057,1284.5142837775454,12.520497169460354,131.95398981286678,65.3332540652057,0.0,0.0,True,True,True,True,True,False,False,False,,
0.43124981713386595,0.5831256860297528,108.48921893852743,1721.8283729922314,30.950337217901634,127.2320828824478,108.48921893852743,0.0,0.0,True,True,True,True,True,False,False,False,,
0.46291999021455615,0.8656820140313681,59.69913971356969,606.3735211580487,9.437438637444853,153.61015038365238,59.69913971356969,0.0,0.0,True,True,True,False,False,False,False,False,,
0.8487642841198857,1.016307371948522,102.77456484966297,1440.034382029589,29.239252630847634,101.04225312018443,102.77456484966297,0.0,0.0,True,True,True,True,True,False,False,False,,
0.7715432836784502,0.896389971952585,74.43867684885359,113.1757011964166,5.528316660132575,188.9194113066287,47.574501146153445,0.0,0.0,True,True,True,False,False,False,False,False,,
0.8323584733540498,0.5942886245416618,108.59318247513279,1210.0905012064873,31.593535650595705,109.88558761241953,108.59318247513279,0.0,0.0,True,True,True,True,True,False,False,False,,
0.9514387866927403,0.9310467295719201,108.0303123883207,157.86748996367757,9.492796674049478,143.33650739453665,62.39564472455012,0.0,0.0,True,True,True,True,True,False,False,False,,
0.9932124083298772,0.8424147016273817,73.3936942688379,684.5386530978461,14.172495315647296,123.12057903640616,73.3936942688379,0.0,0.0,True,True,True,True,True,False,False,False,,
1.1586940735433493,0.9906097998318955,55.13794119211171,998.7356925517389,8.850634196897126,148.22291396181734,55.13794119211171,0.0,0.0,True,True,True,True,True,False,False,False,,
0.6067943710337018,0.5225929855600102,82.73505800545925,772.8821485242498,17.873814630008614,128.91546202022693,82.73505800545925,0.0,0.0,True,True,True,True,True,False,False,False,,
0.46273590549641175,0.6589672687242436,73.89788860071798,1318.9058694742794,15.5826989553205,135.54077002264071,73.89788860071798,0.0,0.0,True,True,True,True,True,False,False,False,,
0.9875919338779391,0.9655032015468172,58.92295766802796,269.43187500504155,8.684750508126514,148.60487146291587,58.92295766802796,0.0,0.0,True,True,True,True,True,False,False,False,,
0.406075473058778,1.0681716849506868,77.27178490798782,1499.346322965214,17.250477499363193,129.818750847432,77.27178490798782,0.0,0.0,True,True,True,True,True,False,False,False,,
0.6797200420701934,0.8536899282848636,73.3302751069881,1557.7785677863776,15.961890094578239,125.26146964850297,73.3302751069881,0.0,0.0,True,True,True,True,True,False,False,False,,
1.1212495427450113,0.5695150552957495,102.40638781766424,964.9784099144875,27.656366717586685,108.16673223316751,102.40638781766424,0.0,0.0,True,True,True,True,True,False,False,False,,
0.5136806931534419,0.8133772524100729,107.85056748692841,591.6083391872291,19.83948860695451,122.06200152491672,88.75263659709216,0.0,0.0,True,True,True,True,True,False,False,False,,
0.7725093657888343,0.9815137120885871,99.52079086158946,1528.2496461518456,27.766470416902735,104.37761382400836,99.52079086158946,0.0,0.0,True,True,True,True,True,False,False,False,,
0.564591403727762,0.5690000277371425,62.38963379789662,235.35369322558614,8.520792011124218,160.5816451943034,58.68743629634001,0.0,0.0,True,True,True,False,False,False,False,False,,
0.8198348908861801,0.882488142213348,70.05359685565571,1668.839101805897,14.970923191844484,125.75933267274156,70.05359685565571,0.0,0.0,True,True,True,True,True,False,False,False,,
1.0407668516871298,1.037720336922764,100.36800761315419,1398.7388442029423,27.938864949606074,98.63489111858766,100.36800761315419,0.0,0.0,True,True,True,True,True,False,False,False,,
0.7397850658172336,1.083489112632475,66.20654205515154,1218.2250807922453,12.682594408803814,130.81382010372207,66.20654205515154,0.0,0.0,True,True,True,True,True,False,False,False,,
0.9790885128572817,0.9099156208848937,61.514669612261905,510.6255898103915,9.871344628408764,141.1065826133986,61.5146696122619,0.0,0.0,True,True,True,True,True,False,False,False,,
0.882499379577542,0.5820594372225429,50.90812357947666,192.1410046849316,6.436718640681743,176.65497610235042,50.90812357947666,0.0,0.0,True,True,True,False,False,False,False,False,,
1.1497655617774658,1.0256039178924923,95.0324426806324,1587.972813772006,25.81139793941524,100.19306837556634,95.0324426806324,0.0,0.0,True,True,True,True,True,False,False,False,,
0.7142570188124799,0.5684349669467559,107.94087855500405,628.3340095777472,29.095058707430923,114.5694095722633,107.85493976108427,0.0,0.0,True,True,True,True,True,False,False,False,,
1.0917335280349785,0.9757459874101543,70.2856434531358,969.6366652658887,13.657094619655282,123.14488183907527,70.2856434531358,0.0,0.0,True,True,True,True,True,False,False,False,,
0.7839006534895065,0.8255029326276089,103.1264511289157,1287.1958831407899,28.89007859368836,105.58311631574298,103.1264511289157,0.0,0.0,True,True,True,True,True,False,False,False,,
0.5510614269374382,0.6496836430314442,62.789292039265085,232.42361670539566,8.217430545857383,161.86843208368023,57.61792743214953,0.0,0.0,True,True,True,False,False,False,False,False,,
0.5057176688445745,1.0144756499137684,54.36890689420167,1711.02450893685,9.752454716664431,154.9559451418536,54.36890689420167,0.0,0.0,True,True,True,False,False,False,False,False,,
0.633965601382727,1.0019745186249838,62.23857504805793,706.9356467396353,10.414461080481479,142.24149373382403,62.23857504805793,0.0,0.0,True,True,True,True,True,False,False,False,,
0.6135120845097535,1.0816550563367386,85.44192794556056,939.6056879371596,19.414930512136635,115.73023388774659,85.44192794556056,0.0,0.0,True,True,True,True,True,False,False,False,,
0.8264023092375922,0.7099188192483978,98.87721316927133,1490.7168155538025,27.28197347615506,108.83517253817632,98.87721316927133,0.0,0.0,True,True,True,True,True,False,False,False,,
0.8387367117037914,0.7475071545442471,109.5443168648236,874.4571695158063,30.947789166696506,104.56898932004165,109.5443168648236,0.0,0.0,True,True,True,True,True,False,False,False,,
0.7723779801340473,0.9644677619455115,79.34248771837638,1502.6130647950313,18.281250578337097,116.55781361052809,79.34248771837638,0.0,0.0,True,True,True,True,True,False,False,False,,
0.8019735976185205,1.029355034585003,85.0576989742102,1668.3879422009004,21.172682503249984,110.92905862157372,85.0576989742102,0.0,0.0,True,True,True,True,True,False,False,False,,
1.1993856062759187,0.5291351633113391,79.81072970315978,858.1876514164172,17.042438108683637,121.38713663144883,79.81072970315978,0.0,0.0,True,True,True,True,True,False,False,False,,
0.9689028957213456,0.6201060411988287,74.06779143893841,948.002043039241,14.985365033069899,125.55832720505965,74.06779143893841,0.0,0.0,True,True,True,True,True,False,False,False,,
0.6150240507213224,0.964380505230813,76.98967735587038,1342.2249360019514,16.905053654106677,122.43315241244031,76.98967735587038,0.0,0.0,True,True,True,True,True,False,False,False,,
0.7832396638195556,0.8958860857190509,93.00093842583527,318.17158574685834,15.916197023098952,120.16763537711483,80.37028918587572,0.0,0.0,True,True,True,True,True,False,False,False,,
0.800042369402425,0.9182853349300719,86.63107595099687,392.9162178919978,18.59926992013439,114.12406004523397,86.63107595099687,0.0,0.0,True,True,True,True,True,False,False,False,,
0.41884604975889594,0.7416064727113207,59.558992394643695,384.265346555392,8.994651690224067,159.36663364379547,59.55899239464369,0.0,0.0,True,True,True,False,False,False,False,False,,
0.4518183869704952,0.5680935691899862,60.20414356230854,1743.0876310551614,11.59610593081442,152.89334795530556,60.20414356230854,0.0,0.0,True,True,True,False,False,False,False,False,,
0.46684191759373306,0.7327214729848488,99.80303304239895,1364.118596611523,27.0697507708003,120.79386757711998,99.80303304239895,0.0,0.0,True,True,True,True,True,False,False,False,,
0.5008983673881531,0.6701949076252067,101.95241479765461,430.59447610278727,13.99621346053701,136.08791914200205,74.76985419696558,0.0,0.0,True,True,True,True,True,False,False,False,,
1.1534397730836194,0.502569779284083,91.30091553230741,989.3443157952943,22.326708100263662,115.33313875348716,91.30091553230741,0.0,0.0,True,True,True,True,True,False,False,False,,
0.8175028274321594,1.0254496457744868,50.92980101734941,536.04258778761,6.972815860648802,166.82231466196052,50.92980101734941,0.0,0.0,True,True,True,False,False,False,False,False,,
0.6119634290764053,1.008762519612569,96.77327046124728,344.25246264931275,13.544950388329323,129.2223143580011,73.89563087139683,0.0,0.0,True,True,True,True,True,False,False,False,,
0.5922539068019765,0.6578185656723297,50.28621205168418,490.257183960576,6.7285886412415294,175.93813021721635,50.28621205168418,0.0,0.0,True,True,True,False,False,False,False,False,,
1.1665649458532195,0.8057484978036736,98.85769497567998,680.2283193835083,25.013167700245525,102.65799936636049,98.85769497567998,0.0,0.0,True,True,True,True,True,False,False,False,,
0.7663323818142121,0.7504691419902048,51.64950571678483,110.47756310664572,5.360124952504172,193.20316144037736,46.844987812575795,0.0,0.0,True,True,True,False,False,False,False,False,,
0.6714490151194082,0.870014764920757,64.65304516493559,538.524898013788,10.862249745806613,139.98777288290148,64.65304516493559,0.0,0.0,True,True,True,True,True,False,False,False,,
1.1429987833129533,0.6721148529862125,103.72201866706456,1095.3531181783737,28.76568818810112,103.64999000422361,103.72201866706456,0.0,0.0,True,True,True,True,True,False,False,False,,
1.1038555735071125,0.6456312237988802,81.77944714422466,1423.7833010737731,19.192713355142487,116.00633879042238,81.77944714422466,0.0,0.0,True,True,True,True,True,False,False,False,,
0.7585930102248954,0.6345274674824095,78.32367417850828,1117.3109821819573,16.97079709086436,124.00985881804561,78.32367417850828,0.0,0.0,True,True,True,True,True,False,False,False,,
0.4552979896302854,0.5374881978541474,90.35439542163776,121.59462053965049,3.5543799253915975,255.3004834943584,37.88109687453695,0.0,0.0,True,True,True,False,False,False,False,False,,
0.5167390275280259,0.8432838885606355,59.90323510640104,1466.00722250164,11.025509807342164,146.6686172291425,59.903235106401034,0.0,0.0,True,True,True,True,True,False,False,False,,
0.4425543054879456,0.667377040193073,92.84313367571747,1721.9436056050604,24.05835914452383,126.10032276912577,92.84313367571747,0.0,0.0,True,True,True,True,True,False,False,False,,
0.8523653582919389,0.5096877866729501,64.4576542395288,563.5655065836231,10.87060072143499,143.651782355464,64.4576542395288,0.0,0.0,True,True,True,True,True,False,False,False,,
0.7608328341737094,0.6811261145432103,88.97250756619187,1226.5587538210127,21.783735371581315,115.5675161400018,88.97250756619187,0.0,0.0,True,True,True,True,True,False,False,False,,
0.658250948807281,0.9484947459281985,57.61411992950873,847.3855543519213,9.279664894978488,149.52204358553118,57.614119929508725,0.0,0.0,True,True,True,True,True,False,False,False,,
0.5829554517860106,0.7312650875375798,108.28594387531477,1285.4537167028516,31.403712424615165,112.92336280669365,108.28594387531477,0.0,0.0,True,True,True,True,True,False,False,False,,
0.4876555075061667,0.8802523002632348,61.16684568277315,168.8939745890484,5.2879777730815105,198.2832815937908,46.204166836611314,0.0,0.0,True,True,True,False,False,False,False,False,,
1.063679444445178,0.5405132201394189,62.12212120223795,793.9980190246201,10.577000338380474,142.86737095424607,62.122121202237956,0.0,0.0,True,True,True,True,True,False,False,False,,
0.723054950240019,0.6127063566248437,106.7723948076388,1417.7740565344186,30.753326255516917,112.16632032503587,106.7723948076388,0.0,0.0,True,True,True,True,True,False,False,False,,
1.0789002467710551,0.6530223464139068,94.39552896836503,757.7855721487886,23.094550345108622,109.32825891939407,94.39552896836503,0.0,0.0,True,True,True,True,True,False,False,False,,
0.47928269908638044,0.8627516831646946,62.610469515250514,861.4934635855194,10.780178100825909,146.21366647507188,62.61046951525051,0.0,0.0,True,True,True,True,True,False,False,False,,
0.8290555323032915,0.9601292474386123,75.72139450797435,1663.5017258733317,17.172382363022148,118.80737810290746,75.72139450797435,0.0,0.0,True,True,True,True,True,False,False,False,,
0.5607907828733657,1.0150166299379393,81.2642855311122,969.3843047322075,17.728447907632276,120.96043880678582,81.2642855311122,0.0,0.0,True,True,True,True,True,False,False,False,,
0.7059094940523778,0.845069879214322,105.47509379114499,843.0211619210233,28.58861733610739,106.87561220537566,105.47509379114499,0.0,0.0,True,True,True,True,True,False,False,False,,
0.9249800812637,0.7925059278162568,107.09248691901618,1550.080219943799,31.61776799410281,102.16321412736728,107.09248691901618,0.0,0.0,True,True,True,True,True,False,False,False,,
0.9299879510282353,1.0377768155766591,84.98891841225695,485.3035688670502,18.19589118966006,111.53057851686695,84.98891841225695,0.0,0.0,True,True,True,True,True,False,False,False,,
0.6169136756756933,0.9092241857016794,87.9920802057662,502.4876818953182,19.364213098971923,117.3300883779549,87.9920802057662,0.0,0.0,True,True,True,True,True,False,False,False,,
0.44722702486960136,0.7879215338076313,104.95693084104997,1038.2134874394756,28.570032148664907,119.94535949911754,104.95693084104997,0.0,0.0,True,True,True,True,True,False,False,False,,
0.8789216505143438,0.8690572801183192,79.44157781017091,390.8400970555845,15.754816925353518,119.38680964480491,79.44157781017091,0.0,0.0,True,True,True,True,True,False,False,False,,
0.9271991389151604,0.6427326815158686,51.40900387312666,1352.4985592350233,8.373363860091034,160.07798916184427,51.40900387312666,0.0,0.0,True,True,True,False,False,False,False,False,,
0.9515957124819876,0.9045958935667704,65.55924604293325,1395.433348245413,12.824022764737457,129.98128032861268,65.55924604293325,0.0,0.0,True,True,True,True,True,False,False,False,,
0.9577972663741591,1.0360601071388058,80.94518100570849,229.76022024261937,13.950657445297056,121.74251950385471,75.52517054431567,0.0,0.0,True,True,True,True,True,False,False,False,,
0.7671092082840524,0.5528044131208447,90.04702221796416,387.5587333968021,19.052197378987234,121.90600448353165,87.78389779326349,0.0,0.0,True,True,True,True,True,False,False,False,,
0.9189145748118414,0.9652088979160298,50.23057878024625,531.6834064352188,6.795061079502634,168.43816113601395,50.23057878024625,0.0,0.0,True,True,True,False,False,False,False,False,,
0.7432488287098475,0.6513842611923915,68.75539250024264,945.1096476764109,13.025878145426468,133.81868806193148,68.75539250024264,0.0,0.0,True,True,True,True,True,False,False,False,,
1.0742959746940572,0.9990044285932433,69.36970410058417,1701.1913003297316,14.808337897058943,122.52346983360465,69.36970410058417,0.0,0.0,True,True,True,True,True,False,False,False,,
0.6761527975226912,1.0313771714428748,109.20091102543064,625.6498796276951,27.456199288834842,105.48944964570607,104.71420645055527,0.0,0.0,True,True,True,True,True,False,False,False,,
1.1594802495139367,0.6516723240510263,84.77786624424334,1123.8396211679553,19.758722102369273,113.5447328392217,84.77786624424334,0.0,0.0,True,True,True,True,True,False,False,False,,
0.6898632148064833,0.5949297514797232,70.67110916123741,1432.6233642065572,14.69373665387099,132.82373431481744,70.67110916123741,0.0,0.0,True,True,True,True,True,False,False,False,,
0.4750746824700193,0.6198926735821729,51.17308854849329,201.8520888082527,6.171120443025619,186.1348145223661,49.85572842260985,0.0,0.0,True,True,True,False,False,False,False,False,,
1.1329563357390315,1.0843615186342346,85.84580524394273,1192.4390410773103,20.396183557442615,105.92669248240075,85.84580524394273,0.0,0.0,True,True,True,True,True,False,False,False,,
1.1494327518028462,0.7695304376024831,101.17082233951072,1043.002031632173,27.280189793773737,101.94203065454406,101.17082233951072,0.0,0.0,True,True,True,True,True,False,False,False,,
0.45326337061202737,1.0373912340160794,75.48733964833922,762.7465456649273,14.957453593379148,130.91933701222177,75.48733964833922,0.0,0.0,True,True,True,True,True,False,False,False,,
0.7932486519294015,0.8011840244095558,88.61856612425599,653.6105579012494,20.118472701105848,113.6392649093606,88.61856612425599,0.0,0.0,True,True,True,True,True,False,False,False,,
0.6577070726586173,0.5677877385793371,81.09783589989028,461.6914238518236,16.49549014004907,128.0747649663414,81.09783589989028,0.0,0.0,True,True,True,True,True,False,False,False,,
0.45810805374633584,0.5850770254478276,101.45745167500115,1618.14307580261,27.744099663461352,125.8314181685619,101.45745167500115,0.0,0.0,True,True,True,True,True,False,False,False,,
0.5762280124273423,0.6717301988375667,68.56424701346802,1071.8329009971699,13.176878688296663,136.84241218883955,68.56424701346802,0.0,0.0,True,True,True,True,True,False,False,False,,
0.4679723211369588,0.5653421363973026,82.06788050764705,404.17842513523266,12.28640835659828,145.00236527727589,70.0187165306769,0.0,0.0,True,True,True,True,True,False,False,False,,
0.6548251264952721,0.6459846624736953,67.39848303889751,1542.9633448715213,13.717679143288663,135.72568086088208,67.39848303889751,0.0,0.0,True,True,True,True,True,False,False,False,,
0.9547032956544649,0.9800115478196074,60.351713809297394,1159.7971967120714,10.673799618931556,138.28269718346849,60.3517138092974,0.0,0.0,True,True,True,True,True,False,False,False,,
0.590836201049451,0.5630340396638237,70.09396370657188,1147.8589030757744,13.87478868119914,137.21462603633142,70.09396370657188,0.0,0.0,True,True,True,True,True,False,False,False,,
0.6695207626564869,0.8403079923018097,102.23966634510202,704.9483772484721,26.481026581976195,109.42270360876516,102.23966634510202,0.0,0.0,True,True,True,True,True,False,False,False,,
0.4834926081065493,0.5909843661538428,71.59307907544263,1026.6803463245492,14.123245437127407,138.9523526484168,71.59307907544263,0.0,0.0,True,True,True,True,True,False,False,False,,
0.7236904870949906,0.7159953197867746,107.73590519053481,1437.6729322905217,31.58606960166272,108.46017554256935,107.73590519053481,0.0,0.0,True,True,True,True,True,False,False,False,,
0.4038175533431311,0.7647098279355538,100.38082761618965,1144.997162294724,26.541736846754908,124.68471868723327,100.38082761618965,0.0,0.0,True,True,True,True,True,False,False,False,,
0.539850714586055,1.0467021862206907,97.89045006286938,1778.0210386981948,27.075956043685423,111.80321579633605,97.89045006286938,0.0,0.0,True,True,True,True,True,False,False,False,,
0.610128485416252,0.6852274774961278,83.59008829824101,511.38329567367794,17.577548352416127,124.27249127408874,83.59008829824101,0.0,0.0,True,True,True,True,True,False,False,False,,
0.6036417109462677,0.5670419557456035,82.6571517790673,1449.0072555386434,19.490471844362474,126.42651793595887,82.6571517790673,0.0,0.0,True,True,True,True,True,False,False,False,,
0.6716898969820078,0.8154788288259087,72.14997705615046,1795.1547714311862,15.914614992840658,127.08426305240212,72.14997705615046,0.0,0.0,True,True,True,True,True,False,False,False,,
0.5509495241497981,0.7955377053626222,68.22178216079539,1653.9808342663368,14.208088507442303,134.73297349355354,68.22178216079539,0.0,0.0,True,True,True,True,True,False,False,False,,
0.6082831594844879,1.0531527128105638,94.55313356199562,355.28523272574046,13.903681740470937,127.77537521825492,74.84434179672505,0.0,0.0,True,True,True,True,True,False,False,False,,
0.43881956348447776,0.6463018440279695,89.072468044531,1229.8103950741847,21.59212455200011,128.3763782805569,89.072468044531,0.0,0.0,True,True,True,True,True,False,False,False,,
0.6704809752208554,0.8909256729167676,77.10290645918943,1205.3584304993212,16.66072811655052,121.97750629801821,77.10290645918943,0.0,0.0,True,True,True,True,True,False,False,False,,
0.6081589987775912,0.6273781973779833,69.20235368284298,1595.7593583375385,14.46516136221251,135.24566459082064,69.20235368284298,0.0,0.0,True,True,True,True,True,False,False,False,,
0.5274507367178802,0.8192357109770916,96.73831628343707,1328.1512525865603,25.54625670661477,116.47102964427204,96.73831628343707,0.0,0.0,True,True,True,True,True,False,False,False,,
1.0057611864587614,0.8849195626268277,109.9097007679259,208.718718873379,13.285135901891369,124.98897355036792,73.7641996477957,0.0,0.0,True,True,True,True,True,False,False,False,,
0.5565805945066661,0.7010034396231961,70.46639215471157,645.3737758704499,12.966123221081428,136.73389403746475,70.46639215471157,0.0,0.0,True,True,True,True,True,False,False,False,,
0.6958951678938652,0.9868999415127674,62.487274699400736,1275.0789147881894,11.540426133939214,137.5762962400552,62.48727469940073,0.0,0.0,True,True,True,True,True,False,False,False,,
0.8194852672431769,0.773265759215366,64.03612492484899,1132.3802087206388,11.79875752243947,136.17035037041347,64.03612492484899,0.0,0.0,True,True,True,True,True,False,False,False,,
0.7047531009512731,0.9532598120038278,108.05056069708976,1503.1404763448402,32.18432861848883,103.73157254528674,108.05056069708976,0.0,0.0,True,True,True,True,True,False,False,False,,
1.0351652480035214,1.018814054493225,79.99133086911611,313.56515803644436,15.812655927778815,115.75075139199078,79.99133086911611,0.0,0.0,True,True,True,True,True,False,False,False,,
0.9630091858330594,0.5050505208570285,100.02823476800893,224.88631959435787,13.724902063806683,131.73435417395382,74.92284012671612,0.0,0.0,True,True,True,True,True,False,False,False,,
0.48701880507114104,0.9902986328150964,68.37144281562387,574.977747213393,12.09099795978001,138.50623290362878,68.37144281562387,0.0,0.0,True,True,True,True,True,False,False,False,,
0.721131749094773,0.8509196189176444,53.08592157225502,830.8744569669204,7.9925585209725805,159.6090194772496,53.08592157225502,0.0,0.0,True,True,True,False,False,False,False,False,,
1.0309085786756946,0.5254193240553721,89.00511189847397,1746.4142166666618,22.39186871973901,116.48846015516278,89.00511189847397,0.0,0.0,True,True,True,True,True,False,False,False,,
0.48690351375368657,0.5643557088257304,75.4495084587466,533.6989331205998,14.458901122784328,138.16815965534036,75.4495084587466,0.0,0.0,True,True,True,True,True,False,False,False,,
0.4539470206533565,0.6305946035946154,84.14535628594501,1107.8324757509772,19.171542864862182,130.24255705597872,84.14535628594501,0.0,0.0,True,True,True,True,True,False,False,False,,
0.5237348447543905,0.8828062614704104,78.15455423428092,1450.729518536452,17.57672625398651,125.32652888896848,78.15455423428092,0.0,0.0,True,True,True,True,True,False,False,False,,
0.7939263090749838,0.9367170989433579,101.91654260272527,1729.3830609570143,29.16960454608742,103.59207714718245,101.91654260272527,0.0,0.0,True,True,True,True,True,False,False,False,,
1.1143866702637655,1.0937972404418712,56.03399144572586,1383.7537240707063,9.747779557673327,143.65565063451803,56.03399144572586,0.0,0.0,True,True,True,True,True,False,False,False,,
0.4773587564167697,1.0719554899989754,89.15020219501804,812.4086272029872,20.55942331426246,119.58137601874532,89.15020219501804,0.0,0.0,True,True,True,True,True,False,False,False,,
0.851542789246566,0.8491368023912162,88.57181275177453,505.2325171352952,19.726827324917544,112.36053572986003,88.57181275177453,0.0,0.0,True,True,True,True,True,False,False,False,,
1.129698856218924,0.613564586774648,50.96219187459063,219.19042926389926,6.499136641127257,173.65362209698196,50.96219187459063,0.0,0.0,True,True,True,False,False,False,False,False,,
0.9774769789248773,0.5971793961302863,88.97963023638891,620.1339109379004,20.245836181885995,115.50792260986128,88.97963023638891,0.0,0.0,True,True,True,True,True,False,False,False,,
1.1859771264477341,0.7341089541295295,70.76027788522839,1732.569253936114,15.408224401818066,123.45367566786375,70.76027788522839,0.0,0.0,True,True,True,True,True,False,False,False,,
0.4350737494751833,0.8384627894727321,86.12889796885918,960.3689652001659,19.6109872102545,126.25464074564643,86.12889796885918,0.0,0.0,True,True,True,True,True,False,False,False,,
0.5805824745333219,0.743653981552519,63.4554266323884,1770.8561118846999,12.75880649260119,140.59223357479274,63.4554266323884,0.0,0.0,True,True,True,True,True,False,False,False,,
1.077085373981003,0.9918772374955045,76.83792011459977,1601.0271008309746,17.526480452971622,114.51588021271515,76.83792011459977,0.0,0.0,True,True,True,True,True,False,False,False,,
0.8124006000322747,0.6950533880466014,67.57144124286229,925.8978955777458,12.589840376707674,133.4289471125565,67.57144124286229,0.0,0.0,True,True,True,True,True,False,False,False,,
0.6721112804546766,0.5864836102393788,95.54882200232299,746.573073145472,23.41497661001351,118.35408824641769,95.54882200232299,0.0,0.0,True,True,True,True,True,False,False,False,,
0.5195665444999062,0.9736703166647727,60.46442659757783,837.6102496855739,10.086801538278097,147.43569135641818,60.46442659757782,0.0,0.0,True,True,True,True,True,False,False,False,,
0.6937606714905575,0.8945744698826867,97.61786724581151,1051.7736903619864,25.31411531350295,108.85329854591822,97.61786724581151,0.0,0.0,True,True,True,True,True,False,False,False,,
0.8780863156137257,0.8460842525118268,95.4869245362787,659.1623523881017,23.248718431756295,107.46257848565894,95.4869245362787,0.0,0.0,True,True,True,True,True,False,False,False,,
0.5343520959129459,0.9879740395777785,94.16693164662368,1517.1558515912961,24.858924181036617,114.2973762881033,94.16693164662368,0.0,0.0,True,True,True,True,True,False,False,False,,
0.9141356523882488,0.6619070404100907,69.7650666753592,323.5726136183586,12.140635797969345,133.5708805286007,69.7650666753592,0.0,0.0,True,True,True,True,True,False,False,False,,
0.6677754504806642,0.988109890773295,56.280001073666384,1068.5044983348557,9.267653115921263,150.20244353884394,56.280001073666384,0.0,0.0,True,True,True,False,False,False,False,False,,
0.7917860913013424,0.6410142861438752,57.63694733134212,934.6055473734792,9.44720123586801,150.4091416069599,57.63694733134212,0.0,0.0,True,True,True,False,False,False,False,False,,
0.8275233260194755,0.506892420327196,54.785654499204085,1596.9157798198162,9.71788576151198,155.78315122593213,54.785654499204085,0.0,0.0,True,True,True,False,False,False,False,False,,
1.1141915564312046,0.7244177681504306,75.58963643746277,763.9828277365647,15.173597586830116,121.052944379398,75.58963643746277,0.0,0.0,True,True,True,True,True,False,False,False,,
1.1969423745161172,0.6836845215724108,100.29924356711973,594.912431385952,25.46166938638197,104.7241744807353,100.29924356711973,0.0,0.0,True,True,True,True,True,False,False,False,,
1.071758177434401,0.6213379687817375,65.20203638579314,1287.9138052248375,12.505027113838564,134.11088970190093,65.20203638579314,0.0,0.0,True,True,True,True,True,False,False,False,,
0.8837238607835989,1.0711081830183997,57.55538631214708,559.8963789806106,8.790500714085757,148.42194389801372,57.55538631214708,0.0,0.0,True,True,True,True,True,False,False,False,,
0.7689870531221386,0.6030377242697467,90.56767451997678,1442.3855480841842,23.104882060394576,116.72645922186818,90.56767451997678,0.0,0.0,True,True,True,True,True,False,False,False,,
1.0713338663843754,1.044432345893349,73.2235885699142,1450.1695530811346,15.754554594513909,117.88088950571364,73.2235885699142,0.0,0.0,True,True,True,True,True,False,False,False,,
1.1873966819919914,0.7474203348192618,62.057969957811075,585.8230049350353,10.184316661365672,139.74309146560944,62.05796995781108,0.0,0.0,True,True,True,True,True,False,False,False,,
0.6105390329204327,0.5554048995047229,51.45117951189918,946.3659175385559,7.733303817849793,168.33933276052872,51.45117951189918,0.0,0.0,True,True,True,False,False,False,False,False,,
1.1102215905684836,0.5606557603794581,53.138635606656464,230.73598831835375,7.062797403081396,167.7582696850676,53.138635606656464,0.0,0.0,True,True,True,False,False,False,False,False,,
1.1637120452512408,0.7675802934224167,64.1726564245627,981.9991039377456,11.587506465326381,133.43554801972704,64.1726564245627,0.0,0.0,True,True,True,True,True,False,False,False,,
0.4073850078902538,0.8975542754760919,75.8982048335775,1384.2434231277862,16.454097159599634,132.82327457965565,75.8982048335775,0.0,0.0,True,True,True,True,True,False,False,False,,
0.9901289176663524,1.0562965597901162,95.5903857219037,467.78110088426575,22.78267395526795,103.29465503536737,95.5903857219037,0.0,0.0,True,True,True,True,True,False,False,False,,
1.1467226657196457,0.7494493285137197,91.54568730683184,772.0232490424198,21.838959277966694,107.68928504696409,91.54568730683184,0.0,0.0,True,True,True,True,True,False,False,False,,
0.5860486943393266,0.6505732665816847,104.91439071325742,545.9023584985031,20.768935263891695,121.5276194546594,91.06297516636516,0.0,0.0,True,True,True,True,True,False,False,False,,
0.47524109501586753,0.5610840524465697,55.96808158184812,246.60929860439794,7.55716097371429,171.2643237359391,55.11619354606516,0.0,0.0,True,True,True,False,False,False,False,False,,
0.8473323806229728,0.5673274079561499,102.99471444359361,728.8207583181952,27.07073569915319,112.39683099757788,102.99471444359361,0.0,0.0,True,True,True,True,True,False,False,False,,
0.9656236082331452,0.5258132752080635,79.58023888204113,732.9019164044757,16.624059063943417,124.27136719956312,79.58023888204113,0.0,0.0,True,True,True,True,True,False,False,False,,
0.8725307265895204,1.0354408586563602,76.14293689597788,1731.991769506582,17.50414001721349,116.94826805207427,76.14293689597788,0.0,0.0,True,True,True,True,True,False,False,False,,
0.7513600155578637,1.0043964523711264,101.88608100567936,906.9575700067608,27.01725269763716,104.20758809619804,101.88608100567936,0.0,0.0,True,True,True,True,True,False,False,False,,
0.9006406777759214,0.8379277297459633,99.04812630441049,323.11175045474505,18.54160539847066,113.67459160958016,86.84996619012558,0.0,0.0,True,True,True,True,True,False,False,False,,
0.7706937112310822,0.9566232269961827,95.64805897384254,1736.5782409759502,26.099180926113604,106.45193126226458,95.64805897384254,0.0,0.0,True,True,True,True,True,False,False,False,,
0.9039559422528992,0.8914534214061582,106.99955591429443,1706.1662815072689,31.766280052957896,100.47999780424858,106.99955591429443,0.0,0.0,True,True,True,True,True,False,False,False,,
1.0495312413367475,0.9599834876034417,109.51689654868123,1605.2223307780987,33.31712303872291,96.0865601001427,109.51689654868123,0.0,0.0,True,True,True,True,True,False,False,False,,
0.8529802217702607,0.9359602726444063,66.97381262536682,1320.5543589958181,13.16196105543142,129.04462337293631,66.97381262536682,0.0,0.0,True,True,True,True,True,False,False,False,,
0.5331396968577092,1.0371314024611553,104.60890419020413,1676.1040295162825,30.38021754863786,110.15558593192382,104.60890419020413,0.0,0.0,True,True,True,True,True,False,False,False,,
0.7363179200275829,0.9567544457968242,67.86184451836388,548.1898390334806,11.931052400821505,133.07562089354317,67.86184451836388,0.0,0.0,True,True,True,True,True,False,False,False,,
0.4709433360693168,0.9752563273277143,75.64348945848725,194.07014316370578,5.881172110121303,187.56271378928557,48.67222384199102,0.0,0.0,True,True,True,False,False,False,False,False,,
0.6871845930206402,0.5842433396903325,108.91133925443556,1533.957190581092,31.647887977476646,114.01763774623753,108.91133925443556,0.0,0.0,True,True,True,True,True,False,False,False,,
0.902183078157245,0.9524221663884974,70.1346979879819,356.5508927827232,12.330976351378508,129.08611885021844,70.1346979879819,0.0,0.0,True,True,True,True,True,False,False,False,,
0.9711629360641264,1.0957574998286075,86.31076090643299,352.01381037720614,18.411588334630434,109.9784213401645,86.31076090643299,0.0,0.0,True,True,True,True,True,False,False,False,,
0.44115240594173294,0.613170451018644,76.8290134646257,721.9085295305093,15.355018696569946,137.0966470428238,76.8290134646257,0.0,0.0,True,True,True,True,True,False,False,False,,
0.7560639253611404,0.7622762635133781,52.819029635862236,325.0875853731731,7.117390185064171,167.40064185072725,52.819029635862236,0.0,0.0,True,True,True,False,False,False,False,False,,
0.5707719451817835,0.9049260116347952,77.62688314586407,1145.6116517402515,16.69360306081856,124.34300140247154,77.62688314586407,0.0,0.0,True,True,True,True,True,False,False,False,,
1.136257252581439,0.6306632120131994,52.33255241660051,594.0115287382102,7.4333678177344975,163.1622081535915,52.33255241660051,0.0,0.0,True,True,True,False,False,False,False,False,,
0.6889809726242504,0.6946538993040658,108.81097763608491,1235.304188505439,31.660449264945683,109.93518834650695,108.81097763608491,0.0,0.0,True,True,True,True,True,False,False,False,,
1.0011697812171292,0.9809521343514922,65.99316334844221,521.1451014642153,11.295356053603589,132.57218202426566,65.99316334844221,0.0,0.0,True,True,True,True,True,False,False,False,,
1.0451415179046175,1.0298484879240708,86.10359203118087,985.4600473574058,19.963916211056272,107.63538892828942,86.10359203118087,0.0,0.0,True,True,True,True,True,False,False,False,,
0.4268559589536605,0.7589116675675946,71.17922649676032,306.599106083077,8.491794980986729,162.35833449623644,58.24298368938325,0.0,0.0,True,True,True,False,False,False,False,False,,
0.9231947956488625,0.97838357957228,67.30007896306171,280.7734014570675,11.24417201529425,133.30772896577693,67.30007896306171,0.0,0.0,True,True,True,True,True,False,False,False,,
1.051165488892274,1.0051287909216358,81.53202325854323,1282.8518912980278,18.739849638510602,110.82289738199337,81.53202325854323,0.0,0.0,True,True,True,True,True,False,False,False,,
0.6426264575402189,0.9699622545870394,91.09862576844938,731.3263039409783,21.334492652886457,113.15268113309165,91.09862576844938,0.0,0.0,True,True,True,True,True,False,False,False,,
1.0260926365378835,0.5832885633243425,66.94139424543906,752.455540885426,12.05832301695232,135.1536851497008,66.94139424543906,0.0,0.0,True,True,True,True,True,False,False,False,,
0.5651671371902224,0.5632769155722848,56.40332300540372,1566.7302942967815,10.127218894908456,155.61474891544606,56.40332300540372,0.0,0.0,True,True,True,False,False,False,False,False,,
1.0601811734689592,0.5742654341051038,99.51391199095889,1704.3208301598731,27.303049999864374,109.50338580711252,99.51391199095889,0.0,0.0,True,True,True,True,True,False,False,False,,
0.5400040604430816,0.6899932523721468,108.55577158434772,641.326591452169,22.622468022554507,120.50715268066412,94.7448549143193,0.0,0.0,True,True,True,True,True,False,False,False,,
0.7308822665351101,0.5082678136435987,61.97387352940485,286.92222798414537,9.582681046538402,151.83289855848233,61.973873529404855,0.0,0.0,True,True,True,False,False,False,False,False,,
0.7919838058809152,0.8523084497139761,70.70705107694701,1331.8398270466075,14.51877026901397,126.27985614823962,70.70705107694701,0.0,0.0,True,True,True,True,True,False,False,False,,
0.6077822756779669,0.9032330224745551,65.41774874809413,499.3874927845636,11.018609031175671,140.24682001367418,65.41774874809413,0.0,0.0,True,True,True,True,True,False,False,False,,
0.7831064843707443,1.0424370506978988,83.29996570616677,322.23109830049066,16.119390191800093,118.12072368292029,80.87450479086097,0.0,0.0,True,True,True,True,True,False,False,False,,
0.6952279710387503,0.820493601971088,81.21347437598531,1561.3990577892325,19.184897065385602,118.66226190416333,81.21347437598531,0.0,0.0,True,True,True,True,True,False,False,False,,
1.0753639273116342,0.6507887106001784,109.54611599387809,1098.8704836925908,31.88310519586816,103.35396328511358,109.54611599387809,0.0,0.0,True,True,True,True,True,False,False,False,,
0.8545793645458266,0.8994944358500638,69.7080232952533,275.8605714426543,12.017123024069804,131.35011896845748,69.7080232952533,0.0,0.0,True,True,True,True,True,False,False,False,,
0.5051287235042277,0.7232248401339707,93.16233356757715,654.8968259297267,21.663938342723597,122.21412532330329,92.59871794260222,0.0,0.0,True,True,True,True,True,False,False,False,,
0.4245454764978866,0.8137401251544587,75.53547227796784,1786.8030717320025,17.088297862020504,132.93890865751032,75.53547227796784,0.0,0.0,True,True,True,True,True,False,False,False,,
0.6487553272803313,0.534660530446766,86.83968794443368,984.2346207467192,20.14759037863324,124.49568986672863,86.83968794443368,0.0,0.0,True,True,True,True,True,False,False,False,,
0.943993982831674,0.6528406223072659,90.11105880603574,656.4050518751969,20.82938098021287,113.51408553709248,90.11105880603574,0.0,0.0,True,True,True,True,True,False,False,False,,
0.6007209163216609,0.5990868056492982,66.57260867060226,1256.9482795044096,12.857961603312123,139.62627400477248,66.57260867060226,0.0,0.0,True,True,True,True,True,False,False,False,,
1.0003533787277332,0.8179654131762711,100.88035405811019,648.6845222781837,25.846367756297358,103.54625032394803,100.88035405811019,0.0,0.0,True,True,True,True,True,False,False,False,,
1.1404258523339967,0.7267819680410896,78.40725408952245,1220.5785092173692,17.30990999645016,116.78138595424632,78.40725408952245,0.0,0.0,True,True,True,True,True,False,False,False,,
0.6419211232192834,1.0079334223573755,58.38206975845107,1119.3445242402522,9.971463084255824,146.02344516615534,58.38206975845106,0.0,0.0,True,True,True,True,True,False,False,False,,
1.1259589021543142,0.7514845822255152,58.69776921589957,1017.3871898580066,9.9236276830447,143.1632513611412,58.69776921589958,0.0,0.0,True,True,True,True,True,False,False,False,,
0.5604631729904176,0.8503041213212341,50.25056175384914,493.6335596560856,6.72234171709205,174.7189671229393,50.25056175384914,0.0,0.0,True,True,True,False,False,False,False,False,,
0.8350293246240661,0.5780950824833784,81.55224420549428,1157.556299378492,18.402903456069744,121.7840780090252,81.55224420549428,0.0,0.0,True,True,True,True,True,False,False,False,,
0.40772294823603245,0.520331626076621,93.2876230500266,793.2539267580428,21.455692694893344,134.85621865358794,91.56008598882052,0.0,0.0,True,True,True,True,True,False,False,False,,
0.7318582384251471,0.8259367270833907,90.93923568135426,885.7822633721905,21.738920119208004,112.54753942974224,90.93923568135426,0.0,0.0,True,True,True,True,True,False,False,False,,
1.098469412143912,0.6054446539781173,83.03557627293367,376.63173926742223,17.166691488256507,118.90698861460172,83.03557627293367,0.0,0.0,True,True,True,True,True,False,False,False,,
0.4919863485466282,0.6270524439368369,51.545990535364666,1506.2635389546217,8.622247476843857,166.2046769336753,51.545990535364666,0.0,0.0,True,True,True,False,False,False,False,False,,
0.7898762612501609,0.9191329234981278,74.4809470397046,566.0078442405081,14.280546262821307,124.27296768228999,74.4809470397046,0.0,0.0,True,True,True,True,True,False,False,False,,
1.1115596564334715,1.0141845701009724,69.10087165383105,608.6807105238566,12.511115675458583,126.14380200978812,69.10087165383105,0.0,0.0,True,True,True,True,True,False,False,False,,
1.1253351686312434,1.003602521792507,63.1505218197744,1240.3015969319504,11.729776248691268,131.6755051947016,63.15052181977439,0.0,0.0,True,True,True,True,True,False,False,False,,
0.49127651852960186,0.74767305515971,74.6832976960049,1493.8335088065103,16.27895515558185,131.53956631933772,74.6832976960049,0.0,0.0,True,True,True,True,True,False,False,False,,
0.8578313764979021,1.0654244549098946,62.25762766332372,269.6155530528341,9.648464838319468,142.25630752432374,62.25762766332371,0.0,0.0,True,True,True,True,True,False,False,False,,
0.7306940832631927,0.9997672639773488,51.87534058079807,1074.7784893008825,8.055296350402942,159.07453383238737,51.87534058079807,0.0,0.0,True,True,True,False,False,False,False,False,,
0.6806541929614627,0.6878245027325987,88.41238405203784,267.71448001296307,11.647437497006248,138.54770619130022,68.7253074791477,0.0,0.0,True,True,True,True,True,False,False,False,,
0.6725862416129217,0.7744114911566566,91.68049246603897,188.00741518084817,8.056478733890348,159.11719056512533,57.250459596463244,0.0,0.0,True,True,True,False,False,False,False,False,,
1.0569238071373683,0.5320633695441933,80.39116297320814,131.66410911665398,8.77032200548487,153.09461286868935,60.05830087278818,0.0,0.0,True,True,True,False,False,False,False,False,,
0.9377955515601863,1.0316159583413758,64.20689762422329,804.7730323954631,11.251451398638364,133.58483894182547,64.20689762422329,0.0,0.0,True,True,True,True,True,False,False,False,,
0.841963293112977,0.5341771929078352,57.40771735964371,222.43600643120072,8.171804242638975,159.64381917456035,57.40771735964371,0.0,0.0,True,True,True,False,False,False,False,False,,
1.0727871143768315,0.8539559652689525,76.26679573816696,805.6324706677832,15.518580527575626,118.51438310379002,76.26679573816696,0.0,0.0,True,True,True,True,True,False,False,False,,
0.6688283027958746,0.9623196000362577,55.59605846102218,554.2744293931626,8.218543299448944,156.48787863617613,55.59605846102218,0.0,0.0,True,True,True,False,False,False,False,False,,
0.5131432822824539,0.5960021658163702,109.31361634595925,662.6706207710185,22.265464353619972,124.92737725485354,93.88272372799011,0.0,0.0,True,True,True,True,True,False,False,False,,
0.9784883180158547,1.0484886380881107,96.78619598251356,1407.3417809661507,26.11195503013568,101.07221923419041,96.78619598251356,0.0,0.0,True,True,True,True,True,False,False,False,,
0.7403603411904096,0.6185984399022453,70.18748287536454,543.7697332959829,12.707325834394315,134.8756043527162,70.18748287536454,0.0,0.0,True,True,True,True,True,False,False,False,,
1.1990768098512072,0.9436925173552053,91.2856249941965,860.6472801965434,21.97520666163944,103.91325746033576,91.2856249941965,0.0,0.0,True,True,True,True,True,False,False,False,,
0.5281327246414739,0.9081818014822056,62.71287104211361,1437.9959322930688,11.88351910282602,141.3652807351634,62.712871042113605,0.0,0.0,True,True,True,True,True,False,False,False,,
0.4656134083159499,0.9238500982549391,65.75818263059716,1469.7991802618164,12.949941235645335,139.35963052104069,65.75818263059716,0.0,0.0,True,True,True,True,True,False,False,False,,
0.8913150660942748,0.7190735428149437,93.62404371535213,583.5638516104934,22.181464451675076,110.90887646161494,93.62404371535213,0.0,0.0,True,True,True,True,True,False,False,False,,
0.4063955231744057,0.812753823477345,92.57413680931387,903.347785396861,22.205518641205824,126.00864241615788,92.57413680931387,0.0,0.0,True,True,True,True,True,False,False,False,,
1.190685758340957,0.6477951047188409,76.64784010008096,960.7283327389475,16.02538446042836,120.36852838802477,76.64784010008096,0.0,0.0,True,True,True,True,True,False,False,False,,
1.0956682405511016,0.5213858798400903,108.99596689459318,847.5151590162469,30.71806914558459,109.08542982801002,108.99596689459318,0.0,0.0,True,True,True,True,True,False,False,False,,
0.48111817895576164,0.7757153530856773,109.68501959559924,791.6199596526303,25.120429833529283,119.62206546899537,99.3577504197224,0.0,0.0,True,True,True,True,True,False,False,False,,
1.049841664163855,0.9100553791932002,76.32775334455472,1751.5782878859004,17.649843063072137,116.16007931606023,76.32775334455472,0.0,0.0,True,True,True,True,True,False,False,False,,
1.1262384583886407,0.5336567717613909,87.63993557633442,1669.6339821284191,21.85320502452893,115.80865569789671,87.63993557633442,0.0,0.0,True,True,True,True,True,False,False,False,,
0.9326647071675448,0.6290177311387024,104.18985787155249,1775.9599612475367,29.69009393603063,107.70922970977941,104.18985787155249,0.0,0.0,True,True,True,True,True,False,False,False,,
0.9822053613009,0.9527588942721106,100.63915476505153,386.5155568287274,24.21846877769164,103.00662637756689,99.19782227224712,0.0,0.0,True,True,True,True,True,False,False,False,,
0.8038172491699884,1.0401851447744552,92.17801723050295,127.53501887089546,6.489431007093758,172.4948824327491,51.547889008566116,0.0,0.0,True,True,True,False,False,False,False,False,,
0.9395481762777653,1.0583340355806645,68.76617000626842,1714.0804091968175,14.59655384961489,123.98481064494156,68.76617000626842,0.0,0.0,True,True,True,True,True,False,False,False,,
0.931341530972225,0.589550182636213,81.38740156549318,1606.6737088522364,19.3338336354064,119.83156094205312,81.38740156549318,0.0,0.0,True,True,True,True,True,False,False,False,,
0.41441434589261983,1.0948936261729019,71.55221820406362,304.9750854704929,8.208706072312847,162.3849708798361,57.23570939967527,0.0,0.0,True,True,True,False,False,False,False,False,,
1.0364160227146184,1.0966860637208864,102.139701358367,1425.232231600199,28.94986792728814,97.19828342834268,102.139701358367,0.0,0.0,True,True,True,True,True,False,False,False,,
0.7064928250606721,0.6715449186731841,84.12000050935512,1405.3380678657156,20.062272596865355,119.61067231531192,84.12000050935512,0.0,0.0,True,True,True,True,True,False,False,False,,
0.5048454982920271,0.7654395985145307,78.98268430645902,1319.2701579461648,17.59736558311886,127.48545193334195,78.98268430645902,0.0,0.0,True,True,True,True,True,False,False,False,,
0.584300697167469,0.5004364698131698,94.1171297253162,1556.825065870626,24.313607227128276,125.00084099488127,94.1171297253162,0.0,0.0,True,True,True,True,True,False,False,False,,
0.8440676384579897,0.8447884927502287,54.86839809082794,1434.162131244072,9.476223250142356,150.0704281932976,54.86839809082794,0.0,0.0,True,True,True,False,False,False,False,False,,
0.8172288259260054,0.6049476365933851,65.88130912224831,1140.3229415244077,12.431685684673448,136.5815056590142,65.88130912224831,0.0,0.0,True,True,True,True,True,False,False,False,,
0.660719737651706,0.6763236532574559,89.10620083512251,802.2803407800303,20.661752367486102,118.7996032020624,89.10620083512251,0.0,0.0,True,True,True,True,True,False,False,False,,
1.1181279831345536,0.6822319480269371,64.94650707708281,1020.2116791318037,11.913053296414152,133.7483004738362,64.94650707708281,0.0,0.0,True,True,True,True,True,False,False,False,,
0.482844992573447,0.9400001899617711,105.71891368067108,1090.977164064037,29.212648074095537,114.45618253837875,105.71891368067108,0.0,0.0,True,True,True,True,True,False,False,False,,
0.7904574589961284,1.0717749046932694,74.02068417740193,584.0016951381297,14.15255639184634,123.2681291594722,74.02068417740193,0.0,0.0,True,True,True,True,True,False,False,False,,
0.715499345432161,0.5392160017767884,63.607927645208974,635.951338019371,10.722054578288638,145.58777330914853,63.607927645208974,0.0,0.0,True,True,True,True,True,False,False,False,,
0.8429446078748696,0.5068043098823027,88.15951979465345,1028.6815039857584,20.926583266448485,120.63886400081215,88.15951979465345,0.0,0.0,True,True,True,True,True,False,False,False,,
0.7539697564777006,0.7779203161781132,57.83795551131039,992.4388012338366,9.60228958075222,148.17721082650473,57.83795551131038,0.0,0.0,True,True,True,True,True,False,False,False,,
0.44052378454629443,0.8764451944080794,66.54812500708678,1060.965494915511,12.419629490160176,141.27316882068152,66.54812500708678,0.0,0.0,True,True,True,True,True,False,False,False,,
0.6975198759054024,0.6761266027305637,99.78885401609466,384.0108633198216,17.19753298962274,122.89151922157578,83.3235083045597,0.0,0.0,True,True,True,True,True,False,False,False,,
0.7862433623066029,0.7067041685986641,99.42958210710637,104.49423306086476,5.197483618118658,196.72339952092963,46.14686006607124,0.0,0.0,True,True,True,False,False,False,False,False,,
0.6801375203404751,1.0017953905510502,92.05019623351669,747.8924700611171,21.828478163283915,111.07944985963196,92.05019623351669,0.0,0.0,True,True,True,True,True,False,False,False,,
0.7801504977755591,1.032190331216313,79.02684892902815,557.9708381798423,15.96133318533224,118.767430369205,79.02684892902815,0.0,0.0,True,True,True,True,True,False,False,False,,
0.5640028597094373,1.0663463746660513,106.05115604537448,1657.3336394536934,31.204831421801245,107.88352690317443,106.05115604537448,0.0,0.0,True,True,True,True,True,False,False,False,,
0.9790154030622955,0.9242695307511539,67.35486025142792,750.3357410343675,12.189154657942362,129.6336225346593,67.35486025142792,0.0,0.0,True,True,True,True,True,False,False,False,,
0.9820186622212704,0.9759201063504386,69.41636313720238,379.8601268348517,12.144989152998175,128.73911817664762,69.41636313720238,0.0,0.0,True,True,True,True,True,False,False,False,,
0.7553504994835726,0.9677603390636695,87.70981012645204,104.86464783148136,5.015032817073483,199.36536105933595,45.31127786688672,0.0,0.0,True,True,True,False,False,False,False,False,,
0.43281321531895567,1.0328681152692374,56.96624150047325,301.0789932649261,8.133424486459157,162.60250924026334,56.96624150047325,0.0,0.0,True,True,True,False,False,False,False,False,,
0.4598006145477168,0.8119455701283831,108.52880224867292,1727.3743952680475,31.805176403031012,117.78367199892757,108.52880224867292,0.0,0.0,True,True,True,True,True,False,False,False,,
0.45563081241700915,0.6467081259195044,56.062428776470725,902.9553500018505,8.89915867471872,160.94347021502549,56.062428776470725,0.0,0.0,True,True,True,False,False,False,False,False,,
1.1149281067972288,1.0915306744117124,102.03840965535271,1265.6014981579951,28.419367307817005,96.43973923516168,102.03840965535271,0.0,0.0,True,True,True,True,True,False,False,False,,
0.8914851886178485,0.9423272079013385,92.43818968201828,1359.9715204566958,23.81415062731278,106.12008187489053,92.43818968201828,0.0,0.0,True,True,True,True,True,False,False,False,,
0.6614581208096724,0.9946493974528049,61.88656562694899,1223.1339407550208,11.246886328153819,139.30785345577243,61.88656562694899,0.0,0.0,True,True,True,True,True,False,False,False,,
0.973285298523561,0.9259621591250154,65.69772750979325,622.9521912654064,11.392775398359245,132.94782424956398,65.69772750979325,0.0,0.0,True,True,True,True,True,False,False,False,,
0.5050299927208115,0.773340575784784,63.56356991733218,1658.3642835024207,12.569078006816802,142.2360766706833,63.56356991733218,0.0,0.0,True,True,True,True,True,False,False,False,,
0.9097271331477034,0.5061701973268522,58.67678814576363,1597.6789613796402,10.912212865681443,147.88519750837628,58.67678814576363,0.0,0.0,True,True,True,True,True,False,False,False,,
0.5637037366119713,0.8697158517581296,77.55164236617239,867.6640422000397,16.02947272084387,125.892893577692,77.55164236617239,0.0,0.0,True,True,True,True,True,False,False,False,,
0.7297000098505172,1.0798227596192902,57.468629322103205,1772.3328639063693,10.819505413105595,143.74827273533575,57.468629322103205,0.0,0.0,True,True,True,True,True,False,False,False,,
0.40931149037940223,0.558540920067313,59.53268795019312,759.0000709119032,9.641585377799705,159.56784124423356,59.532687950193115,0.0,0.0,True,True,True,False,False,False,False,False,,
0.40562497997638836,0.901750081896276,77.34325012293854,1500.0572264383354,17.28013012705365,131.65601572507376,77.34325012293854,0.0,0.0,True,True,True,True,True,False,False,False,,
0.9901648273813336,0.7380307340684626,66.35171779226252,1201.7224943436674,12.728128735903004,131.2500117964611,66.35171779226252,0.0,0.0,True,True,True,True,True,False,False,False,,
0.4970002585617578,0.878121345143865,62.08566337572812,646.3097389175256,10.229778530741532,147.74615199358527,62.08566337572811,0.0,0.0,True,True,True,True,True,False,False,False,,
1.1185823059480744,1.0896586148799292,68.7495871570955,1246.9618829948583,13.670463616874647,122.9448815574882,68.7495871570955,0.0,0.0,True,True,True,True,True,False,False,False,,
0.8539785991429458,1.0588961326490205,107.13221018406506,962.2637147626488,29.97655166863925,99.1876778933019,107.13221018406506,0.0,0.0,True,True,True,True,True,False,False,False,,
1.0665657534509032,0.9186340925999286,100.23155038003537,767.3263674645754,25.92140685050423,100.890781640897,100.23155038003537,0.0,0.0,True,True,True,True,True,False,False,False,,
0.43460029612010326,0.5160593209933841,66.89428679449937,945.5417692464654,12.308411540122334,148.53224060055757,66.89428679449937,0.0,0.0,True,True,True,True,True,False,False,False,,
1.1754611646477557,0.5019926456328344,73.35509307263123,1590.249129141999,16.103072215636047,127.2053878991201,73.35509307263123,0.0,0.0,True,True,True,True,True,False,False,False,,
0.7300625606198274,0.7331673009811732,54.948763502808646,1113.5280276522221,8.965829748963856,154.16418433690623,54.948763502808646,0.0,0.0,True,True,True,False,False,False,False,False,,
0.45107142547117723,0.5650091448150089,84.46349045758072,600.0161826177041,17.7483555724033,133.86985735237826,83.75710126546676,0.0,0.0,True,True,True,True,True,False,False,False,,
1.1908967146625602,1.0393830302542275,92.2711334388912,139.97521207839034,10.492298188503172,134.62398005445476,65.73249457871822,0.0,0.0,True,True,True,True,True,False,False,False,,
0.7747130779369418,1.060289991587942,65.42256629966079,1505.7098398225132,12.969007391695392,130.76172408007304,65.42256629966079,0.0,0.0,True,True,True,True,True,False,False,False,,
0.5634832305990077,0.8635628712875847,107.60706044772199,613.7303247997727,22.537637519336563,116.04664807953483,94.67750133908687,0.0,0.0,True,True,True,True,True,False,False,False,,
0.6947808078876192,0.7800309012393682,106.00097413313064,1557.5381983031111,30.849051570098855,108.04780817121268,106.00097413313064,0.0,0.0,True,True,True,True,True,False,False,False,,
0.7386975342805592,0.7904548399699326,57.505606595052456,1281.111676488685,9.994879185448738,147.2752353294499,57.505606595052456,0.0,0.0,True,True,True,True,True,False,False,False,,
0.9670081229519916,0.8201293837092289,52.541976411784894,1007.0614105706719,8.13850136983687,156.98127489757707,52.541976411784894,0.0,0.0,True,True,True,False,False,False,False,False,,
0.7289017818674567,0.6063602878325761,103.16537150816261,488.31548072198746,22.931232107780364,116.5297414592991,96.05107965235912,0.0,0.0,True,True,True,True,True,False,False,False,,
0.9939470085579188,0.7705520729695486,59.49559330894244,502.9576713913954,9.257928945929017,146.5038772919476,59.495593308942446,0.0,0.0,True,True,True,True,True,False,False,False,,
1.068195444183635,1.0642705164323607,71.09585486459471,575.7481183919348,13.130638613408355,123.55701018503882,71.09585486459471,0.0,0.0,True,True,True,True,True,False,False,False,,
0.8887205095107682,0.7497590633687767,91.12689111096641,1288.5022763915147,22.994993614091808,110.2999376361935,91.12689111096641,0.0,0.0,True,True,True,True,True,False,False,False,,
0.889091219850753,1.0336539421054058,73.7054710607079,1644.3428743967547,16.3359358759289,119.22814439099979,73.7054710607079,0.0,0.0,True,True,True,True,True,False,False,False,,
0.9262204266828209,0.7046605262890748,80.85834251601534,428.2745580096319,16.399948010406206,119.98634663891632,80.85834251601534,0.0,0.0,True,True,True,True,True,False,False,False,,
0.5837144740250094,0.9667720161176305,97.42338096519688,1469.6557581364636,26.368756409390272,111.13495108133891,97.42338096519688,0.0,0.0,True,True,True,True,True,False,False,False,,
0.5585660156762797,0.7636772203687854,91.03453853166042,942.0527603911753,21.81835819379404,118.93356334733691,91.03453853166042,0.0,0.0,True,True,True,True,True,False,False,False,,
0.8579682298520839,0.93177947208293,77.93762498915548,1485.3219667050844,17.680578607187712,116.83647639642089,77.93762498915548,0.0,0.0,True,True,True,True,True,False,False,False,,
1.1473169411520927,0.9748133647865858,89.01482758500208,1000.6678211705872,21.313555579780786,105.09955173486841,89.01482758500208,0.0,0.0,True,True,True,True,True,False,False,False,,
0.9595256831616884,0.6689749513712521,91.95247288791272,917.1760110585179,22.377646993898022,111.31426081613121,91.95247288791272,0.0,0.0,True,True,True,True,True,False,False,False,,
0.45641001523908875,0.8882911243129492,103.47593685730902,1023.6504465862987,27.80218149735224,117.56760795164139,103.47593685730902,0.0,0.0,True,True,True,True,True,False,False,False,,
0.5446633199899306,0.7240299138185314,109.99033964209718,1418.3032927155602,32.500987614689926,114.62058854307514,109.99033964209718,0.0,0.0,True,True,True,True,True,False,False,False,,
0.5325480074195271,1.0445072934768578,79.67237256014828,218.64642611414018,7.473200247249847,165.3688479227176,54.93739623411507,0.0,0.0,True,True,True,False,False,False,False,False,,
1.0216447048832253,0.8140538712262875,109.27503728913017,402.7874891013394,26.252993897635474,102.92614421709378,103.27743163362797,0.0,0.0,True,True,True,True,True,False,False,False,,
1.059450193663431,0.7366061997048202,104.3231578331607,1636.235602762307,30.136267078132533,102.43263147984936,104.3231578331607,0.0,0.0,True,True,True,True,True,False,False,False,,
0.7620233972899094,1.0442386348355461,93.40896578529097,1676.8176242497234,25.117873417071102,106.56093295363294,93.40896578529097,0.0,0.0,True,True,True,True,True,False,False,False,,
0.9980388320979288,0.8213686491501087,103.36660430796809,1296.6174264615495,29.171081470401916,101.60635266007166,103.36660430796809,0.0,0.0,True,True,True,True,True,False,False,False,,
1.1936839497619784,0.7910489810707123,81.0718037952544,1647.1291934578046,19.43503032310917,112.48931654891548,81.0718037952544,0.0,0.0,True,True,True,True,True,False,False,False,,
1.066085396677046,0.6913375715047242,105.94421719834952,115.0640815783951,7.724251609113397,159.04275777675417,56.38757054890843,0.0,0.0,True,True,True,False,False,False,False,False,,
0.4007580803971019,0.9592579149357918,54.76726075177217,1413.7580705609084,9.362861455058162,159.30762390930246,54.76726075177217,0.0,0.0,True,True,True,False,False,False,False,False,,
0.9071864227052463,0.8008972473210438,94.82134796470922,994.9451459233488,23.92022347665346,107.44542181059403,94.82134796470922,0.0,0.0,True,True,True,True,True,False,False,False,,
1.1304011157801648,1.0989832471954588,101.08910312501473,1186.6910060143327,27.682515277027157,96.69187296597106,101.08910312501473,0.0,0.0,True,True,True,True,True,False,False,False,,
0.5699578728900652,1.0838908602457042,67.34471628407306,1294.8886048221163,13.19198282828859,132.72703921396038,67.34471628407306,0.0,0.0,True,True,True,True,True,False,False,False,,
0.7900789895998017,0.7833238800454001,70.81716408952852,1124.4269527341878,14.131096102658207,127.63389618980868,70.81716408952852,0.0,0.0,True,True,True,True,True,False,False,False,,
0.8342707181262239,0.9813260867978226,92.10550756898935,1069.538105750969,22.826039260499947,107.11401876304068,92.10550756898935,0.0,0.0,True,True,True,True,True,False,False,False,,
0.6182864344891746,1.0088677255712892,96.98498768775949,296.02085149091334,11.740051827508648,135.71071468909153,68.87688685421013,0.0,0.0,True,True,True,True,True,False,False,False,,
0.4616018329263032,1.075121324501458,74.74128493949551,435.5088771064768,13.081937971930497,135.33727330886117,72.18546639355074,0.0,0.0,True,True,True,True,True,False,False,False,,
0.5092047340319923,0.568847947871261,61.64519469787336,731.8865916476947,10.253674169856657,152.07884188705282,61.64519469787336,0.0,0.0,True,True,True,False,False,False,False,False,,
0.7240120903684328,0.9496128188725019,59.08991208912628,495.7151659377886,9.10763568276372,148.7038645349334,59.08991208912628,0.0,0.0,True,True,True,True,True,False,False,False,,
0.7007236674566142,0.5182834829788089,67.22040813278703,372.4311664813755,11.368805052979924,143.2725376927028,67.22040813278703,0.0,0.0,True,True,True,True,True,False,False,False,,
0.6049583428208442,0.9145022825892759,54.6640679532876,690.2844540599694,8.181962261071677,158.70261069726757,54.6640679532876,0.0,0.0,True,True,True,False,False,False,False,False,,
0.5810582318013601,1.0553582948984235,84.44539488684353,649.9600844917823,18.25143258932949,118.62046190510819,84.44539488684353,0.0,0.0,True,True,True,True,True,False,False,False,,
0.5353770844652774,0.5314007390961599,96.40708936092737,904.2820790355603,24.147094754912207,125.23269603554887,96.40708936092737,0.0,0.0,True,True,True,True,True,False,False,False,,
0.9466597626735461,0.8362696891969005,98.47040339797965,1534.2800066731645,27.335345724964437,103.93369813424506,98.47040339797965,0.0,0.0,True,True,True,True,True,False,False,False,,
0.45750466102484855,0.7089431727597485,66.30995133008052,459.7466062732923,11.183723387805168,146.6239709533907,66.30995133008052,0.0,0.0,True,True,True,True,True,False,False,False,,
0.8370797515768023,0.8038703807906571,78.24494577453021,1513.1063152036402,17.866166048704034,118.67184535358174,78.24494577453021,0.0,0.0,True,True,True,True,True,False,False,False,,
0.8866789751464281,1.04697434206266,61.83730922864946,167.06027815275394,9.339545262163165,144.13625485811232,61.83730922864946,0.0,0.0,True,True,True,True,True,False,False,False,,
0.4281227299684513,0.7013387472018627,57.06009719016309,696.73314619399,8.827631962506763,161.0426558536175,57.06009719016309,0.0,0.0,True,True,True,False,False,False,False,False,,
0.4341048458618933,1.0075476922978588,91.79085936937318,1039.7021881854453,22.281117078262145,121.10608331559366,91.79085936937318,0.0,0.0,True,True,True,True,True,False,False,False,,
0.6072854132876315,0.9150629391575836,82.15925135525583,964.4912230178255,18.105622162961144,119.98031900821601,82.15925135525583,0.0,0.0,True,True,True,True,True,False,False,False,,
0.8216215774113167,0.5994281747821497,86.97298499020644,914.4709252223922,20.099818408750632,118.24995849445655,86.97298499020644,0.0,0.0,True,True,True,True,True,False,False,False,,
0.5708437767763641,0.9975877636815205,51.403655950158296,1058.2762776183542,7.892162785007388,163.22791508739436,51.403655950158296,0.0,0.0,True,True,True,False,False,False,False,False,,
0.4423540949710799,0.6357211977361532,90.97492900568378,1199.3181387046159,22.365651364341975,127.73761740153024,90.97492900568378,0.0,0.0,True,True,True,True,True,False,False,False,,
1.0812269692312413,0.7575652470818423,65.9132503822538,1745.0671176722099,13.629126110181591,129.80913924067113,65.9132503822538,0.0,0.0,True,True,True,True,True,False,False,False,,
0.48269106032913384,0.8188385423373576,96.14105838358924,970.8116698317101,24.147855241772874,119.40373277180194,96.14105838358924,0.0,0.0,True,True,True,True,True,False,False,False,,
1.1598023698606774,0.7323479244566895,76.76242623233261,581.5355888342017,15.215197642415218,120.16437858817878,76.76242623233261,0.0,0.0,True,True,True,True,True,False,False,False,,
1.009581812996944,1.0983087880526767,50.14744528416895,1544.8309501127285,8.331286783158195,157.47953566164392,50.14744528416895,0.0,0.0,True,True,True,False,False,False,False,False,,
0.8554624841280416,0.6254083518274826,59.305516463144656,189.7442054629082,8.646205776511223,153.89334725393414,59.30551646314465,0.0,0.0,True,True,True,False,False,False,False,False,,
0.8669014109956618,0.8816980013416259,74.97138056002379,733.8813699752222,14.841757848827156,122.19846239951694,74.97138056002379,0.0,0.0,True,True,True,True,True,False,False,False,,
1.1806911767131718,0.5016122907408216,53.573558810706075,1645.5207247235764,9.455091450520278,155.65900549500742,53.573558810706075,0.0,0.0,True,True,True,False,False,False,False,False,,
0.4666144583562655,0.8619797763911672,101.47259189108561,1227.2646050321005,27.474598150055627,117.70023876777493,101.47259189108561,0.0,0.0,True,True,True,True,True,False,False,False,,
0.6917272591213535,0.7203888362854686,51.14813711771049,1339.2168220605847,8.270959858674077,162.28680077467072,51.14813711771049,0.0,0.0,True,True,True,False,False,False,False,False,,
0.7566866065707138,0.8018194391659385,109.34304856110938,1754.7508172441708,32.680183359741456,104.89561476010137,109.34304856110938,0.0,0.0,True,True,True,True,True,False,False,False,,
0.9955782378060223,0.8250473549869045,56.24335123227724,765.4976992856573,8.771078998069394,150.13925110668234,56.24335123227724,0.0,0.0,True,True,True,False,False,False,False,False,,
0.7439395815956521,1.0943033488108558,65.15483872943312,1138.8212495456376,12.174299465430272,132.43516920302685,65.15483872943312,0.0,0.0,True,True,True,True,True,False,False,False,,
0.45292207832568804,0.8730961220331528,66.17809812371047,523.7675406791052,11.26361813511534,144.3841390854585,66.17809812371047,0.0,0.0,True,True,True,True,True,False,False,False,,
0.9192904657680343,0.5583098495434174,101.77321607458981,1474.2170825412743,28.253164125926,111.49105781867952,101.77321607458981,0.0,0.0,True,True,True,True,True,False,False,False,,
0.4490630575521179,1.0163972100907486,107.31789728234028,1654.0791651657073,31.553294015858285,114.98078777778721,107.31789728234028,0.0,0.0,True,True,True,True,True,False,False,False,,
0.8821883004588049,1.0462024929127283,84.00278037670452,579.9800677489923,18.016171958699058,112.4546221687089,84.00278037670452,0.0,0.0,True,True,True,True,True,False,False,False,,
0.9593381907225086,0.9371677636057202,89.96936410971122,317.9239295910502,19.40783634098723,110.03396453162583,88.9129407175403,0.0,0.0,True,True,True,True,True,False,False,False,,
0.44799219241821686,0.8666906083195862,68.25356565565886,445.41364474953565,11.778102090138605,142.53464646271692,68.25356565565886,0.0,0.0,True,True,True,True,True,False,False,False,,
1.197871731729454,0.8376738102637555,87.46684999679809,1611.9315847752046,22.224806398685995,107.01017791121458,87.46684999679809,0.0,0.0,True,True,True,True,True,False,False,False,,
1.0161302604278395,1.0712879190601152,59.961689266159155,1532.9156394198262,11.214043944185391,136.51366233213224,59.96168926615916,0.0,0.0,True,True,True,True,True,False,False,False,,
0.5580231716283368,0.7834953687909436,98.0649740486467,137.61446263673037,4.904099788182199,205.685934828359,44.61446140829446,0.0,0.0,True,True,True,False,False,False,False,False,,
0.5643564862523083,0.8756363603647197,74.88404517604815,284.8260687566198,10.330185555067656,144.9079691364281,64.54819864350698,0.0,0.0,True,True,True,True,True,False,False,False,,
0.838158981973282,0.7877885513399734,54.246044193839666,1190.6522938314072,8.899363378939556,153.21773977965552,54.246044193839666,0.0,0.0,True,True,True,False,False,False,False,False,,
0.4623958382020547,0.9533588916320171,83.46936930049168,163.86108257892062,4.871721211147561,207.64891189470708,44.31618500854942,0.0,0.0,True,True,True,False,False,False,False,False,,
0.5408429756609107,0.8104004905974356,54.43783014272154,1105.093726437778,8.789533234145578,158.02833514882113,54.43783014272154,0.0,0.0,True,True,True,False,False,False,False,False,,
0.5443080348246853,0.6485386076716655,91.4999707686122,230.86088938025213,8.064350913066109,163.30127810270267,57.07094363567344,0.0,0.0,True,True,True,False,False,False,False,False,,
0.6665520464791597,0.8115804471112811,66.1243612123326,870.6604459405047,11.972118266909888,136.40117133126185,66.1243612123326,0.0,0.0,True,True,True,True,True,False,False,False,,
0.6276022479065676,0.6336118398327649,82.24656759384418,899.8658325692357,17.994537713143593,124.69548157162205,82.24656759384418,0.0,0.0,True,True,True,True,True,False,False,False,,
0.8149175914256639,0.5250863078970249,102.86547603681146,242.85960222204778,12.589335878904592,136.53673906589304,71.62291371875523,0.0,0.0,True,True,True,True,True,False,False,False,,
0.7733735054239734,0.8342635635117588,102.43075772497052,1355.7184504184372,28.7381032418211,105.85404170337551,102.43075772497052,0.0,0.0,True,True,True,True,True,False,False,False,,
1.1706656026280644,0.9233628513684915,65.073965627251,1198.301514833654,12.29695970083039,129.3035119783738,65.073965627251,0.0,0.0,True,True,True,True,True,False,False,False,,
1.0046459406336765,0.7528364455050207,83.26439358314374,1337.75506965444,19.60698850665343,113.57689011420374,83.26439358314374,0.0,0.0,True,True,True,True,True,False,False,False,,
1.0834496198644852,1.0689986224880759,78.44456489119872,1078.1817366275657,16.990398613709395,112.99442851709613,78.44456489119872,0.0,0.0,True,True,True,True,True,False,False,False,,
1.0097188117980893,1.072221721509787,68.70580306472955,784.8883535755488,12.720773649917353,126.0419519769864,68.70580306472955,0.0,0.0,True,True,True,True,True,False,False,False,,
1.1897645697233936,0.6188254686157437,80.7217079303123,488.9196548281627,16.532172384386755,119.14651559056104,80.7217079303123,0.0,0.0,True,True,True,True,True,False,False,False,,
1.040625313737265,0.5503816851638191,92.00484702550301,1744.948821091395,23.77936294980357,113.8134932076623,92.00484702550301,0.0,0.0,True,True,True,True,True,False,False,False,,
0.4541427368870917,0.6622707081453683,93.70144618394323,1389.178079660778,24.168915989353064,125.17521487885706,93.70144618394323,0.0,0.0,True,True,True,True,True,False,False,False,,
1.1903192041893975,0.8400912933454869,82.67595961379277,1254.6852246419578,19.17967888198188,110.76148826956997,82.67595961379277,0.0,0.0,True,True,True,True,True,False,False,False,,
0.44767865952547636,1.0709306145802922,89.25782686168665,520.6560838442638,15.238257872769552,130.10014188569303,77.72776293258177,0.0,0.0,True,True,True,True,True,False,False,False,,
0.7929567140353757,0.5157976025918009,93.81519860863722,1701.4938736809995,24.377061840704044,118.49325283712194,93.81519860863722,0.0,0.0,True,True,True,True,True,False,False,False,,
0.6039140120301977,0.8461571450449927,98.24094027100216,1710.4856738843284,27.065028401297926,112.07840163456936,98.24094027100216,0.0,0.0,True,True,True,True,True,False,False,False,,
0.6200303043944081,0.8282992062438642,78.88073242854074,415.0260965346216,15.521914868809537,125.56997551758197,78.88073242854074,0.0,0.0,True,True,True,True,True,False,False,False,,
0.8925439294716497,0.8351971493184903,60.46892404543153,979.8293263487437,10.386441911221096,141.01015477392184,60.468924045431535,0.0,0.0,True,True,True,True,True,False,False,False,,
0.5620816519119178,0.8370879252566022,51.30005987873512,927.9140119159837,7.660722221777134,166.05916978179326,51.30005987873512,0.0,0.0,True,True,True,False,False,False,False,False,,
0.5256759934966041,1.0285431754190721,106.07050640010095,1049.3422760359279,29.3389132959519,110.59255155616681,106.07050640010095,0.0,0.0,True,True,True,True,True,False,False,False,,
0.45997944901938936,1.0279338217629048,50.444190443506194,1430.6286997963962,8.202598263168676,165.93632217204777,50.444190443506194,0.0,0.0,True,True,True,False,False,False,False,False,,
0.6658931447790397,0.6602683525554847,102.38357869426076,169.0251788706513,7.166501134946358,169.158421066905,54.01264841588538,0.0,0.0,True,True,True,False,False,False,False,False,,
0.8147213024895759,1.0356611889846312,58.227837813574126,807.9980284610835,9.405226172721749,145.631600776339,58.22783781357412,0.0,0.0,True,True,True,True,True,False,False,False,,
0.6308487099441217,0.8130456457604822,52.703186226650786,1196.8456982529708,8.465765924049876,159.2758056556968,52.703186226650786,0.0,0.0,True,True,True,False,False,False,False,False,,
0.953738708547128,0.9517091536647273,60.19401374563075,1348.1774266777559,10.958024552794756,138.07925489183057,60.19401374563075,0.0,0.0,True,True,True,True,True,False,False,False,,
0.8084585401194204,0.5685894922789215,79.65068434174819,1699.4140520117023,18.57317304453125,123.5894071344743,79.65068434174819,0.0,0.0,True,True,True,True,True,False,False,False,,
0.943098440430798,0.5947713995871029,61.95180519294994,102.18844804454082,6.0764269920640395,181.0404455782168,49.98007617264741,0.0,0.0,True,True,True,False,False,False,False,False,,
1.1644506054760966,1.0879379139589962,99.02298325390046,937.8175214527947,25.878151504578817,97.8636401490296,99.02298325390046,0.0,0.0,True,True,True,True,True,False,False,False,,
1.0932674201400578,0.9656606917320071,105.50452345406347,795.8788313336821,28.695335347571223,97.57953044295246,105.50452345406347,0.0,0.0,True,True,True,True,True,False,False,False,,
0.8388739369503779,0.7308457644777202,78.64039308620737,1060.831041172993,16.986944922542904,120.33470856709066,78.64039308620737,0.0,0.0,True,True,True,True,True,False,False,False,,
1.0470734852222554,0.8793046158552196,96.03548625183245,578.8191287932489,23.331818524552162,104.37476802007276,96.03548625183245,0.0,0.0,True,True,True,True,True,False,False,False,,
0.7791193378394363,0.7000501867377024,61.0687531235558,968.3078125444921,10.542471841110938,143.23806769309786,61.06875312355581,0.0,0.0,True,True,True,True,True,False,False,False,,
0.8335723144890148,0.8128579918524604,108.60640110609305,1474.8715587317624,32.39172634347456,102.9888700237205,108.60640110609305,0.0,0.0,True,True,True,True,True,False,False,False,,
0.8085020333312332,1.0481855416906372,50.9156722469218,854.8536062603832,7.463272804334554,162.59119281623353,50.9156722469218,0.0,0.0,True,True,True,False,False,False,False,False,,
0.9554904239614334,0.6117538697973077,80.65884439031689,1584.5850748977946,19.07167479515005,119.34295794755207,80.65884439031689,0.0,0.0,True,True,True,True,True,False,False,False,,
0.971692747094125,0.8787896217012225,67.6437249351656,1792.4357456368741,14.340681435406276,126.8663734421038,67.6437249351656,0.0,0.0,True,True,True,True,True,False,False,False,,
0.8558684781766965,0.7769518891726177,101.84030325600577,1308.8402902709415,28.335748719411967,105.56521459147608,101.84030325600577,0.0,0.0,True,True,True,True,True,False,False,False,,
0.543956532231946,1.0740981713763018,51.260807620089146,1504.7992233663647,8.547731835003063,161.00172953558905,51.260807620089146,0.0,0.0,True,True,True,False,False,False,False,False,,
0.7304523325387151,0.7470675709537881,106.06358805969637,920.6279252414153,29.17427312639373,108.07433790063975,106.06358805969637,0.0,0.0,True,True,True,True,True,False,False,False,,
0.5187046091834164,0.8010253544252544,101.51735555320423,1744.1771379432928,28.455585880607156,115.74766655443615,101.51735555320423,0.0,0.0,True,True,True,True,True,False,False,False,,
1.043027868413581,0.7525866495901248,74.6431538818813,1645.1791967142706,16.730866848267034,120.19487130388555,74.6431538818813,0.0,0.0,True,True,True,True,True,False,False,False,,
1.0550647121324535,0.7407323502586776,52.75066012294833,1117.9622067209439,8.37446176396249,155.82447246524455,52.75066012294833,0.0,0.0,True,True,True,False,False,False,False,False,,
1.1850391344434854,0.5696271647252682,63.02686392336828,1616.3622726303809,12.385732159701398,137.0746233121227,63.02686392336829,0.0,0.0,True,True,True,True,True,False,False,False,,
1.15797833941576,0.9381438185312343,106.58396259407249,1219.4250686788641,30.71026185561512,96.26976865221111,106.58396259407249,0.0,0.0,True,True,True,True,True,False,False,False,,
0.9254803547676876,0.9309271314386285,86.00840639312558,1708.5866801228012,21.7004689748026,109.52549483102544,86.00840639312558,0.0,0.0,True,True,True,True,True,False,False,False,,
1.072537047584794,1.0946404502132516,86.47591231892241,411.87465486291177,18.655973685467877,108.36428051875028,86.47591231892241,0.0,0.0,True,True,True,True,True,False,False,False,,
0.6428128521038458,0.7569510593887439,67.06502895606377,1626.4792622885209,13.759801759244267,134.2433485062755,67.06502895606377,0.0,0.0,True,True,True,True,True,False,False,False,,
1.1540166650249257,0.5376714679339814,50.002589338644036,1061.3375315448957,7.555385661411615,166.04576292235254,50.002589338644036,0.0,0.0,True,True,True,False,False,False,False,False,,
0.5848079035389521,1.035263436273179,73.03060601180621,1502.0726849029277,15.69931750369094,125.97385030292313,73.03060601180621,0.0,0.0,True,True,True,True,True,False,False,False,,
0.8710418638179832,0.9691046020612,59.12841140483931,686.6883001054169,9.46391590169687,144.70385677188665,59.128411404839305,0.0,0.0,True,True,True,True,True,False,False,False,,
0.43974287993748007,0.7560342060253091,104.30760034341438,1698.9560483789917,29.552338835080565,121.15321906159633,104.30760034341438,0.0,0.0,True,True,True,True,True,False,False,False,,
0.6336201188443142,0.9141907745235787,71.94355734618263,1445.944345709545,15.18300735113407,127.12491686312087,71.94355734618263,0.0,0.0,True,True,True,True,True,False,False,False,,
1.1989060062360433,0.544110325625426,86.86848882528625,242.32645185813737,18.366723151649097,117.74987770171451,86.77816817944003,0.0,0.0,True,True,True,True,True,False,False,False,,
1.0124227580834155,1.097693589362601,73.46583034302361,721.8457324495804,14.281020843958853,120.07651252039105,73.46583034302361,0.0,0.0,True,True,True,True,True,False,False,False,,
0.5318006657573517,0.6700138906015491,57.67211061720593,1333.1560789641442,10.109203622338534,152.76136556143666,57.67211061720593,0.0,0.0,True,True,True,False,False,False,False,False,,
1.0424533579104316,0.8097402669237836,53.51542322656221,1667.3659458289176,9.469392978987482,151.10544993971018,53.51542322656221,0.0,0.0,True,True,True,False,False,False,False,False,,
0.5128301050429908,1.0031540185732981,50.5278811353102,1135.3448592614034,7.775851207823816,166.19952459472825,50.5278811353102,0.0,0.0,True,True,True,False,False,False,False,False,,
1.1450369377824305,0.6752515879211266,50.778825993239856,1664.7188790275625,8.691889066976971,158.5700229731243,50.778825993239856,0.0,0.0,True,True,True,False,False,False,False,False,,
0.42875649192022597,0.8284468626105665,98.96908655087049,1488.9847688195691,26.963778681317685,121.43007287796588,98.96908655087049,0.0,0.0,True,True,True,True,True,False,False,False,,
0.4657441263745858,0.8713429451176151,101.3329816280225,532.7555938771748,16.20845734400147,129.2407708355431,80.19646053029776,0.0,0.0,True,True,True,True,True,False,False,False,,
0.9842638029034041,1.0841511377436719,95.92391792131772,128.74535832716253,7.993938678961697,153.77111969060067,57.31113979101393,0.0,0.0,True,True,True,False,False,False,False,False,,
0.7089833500871104,0.9803450629340468,90.42600378451306,326.5609921970749,14.823255959979887,123.4308402237339,77.46716632320081,0.0,0.0,True,True,True,True,True,False,False,False,,
0.5522667061635907,0.6159514408043444,59.32377787105547,1765.1104745636376,11.37305908059728,149.68390959631546,59.32377787105546,0.0,0.0,True,True,True,True,True,False,False,False,,
0.4101511513051755,0.9009850911460828,103.0414142338838,1719.8633374130632,29.142593415577497,120.74963471788205,103.0414142338838,0.0,0.0,True,True,True,True,True,False,False,False,,
0.5587760244586351,0.784483192108808,53.028910015218216,270.5093448486463,7.068067668437128,170.8981008169525,53.028910015218216,0.0,0.0,True,True,True,False,False,False,False,False,,
1.1152233247650714,0.7926518677101346,87.77924708015416,1540.4969036317066,22.168482878018303,108.41520507587855,87.77924708015416,0.0,0.0,True,True,True,True,True,False,False,False,,
1.0773744443906692,1.0008710006599002,58.17051129690058,422.6052939327678,8.73999459649467,147.4253017199075,58.170511296900585,0.0,0.0,True,True,True,True,True,False,False,False,,
0.9365061142125708,1.021504433480192,108.61080560084899,698.7898342052468,29.911781926435253,98.07163639783107,108.61080560084899,0.0,0.0,True,True,True,True,True,False,False,False,,
0.5836037170628635,0.5364197305181029,82.98186754042001,1440.245964526655,19.597284323314746,128.03423039448015,82.98186754042001,0.0,0.0,True,True,True,True,True,False,False,False,,
0.5578631629003538,0.9144531909620168,67.58636217508602,303.2634958093055,10.88450686718667,141.9079803697691,66.22034048868353,0.0,0.0,True,True,True,True,True,False,False,False,,
0.7501929054950036,1.0525671654752724,62.13191476035835,1194.7649127909963,11.28531179303736,136.98519287102448,62.13191476035834,0.0,0.0,True,True,True,True,True,False,False,False,,
0.9290789826535281,0.6237175962625523,62.279532522020745,580.9194674996705,10.228829028537701,143.38165561593976,62.279532522020745,0.0,0.0,True,True,True,True,True,False,False,False,,
0.8028269029327779,0.8932721701080555,74.45484810567515,570.1949481866075,14.282739580927753,124.35486145392822,74.45484810567515,0.0,0.0,True,True,True,True,True,False,False,False,,
0.6489956035161398,1.0159872062395776,81.98382560495632,1241.348961770683,18.722626505119518,117.05778254480302,81.98382560495632,0.0,0.0,True,True,True,True,True,False,False,False,,
0.5552150162881185,0.8966721203394916,86.15627326980723,700.2385534844252,19.06736159427895,120.09365198175193,86.15627326980723,0.0,0.0,True,True,True,True,True,False,False,False,,
0.8526148943365748,0.8565328916004085,78.30657743064496,951.5853684112965,16.605933339378552,118.64796429365272,78.30657743064496,0.0,0.0,True,True,True,True,True,False,False,False,,
0.4597471586484527,0.9937333934344756,79.05238015212201,1116.5787399183039,17.124232793659534,126.79882465948641,79.05238015212201,0.0,0.0,True,True,True,True,True,False,False,False,,
0.7852426018606291,0.9461690136643136,57.299497895668104,873.6718030409148,9.24445463760276,147.9844802577282,57.299497895668104,0.0,0.0,True,True,True,True,True,False,False,False,,
0.8273273118451495,0.9415847462440273,80.41514084454678,817.5241931544432,17.1258488414992,116.56048998572875,80.41514084454678,0.0,0.0,True,True,True,True,True,False,False,False,,
0.9887898207848033,1.0746656401955996,101.65241685580399,976.8025630984521,27.257327324232868,98.8248804436745,101.65241685580399,0.0,0.0,True,True,True,True,True,False,False,False,,
0.8422992744757057,0.6599392553327394,85.06742230364678,231.89051462448555,12.410980902846529,133.3644900356275,71.15283424360504,0.0,0.0,True,True,True,True,True,False,False,False,,
0.4371560551644602,0.8227391098044592,68.07448389965013,1382.294513585281,13.573476204330852,139.3332794711508,68.07448389965013,0.0,0.0,True,True,True,True,True,False,False,False,,
0.7535394314266728,0.7807123525154267,92.92833764017327,1687.735208154921,24.58511577690359,111.15811466825419,92.92833764017327,0.0,0.0,True,True,True,True,True,False,False,False,,
1.1369264683703308,1.0168983214505405,85.0161266554181,590.2996605481385,18.513397819307354,108.9569950426454,85.0161266554181,0.0,0.0,True,True,True,True,True,False,False,False,,
0.5028090131997054,0.5706901627631438,85.2458619110653,1226.2462437450793,19.980028158360295,128.96816604572209,85.2458619110653,0.0,0.0,True,True,True,True,True,False,False,False,,
1.1943676235345912,0.6784000103881429,59.00307322382818,1310.2009488395863,10.528444102719394,141.86176458132937,59.00307322382818,0.0,0.0,True,True,True,True,True,False,False,False,,
1.0767052575357783,0.8570344239611074,88.74824862213406,945.6700393223999,21.03320952572333,107.75824218049239,88.74824862213406,0.0,0.0,True,True,True,True,True,False,False,False,,
0.9899583236439067,0.5806728403518511,83.78483342896416,425.45468811661044,17.56874557312595,119.97856786623183,83.78483342896416,0.0,0.0,True,True,True,True,True,False,False,False,,
0.6492273179834545,1.0121137513344494,81.35027224692355,973.7993269161897,17.817228581335552,118.25440583679296,81.35027224692355,0.0,0.0,True,True,True,True,True,False,False,False,,
0.8029946627833602,0.8351212307653817,94.01751170848618,1321.0069961743607,24.42454091634,108.6467457627232,94.01751170848618,0.0,0.0,True,True,True,True,True,False,False,False,,
0.4621133205318148,1.0537032956526855,106.7771927869338,1395.3382954376202,30.735145418700366,113.72574214005247,106.7771927869338,0.0,0.0,True,True,True,True,True,False,False,False,,
1.0200179752005498,0.9138049657872733,94.56343898365971,892.4483481663432,23.542588017757836,104.14305178448687,94.56343898365971,0.0,0.0,True,True,True,True,True,False,False,False,,
0.7442642996240932,0.7242947421727166,63.61615642424346,128.06767322587118,6.043092736344567,181.82421607779767,49.705088565427786,0.0,0.0,True,True,True,False,False,False,False,False,,
0.4894602623987056,0.8317761454174873,64.5361429912742,1582.8478172089958,12.754089821923936,140.80448607144803,64.5361429912742,0.0,0.0,True,True,True,True,True,False,False,False,,
0.6897245039518884,1.0380781138775097,80.86488006695777,1761.1396126951918,19.497965329990627,116.1748328331563,80.86488006695777,0.0,0.0,True,True,True,True,True,False,False,False,,
0.9834429941587666,0.6221344036494466,56.38314622226647,129.27994217805565,7.743503729750482,160.4447441850861,56.38314622226647,0.0,0.0,True,True,True,False,False,False,False,False,,
0.9185587487408179,1.050962136514349,102.71398407969296,529.1599220730432,26.332102690708812,100.68880016225702,102.71398407969296,0.0,0.0,True,True,True,True,True,False,False,False,,
0.5334102151013349,0.637369885017571,91.994494035527,1779.4572227762467,23.73496224841234,122.33110711642438,91.994494035527,0.0,0.0,True,True,True,True,True,False,False,False,,
1.0440563252267663,0.5465798573299321,104.89459847659322,296.6861625003378,19.666605926626104,117.16798880432334,89.60414674301558,0.0,0.0,True,True,True,True,True,False,False,False,,
0.4836854816724911,0.7853397031174736,81.59411712698221,1267.6151212511463,18.52763791938758,126.40437135858818,81.59411712698221,0.0,0.0,True,True,True,True,True,False,False,False,,
0.6684397575653087,0.6008678202874588,98.0084580001091,1362.6078767710162,26.418949031489436,116.50564543536662,98.0084580001091,0.0,0.0,True,True,True,True,True,False,False,False,,
0.6065979401750659,0.6137060423941926,67.5300708022264,1667.6989547380456,13.99972190326835,137.43620674300294,67.5300708022264,0.0,0.0,True,True,True,True,True,False,False,False,,
1.1397972476804963,0.7184709387957402,56.48598196923274,754.1751185789564,8.826462821615205,149.97605702148658,56.48598196923274,0.0,0.0,True,True,True,True,True,False,False,False,,
0.6932603380322613,0.8299814965125656,73.08544979296211,512.9972655974016,13.643547751020584,128.95379375918742,73.08544979296211,0.0,0.0,True,True,True,True,True,False,False,False,,
0.6943481031687224,1.0003856721428113,70.23808262022999,1008.1881443839907,13.666064610831492,127.9142347506774,70.23808262022999,0.0,0.0,True,True,True,True,True,False,False,False,,
0.8160938519888772,0.731871046834548,105.89998017841566,1182.4647672910678,30.034657269059693,106.22791496555215,105.89998017841566,0.0,0.0,True,True,True,True,True,False,False,False,,
0.6676307265220021,0.6411826790420344,60.53263188750457,278.92750409093225,9.137337901695867,152.81683225830412,60.53263188750457,0.0,0.0,True,True,True,False,False,False,False,False,,
1.1034659029196474,0.6626711483649338,93.43757804873596,1759.2787529496277,24.731955346584602,108.41358364286516,93.43757804873596,0.0,0.0,True,True,True,True,True,False,False,False,,
0.9825191309130522,0.8067399608107197,108.35008525718065,519.9163431622957,29.186523246179036,101.39105450348599,108.35008525718065,0.0,0.0,True,True,True,True,True,False,False,False,,
0.9129638073853071,0.6364126577016784,88.38638710893656,673.4330284618939,20.11152738198501,115.45729878138934,88.38638710893656,0.0,0.0,True,True,True,True,True,False,False,False,,
1.14607464506549,0.9945226673786938,87.04435279142702,1550.5616769628105,21.860615052050917,105.50969963257664,87.04435279142702,0.0,0.0,True,True,True,True,True,False,False,False,,
0.6569861555048864,0.522361082016368,63.794804160749,1522.8577781970505,12.426615186743648,143.46398818719643,63.794804160749,0.0,0.0,True,True,True,True,True,False,False,False,,
0.93811532714075,0.5880897445663599,78.4869725874319,257.69618146918924,15.096906471207548,125.67904008714375,78.4869725874319,0.0,0.0,True,True,True,True,True,False,False,False,,
0.5266867330714123,1.0925107447045448,81.51337315338259,1671.693980571866,19.49507004218345,120.20699324446166,81.51337315338259,0.0,0.0,True,True,True,True,True,False,False,False,,
0.9081675122757497,0.7126193708126511,99.57468217495568,936.1350439887162,26.052036289556785,107.3324357939776,99.57468217495568,0.0,0.0,True,True,True,True,True,False,False,False,,
0.46511370755522957,1.006340889826168,63.43007705342842,1062.7663367190426,11.407146410803426,143.09023247309574,63.43007705342842,0.0,0.0,True,True,True,True,True,False,False,False,,
0.7156753138279227,1.0238156277918877,75.3188381342265,675.2567115435475,14.810064883227268,123.13299441952908,75.3188381342265,0.0,0.0,True,True,True,True,True,False,False,False,,
0.8071887413716998,0.5455402651433925,91.45185678755783,1079.9181349742116,22.5408817121034,117.95318773931051,91.45185678755783,0.0,0.0,True,True,True,True,True,False,False,False,,
1.0427142691889104,1.0406665964230333,81.8269034907668,1315.4566409175627,18.942102093484273,110.22266619901747,81.8269034907668,0.0,0.0,True,True,True,True,True,False,False,False,,
0.6670466469630323,0.9858012797547149,54.57299167361742,862.396582780948,8.444228105087666,155.48199541368837,54.57299167361742,0.0,0.0,True,True,True,False,False,False,False,False,,
0.8917167819906686,0.7640624119592764,93.49820120340925,654.1872561631725,22.324562103622064,109.75456526429197,93.49820120340925,0.0,0.0,True,True,True,True,True,False,False,False,,
0.5030400788321376,0.6352828724781949,104.34175792310326,635.5446465125683,20.922728491553357,125.287863294749,91.03152641712585,0.0,0.0,True,True,True,True,True,False,False,False,,
1.0088610023692341,0.9169625258480134,65.08822404088338,1473.5622427176497,12.814628852463228,129.83334264087065,65.08822404088338,0.0,0.0,True,True,True,True,True,False,False,False,,
0.5098896112105433,0.5400342224229123,93.26395519422206,467.0390162496499,15.46890945734341,135.7464741977971,78.56555120034858,0.0,0.0,True,True,True,True,True,False,False,False,,
1.0325932418074484,0.7040779204389463,104.57573833540953,1122.9212826527812,29.26116855270827,103.6661826906799,104.57573833540953,0.0,0.0,True,True,True,True,True,False,False,False,,
0.8192284182560349,0.9590425974701737,90.07147911941334,383.58809117019644,20.03150804700313,110.90579784554208,90.07147911941334,0.0,0.0,True,True,True,True,True,False,False,False,,
0.6277761538313233,1.0429941190583265,52.47826222498938,566.562254819802,7.40458026232307,164.498311814467,52.47826222498938,0.0,0.0,True,True,True,False,False,False,False,False,,
0.4116501462419289,0.9387061067642153,101.83569489555529,529.8599034277465,14.307442658916758,135.60895683181124,75.19035990430793,0.0,0.0,True,True,True,True,True,False,False,False,,
0.9508651315768301,0.6724705216290101,57.82658385732452,1189.8822686977364,9.949941922278475,146.36157617433255,57.82658385732453,0.0,0.0,True,True,True,True,True,False,False,False,,
1.0153236571940205,0.992953074791631,67.25566882491528,517.0729595629095,11.701515516882528,130.43776406893605,67.25566882491528,0.0,0.0,True,True,True,True,True,False,False,False,,
1.047058065148124,0.5110211169496514,98.65524526249598,462.76421564040095,24.218089831574133,113.79233341916321,98.65524526249598,0.0,0.0,True,True,True,True,True,False,False,False,,
0.5007409883263109,0.9493657172355694,89.35882317912898,129.08006173539084,4.138884140069269,227.66090080115842,40.93112221325848,0.0,0.0,True,True,True,False,False,False,False,False,,
0.9757897141102541,0.8173852537546404,65.49914138916773,1094.464549668485,12.22987163855708,131.8121785983685,65.49914138916773,0.0,0.0,True,True,True,True,True,False,False,False,,
0.8945382709953971,0.6780316304569625,73.28645762050445,919.6051055242378,14.62276021448054,126.05097689975626,73.28645762050445,0.0,0.0,True,True,True,True,True,False,False,False,,
1.0382365182743243,0.5139764758944125,62.44650791520273,1234.253721447216,11.482766506609316,141.2624694532596,62.44650791520273,0.0,0.0,True,True,True,True,True,False,False,False,,
0.925014002382409,0.6184470021962502,75.8280688165241,321.01130267782617,14.257041016595617,127.24902276527783,75.8280688165241,0.0,0.0,True,True,True,True,True,False,False,False,,
0.8292159171059951,0.5056750283213324,59.67418246268173,950.639359664501,10.086495000461905,149.23309365218475,59.67418246268173,0.0,0.0,True,True,True,True,True,False,False,False,,
0.6290691992198428,1.0688876836658987,65.84134766979273,309.505610896509,10.793225308801718,139.39075237906292,65.84134766979273,0.0,0.0,True,True,True,True,True,False,False,False,,
0.4632647526265753,0.7972195515499448,70.65905122412455,1501.5962138847308,14.758045634240785,135.5537089420579,70.65905122412455,0.0,0.0,True,True,True,True,True,False,False,False,,
0.4206106813943379,0.812257454417521,101.73477411936892,1248.3366073168527,27.571641081250636,121.93999407561556,101.73477411936892,0.0,0.0,True,True,True,True,True,False,False,False,,
0.6892181858024252,0.9983104510162779,84.62059797082777,905.8145806487189,19.020978888496035,115.11517991940487,84.62059797082777,0.0,0.0,True,True,True,True,True,False,False,False,,
0.6610464904852683,0.9422009833314702,62.19343659189974,999.48695941675,10.937863744616195,140.29531615324723,62.19343659189974,0.0,0.0,True,True,True,True,True,False,False,False,,
0.7123333071133402,0.5037330187601492,80.66385529163061,1169.470350320867,18.026946780227174,127.48565441666628,80.66385529163061,0.0,0.0,True,True,True,True,True,False,False,False,,
1.1735298247574568,0.9250052717494791,57.80733759525413,1276.680596518259,10.10214291976413,141.33722067155773,57.80733759525413,0.0,0.0,True,True,True,True,True,False,False,False,,
0.492883954331992,0.8931208036448912,53.0490088060866,136.99432434197752,4.327396989051087,221.93736380544163,41.83513030368543,0.0,0.0,True,True,True,False,False,False,False,False,,
0.5746094079626706,0.5479497347260371,95.93400240404917,1784.5099111238885,25.2758517441858,122.60319218573706,95.93400240404917,0.0,0.0,True,True,True,True,True,False,False,False,,
0.7628603134650493,0.7997211277258753,104.07624554950159,400.127859983823,19.573781578983677,115.00136990704995,88.94865906157258,0.0,0.0,True,True,True,True,True,False,False,False,,
0.539181911598437,0.842132728566417,94.97368275529605,1382.674276909245,24.866427763986174,116.03967457921897,94.97368275529605,0.0,0.0,True,True,True,True,True,False,False,False,,
0.4342859000481102,0.631339847851516,77.28490745494726,145.87698407291597,4.078516555938582,233.31832107190246,40.522735162482824,0.0,0.0,True,True,True,False,False,False,False,False,,
0.678909808316485,1.0647532725949174,68.50374161956013,952.4015880207083,12.941442527781861,130.05814328308534,68.50374161956013,0.0,0.0,True,True,True,True,True,False,False,False,,
0.661219838803226,0.6640557379399359,107.112016328268,1005.2618359737637,29.932487133235767,112.2833262820261,107.112016328268,0.0,0.0,True,True,True,True,True,False,False,False,,
0.7150777713164552,1.0521964268059447,79.2958611414,1489.3936828395092,18.214259512556612,116.84395053903921,79.2958611414,0.0,0.0,True,True,True,True,True,False,False,False,,
0.46988333183120246,1.021028925839841,70.68703589064742,1327.5184906285256,14.412958526553208,132.92837811406994,70.68703589064742,0.0,0.0,True,True,True,True,True,False,False,False,,
0.62440196214756,0.9722075425397947,88.9587874287857,1311.096200327884,21.929799895698377,113.72786043170984,88.9587874287857,0.0,0.0,True,True,True,True,True,False,False,False,,
0.508151408174072,0.8499375125723488,55.02366621286931,1123.118577844172,8.979448399679733,157.1464046300749,55.02366621286931,0.0,0.0,True,True,True,False,False,False,False,False,,
0.9836179722942081,0.82184180067599,54.422949607995285,1143.9453751419,8.879973675794917,151.43425625571712,54.422949607995285,0.0,0.0,True,True,True,False,False,False,False,False,,
0.6214387919029056,0.5883327453350365,103.56389636348564,140.70016133635306,5.569226130407629,192.97817828572133,47.60625034860534,0.0,0.0,True,True,True,False,False,False,False,False,,
0.6849344939076274,0.5631423830355734,105.6143242034197,846.3164834909359,28.649421082497277,115.8652630410571,105.6143242034197,0.0,0.0,True,True,True,True,True,False,False,False,,
0.5348562767626943,1.070512394497963,55.275205343851965,125.44752645839786,4.287502763033162,221.64581174084682,41.70298081003199,0.0,0.0,True,True,True,False,False,False,False,False,,
0.8300844904632023,0.7598759998829347,69.60579550433732,984.9101057612319,13.417637608654578,129.32901005213503,69.60579550433732,0.0,0.0,True,True,True,True,True,False,False,False,,
0.8296594664527965,0.8885500066919281,88.51835866685073,1039.063663440022,21.109035582343882,110.60946692619767,88.51835866685073,0.0,0.0,True,True,True,True,True,False,False,False,,
0.6093408554332816,0.9735253173722768,51.03524250815126,162.96790786818246,6.334571065868576,177.65943939852582,50.73395188383971,0.0,0.0,True,True,True,False,False,False,False,False,,
0.9885209619517956,0.6750132574152136,81.94724004420263,1197.0626784713977,18.697649881194017,116.6066400021764,81.94724004420263,0.0,0.0,True,True,True,True,True,False,False,False,,
1.1436265489219242,0.6066658863408992,62.045262556540806,449.4927842650054,9.930422330277612,143.55489288760506,62.045262556540806,0.0,0.0,True,True,True,True,True,False,False,False,,
0.7352650389530597,1.0586642517585667,103.19883357925579,1646.11998570453,29.93207744082393,102.8364608354948,103.19883357925579,0.0,0.0,True,True,True,True,True,False,False,False,,
0.776969982654474,0.6621622942086007,51.73795601478831,1617.600697028746,8.872736225080944,159.51645452807242,51.73795601478831,0.0,0.0,True,True,True,False,False,False,False,False,,
0.5792339083433555,0.5600348808075974,52.89933802065734,1271.4165206352727,8.633854931570877,163.2327389746635,52.89933802065734,0.0,0.0,True,True,True,False,False,False,False,False,,
0.4080622454948578,0.9755550498610259,51.06246444158426,210.01348958496925,5.545679567272501,195.329236918292,47.13074467541414,0.0,0.0,True,True,True,False,False,False,False,False,,
0.7388268073393491,0.5818152523575512,75.02247002798494,880.5665853280055,15.156117644244304,129.23246441686518,75.02247002798494,0.0,0.0,True,True,True,True,True,False,False,False,,
0.6227083376309412,1.0990651985571258,53.00451547156189,126.70631990437649,5.022068393185874,200.23565701926825,45.222959226071175,0.0,0.0,True,True,True,False,False,False,False,False,,
0.45194783461625926,0.7484070083811045,98.19836795267508,1152.2840032169238,25.612193517598882,121.890061231582,98.19836795267508,0.0,0.0,True,True,True,True,True,False,False,False,,
0.6542364238707394,0.8153384034343181,96.47198279046374,423.94338696838247,17.864242550205663,120.07727805049123,84.7888589634678,0.0,0.0,True,True,True,True,True,False,False,False,,
0.764458099802727,0.6454273570578231,66.91184597831348,916.1331284343287,12.339880219429526,136.0751245846044,66.91184597831348,0.0,0.0,True,True,True,True,True,False,False,False,,
0.5039850492452795,0.8650209906036983,75.11185087856225,598.7205565063764,14.488721524886833,131.52414862274293,75.11185087856225,0.0,0.0,True,True,True,True,True,False,False,False,,
0.7846852758258831,0.8017075321079405,76.96712259784637,1607.3087876557622,17.54383514552934,120.6181268054083,76.96712259784637,0.0,0.0,True,True,True,True,True,False,False,False,,
0.42615795921656513,0.9090044310805682,104.58022264124739,198.63189317915104,5.466387636435435,196.50519515354657,46.8411222438971,0.0,0.0,True,True,True,False,False,False,False,False,,
0.8552221398714208,0.8916343995018658,102.3376015055888,779.2787559870097,26.90808470628855,103.6992616592378,102.3376015055888,0.0,0.0,True,True,True,True,True,False,False,False,,
0.5268994992336742,0.7819214399526553,109.22217719696252,330.9381254432685,11.250091915409946,142.70775740568365,67.22871229097149,0.0,0.0,True,True,True,True,True,False,False,False,,
1.096766108136114,0.666100928110802,82.27429013778792,943.2223964901293,18.238424064951392,115.9785533898277,82.27429013778792,0.0,0.0,True,True,True,True,True,False,False,False,,
0.7779556686117187,1.0107408013271546,80.68489194743442,954.8520808426867,17.546653421032744,115.91677367976884,80.68489194743442,0.0,0.0,True,True,True,True,True,False,False,False,,
0.5801125608383473,0.9095131987738521,83.61948992853276,105.54215912475081,3.900152691659308,235.2290356659427,39.836999520376345,0.0,0.0,True,True,True,False,False,False,False,False,,
0.8110966529531407,0.7741422810976304,65.78202387915691,1010.7789076043798,12.14859840543835,134.2736848485356,65.78202387915691,0.0,0.0,True,True,True,True,True,False,False,False,,
1.0360868648548247,0.7827962603148712,64.25098029235423,219.54160278183193,10.174038730383625,139.89450936257904,64.25098029235423,0.0,0.0,True,True,True,True,True,False,False,False,,
0.54047853699389,0.9850622702034194,83.95303518280184,1510.832755066541,20.163794214714645,119.34835631293161,83.95303518280184,0.0,0.0,True,True,True,True,True,False,False,False,,
0.5303729273407195,0.7093252527820484,98.70862275437352,1719.2527674424778,26.9419797788774,118.18391163994997,98.70862275437352,0.0,0.0,True,True,True,True,True,False,False,False,,
0.556476404139191,0.6547913174294312,106.64369920677976,784.335186674626,28.654451286599517,117.25048690053994,106.36328083689628,0.0,0.0,True,True,True,True,True,False,False,False,,
0.48036894784811,1.0247140260309116,55.407201480135384,463.2175812362009,7.992771163964085,162.26491766854923,55.407201480135384,0.0,0.0,True,True,True,False,False,False,False,False,,
0.6428846132151987,0.9979609764505283,106.82175338434472,1753.915096318922,31.62046807940392,105.40400333991471,106.82175338434472,0.0,0.0,True,True,True,True,True,False,False,False,,
0.42672043425394895,0.8754231107594097,67.8151485094102,449.64221756182036,11.63402264150473,143.94800398905602,67.8151485094102,0.0,0.0,True,True,True,True,True,False,False,False,,
1.10131663268843,0.914944929721814,86.78628125591159,1514.5112095399188,21.640534101187328,107.16630566647197,86.78628125591159,0.0,0.0,True,True,True,True,True,False,False,False,,
1.0827528342845707,0.8058441573886175,60.780763515178975,1195.2834097599728,10.879207236008343,138.08506961496303,60.780763515178975,0.0,0.0,True,True,True,True,True,False,False,False,,
0.807695909692377,0.5538877595600447,51.39150055115578,1169.9709029596854,8.078813137888543,163.9316925236749,51.39150055115578,0.0,0.0,True,True,True,False,False,False,False,False,,
0.7000832738442259,0.5679600993394779,86.6417935765308,1787.6437570183464,21.390921187394863,121.50154553100604,86.6417935765308,0.0,0.0,True,True,True,True,True,False,False,False,,
0.7748707969765711,0.5000227189057751,92.42545547481342,1412.9863938413612,23.700713489713127,120.20123382703436,92.42545547481342,0.0,0.0,True,True,True,True,True,False,False,False,,
0.7113700567071801,1.094977259786716,75.93059273851951,1349.2545380176011,16.53233125852241,119.732156810604,75.93059273851951,0.0,0.0,True,True,True,True,True,False,False,False,,
0.6062141557087177,1.0670074314496816,96.84120964600382,1205.9810113552192,25.321480763828635,109.48521401085435,96.84120964600382,0.0,0.0,True,True,True,True,True,False,False,False,,
0.4854119062433024,0.6356235381077866,105.05552324260321,178.5802184236747,5.56878553019368,195.14263736035497,47.40120539778006,0.0,0.0,True,True,True,False,False,False,False,False,,
0.7011508379034443,1.0827032204542084,64.87922790025931,1232.3049331067018,12.2530701527086,133.27360029748638,64.87922790025931,0.0,0.0,True,True,True,True,True,False,False,False,,
0.9265152944348694,0.6919476849140441,93.44721242417822,990.5990983509313,23.266299658980596,110.24338937831725,93.44721242417822,0.0,0.0,True,True,True,True,True,False,False,False,,
0.7506230434342815,0.8840022104247205,74.79959695247764,171.5193668006147,8.17723754371155,155.8320612449794,57.767693444359395,0.0,0.0,True,True,True,False,False,False,False,False,,
0.5973934213442098,0.6879910983688508,81.97254683733092,1436.6156336938236,19.16534285705159,123.54894117194624,81.97254683733092,0.0,0.0,True,True,True,True,True,False,False,False,,
1.080151678886149,0.6192301535702395,83.18329330367823,412.68238338544757,17.31144623527228,118.43008562426539,83.18329330367823,0.0,0.0,True,True,True,True,True,False,False,False,,
1.1258827768011028,0.5284754505268093,86.90176225760621,1214.7280067564827,20.922123745308063,116.51415978367444,86.90176225760621,0.0,0.0,True,True,True,True,True,False,False,False,,
0.616330407447583,0.9404050383413824,67.47813695489333,1064.5440865139897,12.796858385175875,133.36313994252754,67.47813695489333,0.0,0.0,True,True,True,True,True,False,False,False,,
0.8699517844693756,0.6086159479553657,57.52420823049188,359.7928959863098,8.439767066996945,155.80114487878623,57.52420823049188,0.0,0.0,True,True,True,False,False,False,False,False,,
0.6902008871425008,0.9177671940349483,52.0404891818797,921.5043838386771,7.855549073915433,161.1957346744981,52.0404891818797,0.0,0.0,True,True,True,False,False,False,False,False,,
0.46597585004747905,0.5476718473995786,95.03872163938073,284.19489868895624,8.5587701302523,163.77623470035704,58.58782049308236,0.0,0.0,True,True,True,False,False,False,False,False,,
1.0488685579820405,0.7845618470590241,68.87899415435001,1498.9414899969759,14.217070586771797,126.09487494354318,68.87899415435001,0.0,0.0,True,True,True,True,True,False,False,False,,
0.4122916905654586,0.6252695088254461,83.24093865502216,708.0389826705317,17.76800935295718,134.41829626515218,83.24093865502216,0.0,0.0,True,True,True,True,True,False,False,False,,
1.1965466977266057,1.0269316884585764,109.83598424855157,1612.942658316059,33.66319403823392,93.20457468479194,109.83598424855157,0.0,0.0,True,True,True,True,True,False,False,False,,
0.661318790521964,0.5128480217868827,84.92222765488707,262.9173102562439,11.118815620327933,145.1683228118314,67.13245359484921,0.0,0.0,True,True,True,True,True,False,False,False,,
0.6123617670546253,0.8322295671300874,75.21455880051195,1289.1685328407625,16.089315615498226,125.80435920574956,75.21455880051195,0.0,0.0,True,True,True,True,True,False,False,False,,
1.1171825709378678,0.5954335102931217,77.74904236170576,1256.4294155225539,17.12249531436904,120.6664527439822,77.74904236170576,0.0,0.0,True,True,True,True,True,False,False,False,,
0.9281819348311613,0.636800315893852,104.8043512479009,1251.3938535204084,29.752059893456686,107.27098072884498,104.8043512479009,0.0,0.0,True,True,True,True,True,False,False,False,,
0.8074479902990772,1.0468265015272555,88.08380662854557,1093.8257680615789,21.051618729071716,109.19521543109066,88.08380662854557,0.0,0.0,True,True,True,True,True,False,False,False,,
1.1073158278550157,0.9826279097392443,93.876513878635,329.1012170085827,21.6403104950953,104.37019134387842,93.876513878635,0.0,0.0,True,True,True,True,True,False,False,False,,
0.8362184966189664,0.8439341013059802,72.24787579937541,507.8405162763007,13.365032350743073,127.28963619517367,72.24787579937541,0.0,0.0,True,True,True,True,True,False,False,False,,
0.8721522464656513,0.5239019723547244,94.70709560268995,492.96228771885797,22.406723119684035,117.28168974541914,94.70709560268995,0.0,0.0,True,True,True,True,True,False,False,False,,
0.8353793047877063,0.6317141203650213,68.81267609493096,133.6469033191127,7.064310795414003,168.5280695824988,53.79461514083886,0.0,0.0,True,True,True,False,False,False,False,False,,
0.4831237796019712,0.7847016500556232,106.47529558900335,1251.8577340291301,30.142182786327364,117.18344826085443,106.47529558900335,0.0,0.0,True,True,True,True,True,False,False,False,,
1.1747985153114318,0.873452675743319,89.73971402978961,343.32433126852095,19.877957283307982,107.81607059268671,89.73971402978961,0.0,0.0,True,True,True,True,True,False,False,False,,
1.0858005658022982,0.9329648970854927,93.3486556800811,1196.4530586764104,23.850333202472086,103.28758173798825,93.3486556800811,0.0,0.0,True,True,True,True,True,False,False,False,,
0.5929598203235247,0.8973342828923254,86.27632293869875,1102.1322202498386,20.1744706944999,117.57591310148896,86.27632293869875,0.0,0.0,True,True,True,True,True,False,False,False,,
0.8972466492535138,0.5719171098356773,69.42039516323575,1419.1000034213614,14.239061402705065,131.51233530510598,69.42039516323575,0.0,0.0,True,True,True,True,True,False,False,False,,
0.4976759819691686,0.754484313283794,83.6562450828389,816.232387012294,18.28454368324693,126.02833988306136,83.6562450828389,0.0,0.0,True,True,True,True,True,False,False,False,,
0.49315407169810493,0.5668917886645057,73.66553278696756,776.8348876723767,14.346013705494403,138.19875986713262,73.66553278696756,0.0,0.0,True,True,True,True,True,False,False,False,,
0.8816766716449946,0.7400822134584444,99.92236685285725,799.7621728716982,25.790498650043673,107.18158504149542,99.92236685285725,0.0,0.0,True,True,True,True,True,False,False,False,,
0.4333544290441801,0.9762400387526935,83.33120293424784,1145.3549345038189,18.904357975156714,125.55536445517843,83.33120293424784,0.0,0.0,True,True,True,True,True,False,False,False,,
0.6949345106405966,1.003004404088992,82.8743070081693,567.8214923169262,17.468595300356423,117.4123338188118,82.8743070081693,0.0,0.0,True,True,True,True,True,False,False,False,,
0.49656458137660686,0.8595892713960891,103.58817937417834,1036.8012992781157,27.982134967989573,115.58120335682115,103.58817937417834,0.0,0.0,True,True,True,True,True,False,False,False,,
0.4647589434623544,0.7210649122376623,52.62983912924762,655.4345725277699,7.5666495196473695,169.61556031408807,52.62983912924762,0.0,0.0,True,True,True,False,False,False,False,False,,
1.1632005360084907,0.7666469080417257,60.39196521068835,113.33312645058544,8.290378624305779,152.42354955706728,58.45521069187076,0.0,0.0,True,True,True,False,False,False,False,False,,
0.499650905269747,0.7854137701701842,93.90906192703622,404.9639723427046,13.116975461539472,136.67600349525262,72.42008527141246,0.0,0.0,True,True,True,True,True,False,False,False,,
0.595012826944713,1.0931417941006951,75.1772261173756,993.8969379224314,15.420174596629069,124.34103906090581,75.1772261173756,0.0,0.0,True,True,True,True,True,False,False,False,,
0.4450389697097516,1.0512774141605017,68.85620444856188,827.5150730130897,12.7407978918699,137.71441343198154,68.85620444856188,0.0,0.0,True,True,True,True,True,False,False,False,,
0.5697530512739714,0.6902568680529746,85.36001838468327,1050.9896812407464,19.635441020334255,122.89875538546457,85.36001838468327,0.0,0.0,True,True,True,True,True,False,False,False,,
0.4434372042472237,0.5973418402329216,68.06781046202036,277.45401204976963,7.962336673132711,168.14954627935725,56.47146661953101,0.0,0.0,True,True,True,False,False,False,False,False,,
1.0013363711594099,1.0271804369803186,71.47389766363337,1408.9872198596192,14.992307232400707,120.72582752153792,71.47389766363337,0.0,0.0,True,True,True,True,True,False,False,False,,
1.1681198805558952,0.5890327157725664,81.27855654699417,429.932569298509,16.608161170582733,119.9483351408729,81.27855654699417,0.0,0.0,True,True,True,True,True,False,False,False,,
0.7766632406602301,0.6191127267986675,52.21731770400029,655.6537104167272,7.487703599759595,165.80241625379114,52.21731770400029,0.0,0.0,True,True,True,False,False,False,False,False,,
0.7030007046693245,0.7597332528229751,84.86105686530163,813.5907009634413,18.89619137500466,118.30109862256846,84.86105686530163,0.0,0.0,True,True,True,True,True,False,False,False,,
0.9478998651341102,0.5008486597807239,68.82397286512557,497.44628220221756,12.179076272563051,137.3451905821821,68.82397286512557,0.0,0.0,True,True,True,True,True,False,False,False,,
0.9403340372335078,0.5383917435791463,69.08030181111909,477.8240018986913,12.225199974853588,136.00311809304628,69.08030181111909,0.0,0.0,True,True,True,True,True,False,False,False,,
1.0739087076882008,0.7909559612731473,54.39047390403194,813.937405713142,8.336257400293578,153.71697380971983,54.39047390403194,0.0,0.0,True,True,True,False,False,False,False,False,,
0.4648924429866102,0.8295618608343909,80.36879100355843,1693.569803701433,19.01694106152114,127.13301527632544,80.36879100355843,0.0,0.0,True,True,True,True,True,False,False,False,,
0.9892563420335404,0.7711325998948713,99.95379687804186,1023.0628833111332,26.544448942012746,104.41162315384291,99.95379687804186,0.0,0.0,True,True,True,True,True,False,False,False,,
0.854069324208208,0.6044797447679016,95.46529433151865,122.31994680377552,6.604177529093359,174.25992874981117,52.03705405532365,0.0,0.0,True,True,True,False,False,False,False,False,,
1.138360753151456,0.8283238848423966,70.98727886576168,1203.8887687770127,14.398059498618263,122.74446250633186,70.98727886576168,0.0,0.0,True,True,True,True,True,False,False,False,,
0.6216578456226163,0.8985655645292812,63.906806604957026,1324.3078554036601,12.08752358265179,137.63774401559922,63.90680660495703,0.0,0.0,True,True,True,True,True,False,False,False,,
0.9007982834374381,1.0595278684984386,84.6533972597375,1270.4039565537034,20.020673581326506,109.65051651671531,84.6533972597375,0.0,0.0,True,True,True,True,True,False,False,False,,
1.147562695580182,0.9002863567069123,86.09388824767225,190.84348860970462,13.822527168490629,121.76096874559099,75.34325573226185,0.0,0.0,True,True,True,True,True,False,False,False,,
0.4968985498023712,1.0886647977307746,71.08905571633538,524.5042585570902,12.908286106038487,134.34428175775196,71.08905571633538,0.0,0.0,True,True,True,True,True,False,False,False,,
1.150556323254881,1.0235551223253112,99.73960036801219,881.0574110046647,26.056213133961187,98.47979197243387,99.73960036801219,0.0,0.0,True,True,True,True,True,False,False,False,,
0.6592523360352289,1.0070851421145472,84.31343092529923,1294.2764116408584,19.848495267886324,115.18841752419075,84.31343092529923,0.0,0.0,True,True,True,True,True,False,False,False,,
0.7358166065198359,0.5715552924792532,77.73560713541477,203.32963622630137,9.519988034624959,150.5355375713207,62.273407891507304,0.0,0.0,True,True,True,False,False,False,False,False,,
0.5344461689278116,0.5445347882695342,100.55187086942004,1397.880081480674,27.301575327344445,123.40966756251085,100.55187086942004,0.0,0.0,True,True,True,True,True,False,False,False,,
1.0050792837052667,0.7029126487373556,82.63454887867147,369.3857443748973,16.972880657977676,117.82546426332644,82.63454887867147,0.0,0.0,True,True,True,True,True,False,False,False,,
1.158084008984668,1.0955754797743111,72.29974107278152,1047.010401646371,14.557285275708336,118.82719137633605,72.29974107278152,0.0,0.0,True,True,True,True,True,False,False,False,,
0.9852580873888414,0.8454040127580829,87.51365417042317,874.7490907674727,20.27963074059314,109.99481480325765,87.51365417042317,0.0,0.0,True,True,True,True,True,False,False,False,,
0.6478444056027964,0.5381093769526124,73.3724143585157,1586.6144860262311,16.031283688338085,132.83561223543285,73.3724143585157,0.0,0.0,True,True,True,True,True,False,False,False,,
1.108247018745554,0.7812205044174751,84.5503865188154,1652.1654302135187,20.960637362174037,110.81264542822632,84.5503865188154,0.0,0.0,True,True,True,True,True,False,False,False,,
0.400519779542298,0.7831974798127468,76.35774717312299,1293.6972918904557,16.42475494838338,134.73709968418615,76.35774717312299,0.0,0.0,True,True,True,True,True,False,False,False,,
1.0864108946605873,0.7157464944779008,60.02748254391415,1615.741868996363,11.385013147023715,139.47140619475923,60.02748254391415,0.0,0.0,True,True,True,True,True,False,False,False,,
0.9055830679880501,0.8716763302056905,100.68610623571726,1367.1526141799923,27.947022322635632,103.06456018097832,100.68610623571726,0.0,0.0,True,True,True,True,True,False,False,False,,
0.5589295831883214,0.7750529310281546,93.08373492578153,816.7178627900645,22.3916950992322,118.07680807085197,93.08373492578153,0.0,0.0,True,True,True,True,True,False,False,False,,
0.487125885838083,1.0769526671206862,54.02928903676854,1459.8683603627958,9.243166497628577,156.45561466784363,54.02928903676854,0.0,0.0,True,True,True,False,False,False,False,False,,
0.8947283281081575,0.927902215445057,53.057401163223325,636.9830435406648,7.684094465239369,159.24372179302202,53.057401163223325,0.0,0.0,True,True,True,False,False,False,False,False,,
0.8036415014237622,0.7709082359540731,72.9124848945478,1794.5624621930021,16.201019807917245,124.49704074448684,72.9124848945478,0.0,0.0,True,True,True,True,True,False,False,False,,
0.4738549496957189,0.7681491231194563,107.72162954060238,485.67510081533175,14.99522812151421,132.90378590795586,77.23481823673055,0.0,0.0,True,True,True,True,True,False,False,False,,
0.8133733087069099,0.8481287891051121,93.9222209439788,1596.3541909765986,25.167824457135872,108.1685950825994,93.9222209439788,0.0,0.0,True,True,True,True,True,False,False,False,,
0.48551850903347155,0.9236401011385271,108.33309625279045,1164.1342666427527,30.822948321765278,113.92229281780351,108.33309625279045,0.0,0.0,True,True,True,True,True,False,False,False,,
0.8736399581757487,0.7625133299163929,61.992425682018464,1459.5753936402075,11.733451046709735,137.72396484213593,61.992425682018464,0.0,0.0,True,True,True,True,True,False,False,False,,
0.8329820432074659,0.8336121228919173,50.08027313970199,713.4709786871248,7.033306824426654,167.88279480607298,50.08027313970199,0.0,0.0,True,True,True,False,False,False,False,False,,
0.5738543081852662,0.5484885293882082,63.76759729451488,1276.8316995189127,11.943369044496304,145.1391336252717,63.76759729451488,0.0,0.0,True,True,True,True,True,False,False,False,,
0.4017496698675935,0.6536118276530088,85.88292561105641,1193.8651780116013,20.061374415075317,132.01608257487484,85.88292561105641,0.0,0.0,True,True,True,True,True,False,False,False,,
0.9660058019015304,1.0224420555547393,77.68609838215765,147.12464881474605,8.975749793926,146.13550171498585,60.69460447316036,0.0,0.0,True,True,True,True,True,False,False,False,,
0.5827415362736577,0.5294992098026602,82.79601409073919,305.77287138973236,11.451818542397058,145.1838478421234,67.96024903728664,0.0,0.0,True,True,True,True,True,False,False,False,,
1.0155583973353601,0.742607272513979,108.27346296576874,1007.5011457742822,30.84117949533184,101.75976437567726,108.27346296576874,0.0,0.0,True,True,True,True,True,False,False,False,,
1.1840411431477988,1.070623409973002,60.157258519980914,611.2373214649142,9.653173942623296,140.1107554407234,60.15725851998092,0.0,0.0,True,True,True,True,True,False,False,False,,
0.6937014789970328,0.9678460020755587,106.50894134891283,1609.462808164541,31.467686768314387,104.29991671710553,106.50894134891283,0.0,0.0,True,True,True,True,True,False,False,False,,
0.6350334771652079,1.096893689809937,59.73390275043558,1485.6429628619105,11.02607512576084,141.7213519874938,59.73390275043559,0.0,0.0,True,True,True,True,True,False,False,False,,
0.9977158842494365,0.6927692816553231,64.89101191176086,706.0724350931221,11.291242292439845,136.342224784918,64.89101191176086,0.0,0.0,True,True,True,True,True,False,False,False,,
0.47032632182796813,0.8175057253312001,94.82352091842898,168.41385021004083,5.091234657435451,203.23942323980302,45.31125000738113,0.0,0.0,True,True,True,False,False,False,False,False,,
0.4809141847083737,1.087646045854815,103.3520906425452,861.8783584012971,27.269445015116595,113.45108474715897,103.3520906425452,0.0,0.0,True,True,True,True,True,False,False,False,,
0.7326975121612975,1.0171225020003662,57.04603021483754,1061.7699991949994,9.485303132342423,147.41272266433674,57.04603021483754,0.0,0.0,True,True,True,True,True,False,False,False,,
0.9048513293214592,0.8385915775976551,68.24054208667009,1514.2980138297132,14.001156905467246,127.54451771850543,68.24054208667009,0.0,0.0,True,True,True,True,True,False,False,False,,
0.7044165761910395,0.7854810936097474,54.237015779157495,814.609159517641,8.277013502415414,157.89298413622586,54.237015779157495,0.0,0.0,True,True,True,False,False,False,False,False,,
0.5102427681853593,0.5265738399120852,104.32543349629898,1397.472503199348,28.920499145675567,124.92962055759914,104.32543349629898,0.0,0.0,True,True,True,True,True,False,False,False,,
1.0434960831718394,0.8459412187110975,68.77789264112677,509.55132394093283,12.196818841268247,129.46387033404568,68.77789264112677,0.0,0.0,True,True,True,True,True,False,False,False,,
1.0898575965933932,0.9023713677330569,51.6853414008855,213.92334356632705,6.668716126976064,168.75160753089372,51.6853414008855,0.0,0.0,True,True,True,False,False,False,False,False,,
1.0152797821634643,0.8267251401039069,54.49779734569348,1489.7403351385938,9.46669504714262,149.3155978476893,54.49779734569348,0.0,0.0,True,True,True,True,True,False,False,False,,
0.7719897011521579,0.6227166571940476,106.27473825553773,582.7100900773828,28.189065658564353,111.19293727871444,106.27473825553773,0.0,0.0,True,True,True,True,True,False,False,False,,
0.8507223651076481,0.5064255779165172,109.04914650991762,1088.2756533213583,31.43475943009335,113.7493462360063,109.04914650991762,0.0,0.0,True,True,True,True,True,False,False,False,,
0.4861784603921028,0.8658448810710082,88.82062743976229,1481.1100506531263,22.204262774376026,120.80276576316987,88.82062743976229,0.0,0.0,True,True,True,True,True,False,False,False,,
0.901414401095287,0.6562998418003061,107.42027150450278,630.6192899611264,29.034128941886124,106.87479474138564,107.42027150450278,0.0,0.0,True,True,True,True,True,False,False,False,,
0.6184788433155489,0.979407611806892,58.14731260736036,601.7560067360357,9.008059848295725,151.207758462444,58.147312607360355,0.0,0.0,True,True,True,False,False,False,False,False,,
0.9232922849660572,0.5256164807154943,70.12541713220516,1587.16433320309,14.844748200078655,131.8044017371335,70.12541713220516,0.0,0.0,True,True,True,True,True,False,False,False,,
0.9683789328774448,0.5023116990481125,57.94833549697343,990.0303141196421,9.644886795024838,150.80038279065766,57.94833549697343,0.0,0.0,True,True,True,False,False,False,False,False,,
0.6857760660001216,0.6245594429131889,106.35426536542852,1180.0952068553202,30.150256089397946,113.00587730692416,106.35426536542852,0.0,0.0,True,True,True,True,True,False,False,False,,
1.023979250920957,0.5596147118270196,89.0313116284187,628.165929624042,20.301543870689123,116.16386506455245,89.0313116284187,0.0,0.0,True,True,True,True,True,False,False,False,,
0.9210895843879112,0.8225041928032877,77.65889750492424,1548.6978642816473,17.722484561987187,117.61852853334675,77.65889750492424,0.0,0.0,True,True,True,True,True,False,False,False,,
0.8779640802874169,0.9552611929729727,89.67455174605888,112.55079006850937,6.240893224196465,175.76139326008544,50.609278586244486,0.0,0.0,True,True,True,False,False,False,False,False,,
0.5709925882459701,0.8099945225505303,87.13684931864509,199.57328001476554,7.293457825438516,167.94485027221063,54.34804566047931,0.0,0.0,True,True,True,False,False,False,False,False,,
0.8383575607152971,0.8348591312755975,84.6406005953998,506.770045098928,18.082248996863864,115.59329726351274,84.6406005953998,0.0,0.0,True,True,True,True,True,False,False,False,,
1.0102551691138895,1.0631595861687235,70.51371787733098,452.9166573244104,12.669675389483903,125.74289626081149,70.51371787733098,0.0,0.0,True,True,True,True,True,False,False,False,,
0.9454196164072137,0.6839504485404551,56.95620283176085,1112.4133568435925,9.558338498458182,148.25148147628047,56.95620283176085,0.0,0.0,True,True,True,True,True,False,False,False,,
0.997131142861464,0.9776587923259858,92.5940733057167,1085.3702981293504,23.15569060769023,104.34589170540443,92.5940733057167,0.0,0.0,True,True,True,True,True,False,False,False,,
0.9645194491533685,0.9063503479657498,88.6577214284172,661.2413166623642,20.21160933497203,109.22806079727064,88.6577214284172,0.0,0.0,True,True,True,True,True,False,False,False,,
0.887196724856864,0.6051686718367851,89.73355543193989,176.09053847176983,9.893299952212935,145.72956346292133,63.634915874466934,0.0,0.0,True,True,True,True,True,False,False,False,,
0.7557632809431041,0.6545099716546543,71.30404845907344,1463.1768934178244,15.006310858749922,129.38951643001963,71.30404845907344,0.0,0.0,True,True,True,True,True,False,False,False,,
1.175305573953626,0.6021630127441607,85.32427224251936,1062.0657152669935,19.84299326135626,114.53812980521735,85.32427224251936,0.0,0.0,True,True,True,True,True,False,False,False,,
0.5077488440001924,1.0774624770262964,56.74595568818284,1176.3165257946616,9.56386022825489,151.64879340745668,56.74595568818284,0.0,0.0,True,True,True,False,False,False,False,False,,
0.5572889085835696,0.534993578489663,78.22562332750208,1683.6228562402437,17.868864263561594,131.88290515897515,78.22562332750208,0.0,0.0,True,True,True,True,True,False,False,False,,
1.1390362694239724,0.9327586436661262,107.23569707325467,834.3818304366616,29.751891659986537,96.75965285066947,107.23569707325467,0.0,0.0,True,True,True,True,True,False,False,False,,
1.137674831194939,0.6862027229107293,105.10805843161594,792.0460189148133,28.49439407963009,103.10159706243957,105.10805843161594,0.0,0.0,True,True,True,True,True,False,False,False,,
0.6287041544501857,0.7765208203919398,98.76590817004407,1577.6260325421654,27.22497376768812,112.39929721507613,98.76590817004407,0.0,0.0,True,True,True,True,True,False,False,False,,
0.9134733060677127,0.6274412213066497,69.5583074577153,924.8393725088315,13.289797017919451,131.0968238478244,69.5583074577153,0.0,0.0,True,True,True,True,True,False,False,False,,
1.1562589389985205,0.5485936302627724,54.203828838736406,1575.310606157217,9.524675155039187,153.27346404162645,54.203828838736406,0.0,0.0,True,True,True,False,False,False,False,False,,
0.7109302266807429,0.5933911024246886,92.34064759172901,1766.1734116186562,23.92145295751648,117.64432544667271,92.34064759172901,0.0,0.0,True,True,True,True,True,False,False,False,,
0.9896012533251946,0.7244504702563292,70.48727441647499,1575.6617702152296,14.964382752087685,125.62292825290771,70.48727441647499,0.0,0.0,True,True,True,True,True,False,False,False,,
0.4033370064004394,0.9942176281570096,100.29135273399176,374.4212403651011,9.848062986301347,152.47003427073824,62.565046650536964,0.0,0.0,True,True,True,False,False,False,False,False,,
0.9500535534669926,0.9913280031759328,92.95656522886452,368.87025308255807,21.2969601497532,106.6031955279577,92.95656522886452,0.0,0.0,True,True,True,True,True,False,False,False,,
0.5731576538501281,0.9029078113502091,97.79071464842562,762.0774112870781,24.417892946358457,113.33121119692024,97.79071464842562,0.0,0.0,True,True,True,True,True,False,False,False,,
0.774953926429571,1.0837286663755596,103.74417469735769,866.4554217159156,27.842696484820728,101.97715256729796,103.74417469735769,0.0,0.0,True,True,True,True,True,False,False,False,,
0.5216487922582954,0.7155096653237611,100.81425879319109,784.5046848055125,25.858554450753683,118.48574531008568,100.81425879319109,0.0,0.0,True,True,True,True,True,False,False,False,,
1.0716452434754482,0.538259528781944,69.14301008197614,189.0526789359335,11.676966690568632,136.8585470713469,69.14301008197614,0.0,0.0,True,True,True,True,True,False,False,False,,
0.9216240262234595,0.6433876125212061,87.73949327689559,592.1358482738601,19.621758600025554,115.7877073669311,87.73949327689559,0.0,0.0,True,True,True,True,True,False,False,False,,
1.0802723399439444,0.7016139382672966,87.810924791345,1630.4511749167436,22.26784297342815,110.6887068063133,87.810924791345,0.0,0.0,True,True,True,True,True,False,False,False,,
0.8686280808038225,0.8495177270606299,84.82933185032793,1461.6029693728262,20.569813489929288,112.38784245108786,84.82933185032793,0.0,0.0,True,True,True,True,True,False,False,False,,
1.133783780446664,1.0792605881184911,79.53832792778351,1385.0056369299816,18.155846652934425,110.79930736711822,79.53832792778351,0.0,0.0,True,True,True,True,True,False,False,False,,
0.681964065504394,0.7423598849487895,77.54198503971013,534.5473365763962,15.314903524148765,125.93413970689812,77.54198503971013,0.0,0.0,True,True,True,True,True,False,False,False,,
1.079296672869492,0.6611350922707765,72.05137643734625,1168.183077464041,14.712864337420136,125.07925760660477,72.05137643734625,0.0,0.0,True,True,True,True,True,False,False,False,,
0.5456648623162038,0.7145661348227522,68.66132747587156,1468.1149141068167,13.994574860038039,135.89910432159797,68.66132747587156,0.0,0.0,True,True,True,True,True,False,False,False,,
0.8691917290755462,0.7564020298643275,55.704758127187574,153.2534963467937,7.596641443944022,161.07064924615938,55.704758127187574,0.0,0.0,True,True,True,False,False,False,False,False,,
0.529490660269232,0.6085322115933951,83.71633937751764,684.7652442638062,18.007621497323235,128.44523428151155,83.71633937751764,0.0,0.0,True,True,True,True,True,False,False,False,,
0.9944829948195403,0.9221327849788054,62.01961929842905,954.2871215076141,10.832314676407622,136.63348291731077,62.01961929842905,0.0,0.0,True,True,True,True,True,False,False,False,,
0.5918837898998709,0.6560094617685339,64.56853646182603,1548.5240148933854,12.726139516618833,140.5307914910899,64.56853646182603,0.0,0.0,True,True,True,True,True,False,False,False,,
0.5209949088685153,0.708156216277081,91.8746342853942,1111.5923484556579,22.628288165389268,121.23516023379499,91.8746342853942,0.0,0.0,True,True,True,True,True,False,False,False,,
0.44989114736973834,0.7805602230126063,52.51716666607045,714.1988739178956,7.628251159421708,169.10361292826317,52.51716666607045,0.0,0.0,True,True,True,False,False,False,False,False,,
1.0882047735733607,0.7593004852679677,61.61195613661744,1015.6018049855628,10.8198010810799,138.04645435233553,61.61195613661743,0.0,0.0,True,True,True,True,True,False,False,False,,
1.0404451112863673,0.883024625332895,69.61542135279205,897.5116225027862,13.267514634965936,125.66920075596225,69.61542135279205,0.0,0.0,True,True,True,True,True,False,False,False,,
0.8066296037393272,0.8938545894077263,106.40317382706871,795.1118623059714,28.995574218055154,103.1824141671359,106.40317382706871,0.0,0.0,True,True,True,True,True,False,False,False,,
0.9739979257431071,1.0362915094862055,89.17883360252318,461.2300684000117,19.907296655902684,107.87624271829999,89.17883360252318,0.0,0.0,True,True,True,True,True,False,False,False,,
0.8638548033840524,1.0843036738992868,50.990375978445456,1432.0353237626884,8.380951999108849,157.0520668442845,50.990375978445456,0.0,0.0,True,True,True,False,False,False,False,False,,
0.6281142462917487,0.806840091909479,103.5460293445507,553.3596226479974,22.530785670647393,114.66625316124173,94.91624610686482,0.0,0.0,True,True,True,True,True,False,False,False,,
0.7080522242206918,0.5096204193950311,91.56111864331501,1123.9940921613947,22.66365924092574,121.7161524445078,91.56111864331501,0.0,0.0,True,True,True,True,True,False,False,False,,
0.5905205018282962,1.0812665175742076,71.34872132099736,1303.493759866749,14.651345511498112,127.49144351567708,71.34872132099736,0.0,0.0,True,True,True,True,True,False,False,False,,
0.7372685985111053,0.8084575099522536,69.00239051604896,1425.8910711010749,14.077475004200757,129.5455286330378,69.00239051604896,0.0,0.0,True,True,True,True,True,False,False,False,,
1.1318458631414352,0.9349939320753909,53.529255019107765,1505.9494499649688,9.21628298738802,149.7200534063784,53.529255019107765,0.0,0.0,True,True,True,True,True,False,False,False,,
1.0272520112069454,1.0510759540252979,96.60187328155186,765.5374457991101,24.14170047065231,101.49992903644099,96.60187328155186,0.0,0.0,True,True,True,True,True,False,False,False,,
1.0877774822511974,0.6265829773419892,61.19295959830656,1018.6112793553119,10.693060506031356,140.97780933019715,61.19295959830656,0.0,0.0,True,True,True,True,True,False,False,False,,
1.0008830947646636,1.0794589803113874,69.57807130978364,1452.7798943162595,14.376303274090777,122.42869969314961,69.57807130978364,0.0,0.0,True,True,True,True,True,False,False,False,,
0.8696711522949818,0.9717040480047511,72.48209629972611,1478.1698880341044,15.503456293563016,121.52899247432569,72.48209629972611,0.0,0.0,True,True,True,True,True,False,False,False,,
0.41412838846098987,1.0022829099180082,78.71648090271495,670.4334180907385,15.9237434135103,131.17979743231885,78.71648090271495,0.0,0.0,True,True,True,True,True,False,False,False,,
0.5955541016173957,0.8725318058884628,98.6146976714449,477.55896740300983,18.402921180110532,120.02342447263345,85.8601436679593,0.0,0.0,True,True,True,True,True,False,False,False,,
0.49032665942017356,0.5325883571467704,105.41431637510675,289.5517546833821,9.163152540202097,159.22217604568263,60.66292577937263,0.0,0.0,True,True,True,False,False,False,False,False,,
0.7072900896409489,0.9856947470126043,54.846255808857485,919.8972803807222,8.617450913552275,153.73136915209386,54.846255808857485,0.0,0.0,True,True,True,False,False,False,False,False,,
1.13454247754822,1.0346598779266696,76.69383726988245,852.4306493261361,15.794402692547427,115.34524431953064,76.69383726988245,0.0,0.0,True,True,True,True,True,False,False,False,,
0.6063484864276144,1.06344650619759,98.03619619183834,423.4054963043224,16.566199619112165,120.96776128528396,81.57496444997264,0.0,0.0,True,True,True,True,True,False,False,False,,
1.164992764542777,0.7949942883833365,67.68702274897487,1709.227321859441,14.20737574505788,126.37838210737723,67.68702274897487,0.0,0.0,True,True,True,True,True,False,False,False,,
0.7948153188949725,0.9142340311399288,104.21655636241033,1081.4885538605963,28.800048808224084,103.3930553371146,104.21655636241033,0.0,0.0,True,True,True,True,True,False,False,False,,
0.45151294653361695,0.8238745863121775,83.22656346167273,893.858380572801,18.260500186999614,127.3128267341918,83.22656346167273,0.0,0.0,True,True,True,True,True,False,False,False,,
0.4026400246910144,1.0324909298069467,68.59510583057587,931.7689133094971,12.838802270018338,139.97663431828963,68.59510583057587,0.0,0.0,True,True,True,True,True,False,False,False,,
1.0749545999386028,0.8145434212090649,57.288746727658676,1189.310942590166,9.793186501882051,144.47901330102374,57.288746727658676,0.0,0.0,True,True,True,True,True,False,False,False,,
0.7441451363578933,1.0418380968041427,51.43062695506262,769.1877135618713,7.460018852550279,162.92248562490298,51.43062695506262,0.0,0.0,True,True,True,False,False,False,False,False,,
0.499902406103881,1.0137560759184907,54.323354618703,334.510229171011,7.497436577421696,166.18562866498738,54.323354618703,0.0,0.0,True,True,True,False,False,False,False,False,,
1.0709026310024679,0.5130404724208936,103.0849554777324,746.0094979059572,27.282396678388942,111.40589238205723,103.0849554777324,0.0,0.0,True,True,True,True,True,False,False,False,,
0.7768105804498322,0.5546462545889741,108.2191274247173,494.17396007894484,24.704838846413725,115.88403909307931,99.75047977435176,0.0,0.0,True,True,True,True,True,False,False,False,,
0.6358157791100214,0.5142194844174265,50.49543638520183,698.4713845332283,7.104518732346621,173.89670407791797,50.49543638520183,0.0,0.0,True,True,True,False,False,False,False,False,,
0.7250495135199375,1.0539367227508891,106.68630478289137,1366.2461949347733,30.994348234544706,102.10937939734053,106.68630478289137,0.0,0.0,True,True,True,True,True,False,False,False,,
0.6734004168523497,0.6184708484881337,53.16945391113501,736.8031722129392,7.860980517536569,163.9520951240489,53.16945391113501,0.0,0.0,True,True,True,False,False,False,False,False,,
0.6443220780820904,0.6670736983760928,60.95223173712788,877.9499719191107,10.328836373273658,146.79951091767748,60.95223173712788,0.0,0.0,True,True,True,True,True,False,False,False,,
0.6650658976181797,0.8399115261138672,77.22165322212645,474.3459479504646,15.05330993062156,125.44100309359247,77.22165322212645,0.0,0.0,True,True,True,True,True,False,False,False,,
0.8299008442012239,1.0348395954938154,79.17242141128109,541.7445903954442,15.99200466242159,117.75893282763519,79.17242141128109,0.0,0.0,True,True,True,True,True,False,False,False,,
0.7331197611621447,0.6017386345693764,91.26715394368549,1545.562484895165,23.479100733089666,117.27855863550009,91.26715394368549,0.0,0.0,True,True,True,True,True,False,False,False,,
0.6292495773333148,0.8681171351166239,59.43845587925534,254.62909071990987,8.775375100689345,153.17895057958364,59.43845587925534,0.0,0.0,True,True,True,False,False,False,False,False,,
0.49155224805270403,0.7071034042820667,61.09514301722079,1694.1907739084165,11.808951555228303,147.15413218951068,61.09514301722079,0.0,0.0,True,True,True,True,True,False,False,False,,
0.8672081702402139,0.5855705623652339,105.96123480902435,1780.3629651568979,30.358649153321277,110.09875604934382,105.96123480902435,0.0,0.0,True,True,True,True,True,False,False,False,,
0.4390059407046619,0.7084141943458209,94.42198261282874,1221.638926860761,24.00465021376803,124.8177072175731,94.42198261282874,0.0,0.0,True,True,True,True,True,False,False,False,,
1.1415098574348352,0.5359614822207073,106.90401749270953,669.79663545689,29.021327947237975,108.38644574126944,106.90401749270953,0.0,0.0,True,True,True,True,True,False,False,False,,
0.41233750265091984,0.8232181053668557,76.03925148953634,1739.8268835591641,17.277202627513724,133.17587782518288,76.03925148953634,0.0,0.0,True,True,True,True,True,False,False,False,,
0.5789675814484438,0.5665457612852531,80.03423730629626,695.3257664073543,16.599378336907108,130.27523526641062,80.03423730629626,0.0,0.0,True,True,True,True,True,False,False,False,,
0.4845589206981341,0.5437688025128334,67.28934389059845,1554.6209686708241,13.655773236860808,143.60266701343477,67.28934389059845,0.0,0.0,True,True,True,True,True,False,False,False,,
0.8820071929446538,0.8315334433134318,76.9196200025956,172.22006857542073,9.61858321350741,144.15362504783866,62.74735750162153,0.0,0.0,True,True,True,True,True,False,False,False,,
0.6543084126350565,0.951886390353543,89.76812317654273,1669.2317052288327,23.2818318006879,112.4310967210731,89.76812317654273,0.0,0.0,True,True,True,True,True,False,False,False,,
0.6652414462320245,0.5790314061717103,92.20758793444705,868.0893759496441,22.224014377596177,120.02381116148128,92.20758793444705,0.0,0.0,True,True,True,True,True,False,False,False,,
0.9202725891324404,0.5034315192664129,97.64066760996235,1004.4918174691351,25.31309300847765,115.59836235435402,97.64066760996235,0.0,0.0,True,True,True,True,True,False,False,False,,
0.619599997614334,0.6229945715235375,106.19518600060084,1417.668088072952,30.391879450916417,115.2993669987757,106.19518600060084,0.0,0.0,True,True,True,True,True,False,False,False,,
0.7937017921906167,0.8580928896196558,71.19633757916972,1641.182645928501,15.341955825271885,125.17754034676447,71.19633757916972,0.0,0.0,True,True,True,True,True,False,False,False,,
1.1047032403650134,1.0833806490061035,102.02551476931436,215.82955433035409,15.072785343683163,116.49836019753829,78.61325333729961,0.0,0.0,True,True,True,True,True,False,False,False,,
0.988039500374824,1.0946681004664605,52.1823515928362,387.0381838459033,7.063279435855802,163.60652289011298,52.1823515928362,0.0,0.0,True,True,True,False,False,False,False,False,,
0.7972698220400092,0.5783347625052573,63.996783061333794,1585.7720513377699,12.631588229234294,139.10742044663655,63.996783061333794,0.0,0.0,True,True,True,True,True,False,False,False,,
0.6722455138290776,0.5891517808796626,93.27541672489853,1102.4324176870132,23.377026518309545,118.66972732084342,93.27541672489853,0.0,0.0,True,True,True,True,True,False,False,False,,
0.4370895339845825,0.9845084549242533,87.36038373534647,778.025795875676,19.660164564338768,123.95758042894032,87.36038373534647,0.0,0.0,True,True,True,True,True,False,False,False,,
0.867183888549441,0.8144174482348849,61.922882850501296,770.2168513628,10.458366212955363,140.4162574772632,61.922882850501296,0.0,0.0,True,True,True,True,True,False,False,False,,
0.6054550824069714,0.9765631007459806,94.33322354929629,132.52098151501642,5.111925956917842,199.07658715971826,45.60377403501584,0.0,0.0,True,True,True,False,False,False,False,False,,
0.8541697407223077,1.0135587548307363,82.3851700719407,672.0278865414643,17.576659971463926,114.21457790668438,82.3851700719407,0.0,0.0,True,True,True,True,True,False,False,False,,
0.8355118210382058,0.8479866129924671,89.16938618630135,1410.7169781746918,22.394954553677973,110.3055203089182,89.16938618630135,0.0,0.0,True,True,True,True,True,False,False,False,,
0.7986743329743675,0.7901410469260081,61.4893979174221,997.9300370366684,10.72911093930577,140.83049833750107,61.48939791742211,0.0,0.0,True,True,True,True,True,False,False,False,,
1.180973901595928,0.9293063997497141,60.73431671550507,995.9165300896829,10.513057531165419,137.24257417996512,60.734316715505074,0.0,0.0,True,True,True,True,True,False,False,False,,
0.5036562680994795,0.9780949364317295,103.00262056625354,638.5944096914516,21.05075327846169,118.61991512728171,91.30554989373329,0.0,0.0,True,True,True,True,True,False,False,False,,
0.8688380438453027,0.6775688536402825,72.35589488957721,962.6891292034242,14.367671815681506,127.25993197538129,72.35589488957721,0.0,0.0,True,True,True,True,True,False,False,False,,
0.7731078491824421,0.640673797084869,61.781317395087,1130.2270481107112,11.05818338019279,142.4279870747323,61.781317395087,0.0,0.0,True,True,True,True,True,False,False,False,,
0.7320791642936393,0.511784663915476,66.21977888468356,1237.5335670127859,12.72328818764938,139.79925342878443,66.21977888468356,0.0,0.0,True,True,True,True,True,False,False,False,,
0.552543808343877,0.9744580686388029,88.68863526958602,693.8532000709976,20.117953058519667,117.74603214341434,88.68863526958602,0.0,0.0,True,True,True,True,True,False,False,False,,
0.5148620293007702,0.8519289353273075,72.08682664576504,803.9846450650158,13.84736922435576,133.26268495838724,72.08682664576504,0.0,0.0,True,True,True,True,True,False,False,False,,
0.876155504526895,0.7398846795625889,109.32266032090565,916.5727407668392,31.004761207440843,103.97674500968563,109.32266032090565,0.0,0.0,True,True,True,True,True,False,False,False,,
0.727852034019705,0.6231706190415167,56.922260429345904,777.5936836972826,8.968472613105146,154.23465287820702,56.922260429345904,0.0,0.0,True,True,True,False,False,False,False,False,,
0.6532808077211313,0.9841306684926623,78.38322596788984,546.378143774853,15.649665828607409,122.5398355519975,78.38322596788984,0.0,0.0,True,True,True,True,True,False,False,False,,
0.6201553046436221,0.9356131386857851,54.63260633305179,1462.4091158320773,9.43744481858809,152.8398661481761,54.63260633305179,0.0,0.0,True,True,True,False,False,False,False,False,,
0.5780208784363271,0.5810571595587727,64.97794251408577,1623.1153466975038,13.005175442125926,142.04739625755082,64.97794251408577,0.0,0.0,True,True,True,True,True,False,False,False,,
1.0758520082206922,0.5433913844874445,98.72235685593469,701.448967065101,24.984452809073158,111.49094570143704,98.72235685593469,0.0,0.0,True,True,True,True,True,False,False,False,,
1.1024220374696845,0.6531920312343064,70.4512494511275,1274.2155304000532,14.342594253557115,126.5421199561701,70.4512494511275,0.0,0.0,True,True,True,True,True,False,False,False,,
0.6905157122778595,0.7138398376159287,66.45386933410167,156.82208669775787,6.885522027057175,171.2825340073152,52.97950488755369,0.0,0.0,True,True,True,False,False,False,False,False,,
1.0319725062601126,0.7851624004431442,78.35332073861176,1382.1094831047546,17.644827959086854,116.53075041513232,78.35332073861176,0.0,0.0,True,True,True,True,True,False,False,False,,
0.503172264759372,0.520964274973753,73.91514398704959,416.8537905516599,13.601248376146012,140.99900325349597,73.73398789724666,0.0,0.0,True,True,True,True,True,False,False,False,,
1.1237142668224869,0.9062497341899849,103.40810311255383,1421.5315658957143,29.647612273376026,98.34069943745519,103.40810311255383,0.0,0.0,True,True,True,True,True,False,False,False,,
0.8359809926706084,0.7840789860898791,91.86379226715326,346.5728735217266,18.50351301525779,115.6708669082384,86.65886243793639,0.0,0.0,True,True,True,True,True,False,False,False,,
0.6332973179712187,0.8880460266197499,109.60615328126161,1634.887832922941,32.86858730714922,106.87948526527357,109.60615328126161,0.0,0.0,True,True,True,True,True,False,False,False,,
0.9855835219921681,1.0455207770136652,73.79256358111687,811.0239973020174,14.589475153772305,119.961939988564,73.79256358111687,0.0,0.0,True,True,True,True,True,False,False,False,,
0.401309445908699,1.085757001896219,53.918505066657055,1747.0071702174369,9.660356018804686,159.21580718379894,53.918505066657055,0.0,0.0,True,True,True,False,False,False,False,False,,
0.7971875457845716,0.9749726919334581,53.97294871871201,1634.008532773906,9.538190035188382,150.7925924775791,53.97294871871201,0.0,0.0,True,True,True,False,False,False,False,False,,
0.8113954387233033,0.9617350248361315,64.81443172676295,728.4903993587997,11.291889163487891,135.16780336980915,64.81443172676295,0.0,0.0,True,True,True,True,True,False,False,False,,
1.0855103964127821,0.5717797012187769,53.865562718157086,666.2647335622196,7.953842782984039,159.5821264042356,53.865562718157086,0.0,0.0,True,True,True,False,False,False,False,False,,
0.5417022357408288,0.5103589939351503,98.60768061539626,328.40615111443606,11.467317514322549,146.81973195868355,67.90526589175411,0.0,0.0,True,True,True,True,True,False,False,False,,
0.41367957498397573,0.7663329081758128,58.61518172613849,586.5626824284373,9.076307601977787,158.97954654924663,58.61518172613849,0.0,0.0,True,True,True,False,False,False,False,False,,
0.9989897587650812,0.6397459738561636,83.19863494075142,1581.7580052239055,20.177335579290386,116.20423918253883,83.19863494075142,0.0,0.0,True,True,True,True,True,False,False,False,,
0.8470211525637181,0.7619713891492363,51.91245397486018,1028.1253909647648,7.997749436188588,160.01633853414,51.91245397486018,0.0,0.0,True,True,True,False,False,False,False,False,,
0.4402836820244197,0.8465903569530455,80.84268912751729,244.0944481385627,6.946567674564859,175.03739552110625,52.779192850035386,0.0,0.0,True,True,True,False,False,False,False,False,,
0.9122847051379394,0.8676569781038199,93.38981843686165,1393.744597606543,24.374236617067357,106.3828535722133,93.38981843686165,0.0,0.0,True,True,True,True,True,False,False,False,,
0.9294095165781906,0.8649280322211557,75.12578923597891,510.21165191662703,14.418618121645736,122.49578794064635,75.12578923597891,0.0,0.0,True,True,True,True,True,False,False,False,,
0.4040222584262082,0.9000921440686791,57.27652479957624,689.3123101969985,8.869699936716819,159.6105971146974,57.27652479957624,0.0,0.0,True,True,True,False,False,False,False,False,,
0.5043980062217368,1.0291831799820184,102.17920383826365,1126.0643425120074,27.576454018159183,112.73860469408635,102.17920383826365,0.0,0.0,True,True,True,True,True,False,False,False,,
1.0580973830746272,0.7411120705101488,68.0339438709596,1264.0143634911853,13.444372796252475,128.14874637060208,68.0339438709596,0.0,0.0,True,True,True,True,True,False,False,False,,
0.649427159514058,0.7657668585892143,51.96753787879089,1428.4027991220646,8.631275427980128,160.03876680400052,51.96753787879089,0.0,0.0,True,True,True,False,False,False,False,False,,
0.4802898239855473,0.7175342559912564,72.41190884308519,234.35846889019885,7.2516564567257795,171.75165941251612,54.01439514676471,0.0,0.0,True,True,True,False,False,False,False,False,,
0.7446625990264482,0.8735593237920924,62.76733899200149,1238.2569001894942,11.570251251243851,137.49308046874128,62.7673389920015,0.0,0.0,True,True,True,True,True,False,False,False,,
0.8136541612088735,0.9733639591324127,69.09711353861914,758.4119445884004,12.78008919803656,128.73493272967016,69.09711353861914,0.0,0.0,True,True,True,True,True,False,False,False,,
0.8825737345241994,0.5957387097638625,85.33647741473888,1761.436688228294,20.965782818122022,117.74378268528466,85.33647741473888,0.0,0.0,True,True,True,True,True,False,False,False,,
0.8828666927178606,0.8220689419722313,79.6215452596579,224.43199236432042,12.575531353625832,129.72106227185293,71.66505647343656,0.0,0.0,True,True,True,True,True,False,False,False,,
0.6497887601619123,0.9375024629809139,101.90567356087108,375.2094284660806,15.673242280090394,123.04262113443134,79.4951196796316,0.0,0.0,True,True,True,True,True,False,False,False,,
1.1191555780542815,0.8202999937233573,99.1121214659762,1355.4416068871005,27.183698889068452,101.86011149887294,99.1121214659762,0.0,0.0,True,True,True,True,True,False,False,False,,
0.9478453840543866,0.7221679240537977,78.73799745790015,1524.507584206014,18.118468974889012,118.25447360164799,78.73799745790015,0.0,0.0,True,True,True,True,True,False,False,False,,
0.6435601655945935,0.6115736998937432,56.23468250973628,1526.5465316438979,10.018472644252371,153.2658262275141,56.23468250973628,0.0,0.0,True,True,True,False,False,False,False,False,,
0.9558284527645462,0.6859625908702928,100.54815962603865,262.1717062596065,15.908752360352631,121.1070863690514,80.59356854652563,0.0,0.0,True,True,True,True,True,False,False,False,,
0.683474828305339,0.8273138483507674,77.06051356949648,307.7925336648648,13.468740548717797,129.68778428358505,73.84273966124678,0.0,0.0,True,True,True,True,True,False,False,False,,
0.9481979997810486,0.6473098132030299,74.77735263780677,1698.7010631256212,16.815325362624748,123.37167433766012,74.77735263780677,0.0,0.0,True,True,True,True,True,False,False,False,,
1.155425031431387,1.0461009581562375,73.44853075854269,702.1758930662348,14.247228190562854,119.35264183693685,73.44853075854269,0.0,0.0,True,True,True,True,True,False,False,False,,
0.7516939490135108,0.5915383286757461,56.68483591650319,1501.1672169653182,10.121089856132446,151.18734086635814,56.68483591650319,0.0,0.0,True,True,True,False,False,False,False,False,,
0.8047641943630612,0.7441901009945645,69.0221554178005,1665.4748618477379,14.577196753144793,129.21649566501944,69.0221554178005,0.0,0.0,True,True,True,True,True,False,False,False,,
0.4545158574276743,0.6362580375360803,90.8745450710615,1332.2974202618282,22.700490945086752,126.9236033277578,90.8745450710615,0.0,0.0,True,True,True,True,True,False,False,False,,
0.5662947376060229,0.5714213823539619,104.02779361279927,1437.2735423524414,29.07485593945643,120.02454501725195,104.02779361279927,0.0,0.0,True,True,True,True,True,False,False,False,,
0.843207068908989,0.807229919775023,80.33107489302597,1633.8019550174613,19.024136114559152,116.71157741240579,80.33107489302597,0.0,0.0,True,True,True,True,True,False,False,False,,
1.099257198353845,0.5621902527884013,57.88599204732384,1433.4402827849447,10.391887260513451,146.437719796615,57.88599204732384,0.0,0.0,True,True,True,True,True,False,False,False,,
1.0481358903001543,0.6108641465972199,50.11817762202008,849.4241344092471,7.258050953782086,167.06015825060408,50.11817762202008,0.0,0.0,True,True,True,False,False,False,False,False,,
0.803378569945689,1.030350013471641,105.80155164270523,451.5823759567306,23.290508072575744,106.10739130334726,96.97194625434658,0.0,0.0,True,True,True,True,True,False,False,False,,
0.7758592471623712,0.8670472389993436,68.32626329261308,774.4582523438618,12.542507190811762,131.27572539462705,68.32626329261308,0.0,0.0,True,True,True,True,True,False,False,False,,
1.1059934818431296,1.05746209432635,100.5759005955359,1760.0926492725162,28.788699829448106,97.47545172088785,100.5759005955359,0.0,0.0,True,True,True,True,True,False,False,False,,
0.7638153042627973,0.5424047180389495,87.30904481364848,342.6214239439072,16.740205028118247,126.10817729140305,82.3604923954391,0.0,0.0,True,True,True,True,True,False,False,False,,
0.5992245301251972,0.7122549700500249,83.73718600285933,234.74651235821798,9.005820762947167,153.94044999061512,60.38260770487343,0.0,0.0,True,True,True,False,False,False,False,False,,
0.6320948391482252,0.7938539197757948,66.5318145181402,1373.3942293909001,13.076627944308559,134.96211529510967,66.5318145181402,0.0,0.0,True,True,True,True,True,False,False,False,,
0.8244363028716031,0.8337837518842566,75.38787102867423,219.84241551919473,11.515156471033862,134.6312713025128,68.54121453132402,0.0,0.0,True,True,True,True,True,False,False,False,,
1.0524774954427394,0.9319314116727637,105.52073481475327,507.583013624162,27.729469869757775,99.194753444193,105.52073481475327,0.0,0.0,True,True,True,True,True,False,False,False,,
0.8783496119275798,0.537903446740448,51.99598889632467,580.7487239850393,7.316933364431794,167.7684214575539,51.99598889632467,0.0,0.0,True,True,True,False,False,False,False,False,,
0.5371231832628447,0.8521092435552882,98.9722291741273,273.2034915700898,9.438633063781804,151.05801294797342,61.67335438835228,0.0,0.0,True,True,True,False,False,False,False,False,,
0.8786568574385716,0.5035827196594833,73.72140012568086,427.3877427343434,13.722936785779964,132.82572785270145,73.72140012568086,0.0,0.0,True,True,True,True,True,False,False,False,,
0.9815162296491715,0.8271266338792649,86.94108359270692,656.7357530935909,19.464473916906325,111.33219861770218,86.94108359270692,0.0,0.0,True,True,True,True,True,False,False,False,,
0.7991379347366558,0.9281850091109956,65.94611433297075,178.27181169938962,9.039949972954009,148.09772447527808,60.76726792945061,0.0,0.0,True,True,True,True,True,False,False,False,,
0.6588485522935073,0.9947222492329286,77.4619363708494,361.5001025437654,14.884728266416339,124.18978421248426,77.4619363708494,0.0,0.0,True,True,True,True,True,False,False,False,,
0.9369301500313205,1.0754699836451969,55.33846333433966,1544.7108537745087,9.801234996675547,145.93454895583923,55.33846333433966,0.0,0.0,True,True,True,True,True,False,False,False,,
0.48569584131058885,0.6806089890971879,106.11835409611628,616.1854803429704,19.59158852445215,126.43064045098863,88.075561645782,0.0,0.0,True,True,True,True,True,False,False,False,,
0.40358519412965793,0.7128199291622865,103.20335020901798,1184.9237635617308,28.05604982183045,125.50219034960615,103.20335020901798,0.0,0.0,True,True,True,True,True,False,False,False,,
1.1335112376612915,0.8404912887403282,87.48897375553199,352.435309872439,18.937515096307372,110.32624663531877,87.48897375553199,0.0,0.0,True,True,True,True,True,False,False,False,,
1.077427894935346,0.9339336418471258,82.40540978660627,308.9842343718054,16.747671963408266,113.97535870522722,82.40540978660627,0.0,0.0,True,True,True,True,True,False,False,False,,
0.57856182199243,0.683573492531891,106.91313782320941,942.7048254039071,29.504387248222784,114.99707482389954,106.91313782320941,0.0,0.0,True,True,True,True,True,False,False,False,,
0.8284845439031616,0.5815245355359367,51.810555347431816,259.2846937938219,6.7621557870376146,173.00215650047468,51.810555347431816,0.0,0.0,True,True,True,False,False,False,False,False,,
0.5595041483615533,0.6333102378076494,75.70960261233057,102.82298523354311,3.667720351264615,247.07494091665356,38.615730803254685,0.0,0.0,True,True,True,False,False,False,False,False,,
1.0076127241656019,0.5814318981518807,90.46767642588728,1087.4328048107175,22.176584911426634,113.8853519460499,90.46767642588728,0.0,0.0,True,True,True,True,True,False,False,False,,
0.5961814647682312,0.6060364223065416,108.68604703885407,657.1758772199811,25.540762271583787,118.682213639016,100.7737779296177,0.0,0.0,True,True,True,True,True,False,False,False,,
0.5218507164757265,0.5758682940286439,104.97906718804562,182.06146923996823,6.091265104132755,186.6694305151901,49.624902011488004,0.0,0.0,True,True,True,False,False,False,False,False,,
0.8067314225637963,1.0667280534863073,101.04872605684116,717.1301558153425,26.043287346456253,102.93563748332019,101.04872605684116,0.0,0.0,True,True,True,True,True,False,False,False,,
1.0690524521530496,0.8960325867720991,50.54350711834082,1073.7553197187653,7.713591272522994,160.23190634735306,50.54350711834082,0.0,0.0,True,True,True,False,False,False,False,False,,
1.1278812586550604,1.0541471143078311,87.68172514299546,557.637028743359,19.554335126034523,106.65039619404187,87.68172514299546,0.0,0.0,True,True,True,True,True,False,False,False,,
0.8333023234507841,1.0206392931025938,87.08338323921788,1700.9476464460113,22.19244367137589,109.07760487030079,87.08338323921788,0.0,0.0,True,True,True,True,True,False,False,False,,
0.9511998354936769,0.5817237446090086,68.29774846519787,249.94130425230873,11.510353089808747,137.4283077632244,68.29774846519787,0.0,0.0,True,True,True,True,True,False,False,False,,
0.9674650808062936,1.085482090686794,101.71416018269426,840.8229837176413,26.84963426385469,99.22111771152483,101.71416018269426,0.0,0.0,True,True,True,True,True,False,False,False,,
1.1933252696600842,0.998597142181703,75.03391317465585,103.08117708454685,7.729532974778098,155.4847706028523,56.4659451315427,0.0,0.0,True,True,True,False,False,False,False,False,,
1.0226158777278314,0.604826143365323,63.39697535122522,1374.0313868596008,12.053278062065862,137.23185328303484,63.396975351225215,0.0,0.0,True,True,True,True,True,False,False,False,,
0.578116499997648,0.5622765450584416,72.54956060657997,1279.158078580194,15.0419526316431,134.98103724914532,72.54956060657997,0.0,0.0,True,True,True,True,True,False,False,False,,
0.5540536419039076,0.7033097465998653,55.06400640821925,130.70668119575373,4.624208497756886,213.4161576397064,43.32537189870009,0.0,0.0,True,True,True,False,False,False,False,False,,
0.7500335129404958,0.6777176495687035,78.7078146836876,912.0416087265316,16.648220030666497,123.29482754672097,78.7078146836876,0.0,0.0,True,True,True,True,True,False,False,False,,
0.9353955972513922,0.5124421957766456,71.28328901265716,726.9460496552131,13.4962623314889,132.91644002629502,71.28328901265716,0.0,0.0,True,True,True,True,True,False,False,False,,
0.508899935420358,0.707283774922233,74.16604601219504,1138.6117384773027,15.318530186300745,132.62055354321748,74.16604601219504,0.0,0.0,True,True,True,True,True,False,False,False,,
0.9929531312156619,0.5834749779605428,93.86813156404813,926.9913968749131,23.305668612927505,112.5766927630929,93.86813156404813,0.0,0.0,True,True,True,True,True,False,False,False,,
1.1592792840868933,0.5540841217399342,74.10728672387042,1598.1294641766817,16.42738233377013,124.62192111330086,74.10728672387042,0.0,0.0,True,True,True,True,True,False,False,False,,
0.5085081162543866,0.7899970212742192,67.31331491697368,179.32567632624608,5.850046958067614,188.2452395027839,48.616946875890214,0.0,0.0,True,True,True,False,False,False,False,False,,
0.5876523959187681,0.6664642482280293,76.89669593396,1301.9069315585461,16.76650537168677,128.15664532586194,76.89669593396,0.0,0.0,True,True,True,True,True,False,False,False,,
0.6968332555193111,0.7981388882668417,98.16286454163122,411.61081772434477,18.437412014925247,118.29428214150327,86.22343550727759,0.0,0.0,True,True,True,True,True,False,False,False,,
0.6868551688961111,0.7936132782198837,85.04080937472975,1564.9853838903744,20.859806940251875,116.78929687489017,85.04080937472975,0.0,0.0,True,True,True,True,True,False,False,False,,
0.5856952435443383,0.6858022893802767,88.79981714108665,177.60748791467944,6.646814622520246,176.3211380466802,51.92589406313087,0.0,0.0,True,True,True,False,False,False,False,False,,
0.8662163192240648,0.9701133439427778,82.43253984192224,1365.8182528157809,19.28658463251182,112.68597365188305,82.43253984192224,0.0,0.0,True,True,True,True,True,False,False,False,,
0.6160374754172754,0.8326766986594432,82.22024739826125,1751.3544208913393,19.885743317980918,119.83934165447738,82.22024739826125,0.0,0.0,True,True,True,True,True,False,False,False,,
1.1823080347385564,0.8234938825513506,65.3404925725165,1227.787318929257,12.444346326151084,129.86927749527476,65.3404925725165,0.0,0.0,True,True,True,True,True,False,False,False,,
1.0388190349536144,0.5202072974505951,68.6111452833941,1553.5384485306524,14.227469537342529,132.52038669080568,68.6111452833941,0.0,0.0,True,True,True,True,True,False,False,False,,
0.9827993173608972,0.7301873050828238,105.20764283581201,1095.8954872633985,29.48265189666048,103.53228228003306,105.20764283581201,0.0,0.0,True,True,True,True,True,False,False,False,,
0.844205054377188,0.5648188209606517,104.24421202081032,1682.5497233613905,29.416457000231034,111.93716580376943,104.24421202081032,0.0,0.0,True,True,True,True,True,False,False,False,,
0.8294537356576468,0.6236460547282708,67.54233603376554,819.1719942833179,12.371964983011043,135.1887957940914,67.54233603376554,0.0,0.0,True,True,True,True,True,False,False,False,,
0.4761401469601125,0.8858617333178576,64.0199677661159,1670.9273576026258,12.739320813613277,141.27093712183702,64.0199677661159,0.0,0.0,True,True,True,True,True,False,False,False,,
0.9630741618685759,0.6031027599745453,51.23128566655715,395.54954153756165,6.835556789669013,170.81450254800131,51.23128566655715,0.0,0.0,True,True,True,False,False,False,False,False,,
1.0341746564399252,0.6042103189415675,67.79112626958641,689.0815176052379,12.220363493093506,133.75454017018745,67.79112626958641,0.0,0.0,True,True,True,True,True,False,False,False,,
1.1242705946653304,0.5262100276129595,79.83931989042274,838.2014449609721,16.99778620470815,122.12584953979027,79.83931989042274,0.0,0.0,True,True,True,True,True,False,False,False,,
1.0501159174109467,0.7254471095284021,83.47491460190716,776.3633040935931,18.321222061082622,114.56972666660226,83.47491460190716,0.0,0.0,True,True,True,True,True,False,False,False,,
0.7572915570530827,0.8173245768143425,89.69264172618021,1131.4225074534518,21.854321432329918,112.40728343060195,89.69264172618021,0.0,0.0,True,True,True,True,True,False,False,False,,
0.717103430706096,1.06266979314138,78.08320050754763,859.3212832679909,16.27296550529304,119.28520655226917,78.08320050754763,0.0,0.0,True,True,True,True,True,False,False,False,,
0.5849596265341224,0.9199103875927437,71.63320958668677,1541.8235142424585,15.252258979480649,128.47862504962467,71.63320958668677,0.0,0.0,True,True,True,True,True,False,False,False,,
0.9662999083549774,0.7599488850194365,62.871546133591394,107.59301919377917,6.554250021304363,172.17401090877385,51.91173151884121,0.0,0.0,True,True,True,False,False,False,False,False,,
0.5065301097999666,0.8164773709665032,81.64110573877086,1184.093935079954,18.363036508831183,124.95801658052225,81.64110573877086,0.0,0.0,True,True,True,True,True,False,False,False,,
0.4090758263496884,0.788775539045251,104.27934604460606,1431.0535869053926,29.41425562043137,122.88191179013673,104.27934604460606,0.0,0.0,True,True,True,True,True,False,False,False,,
0.7069665635449995,0.9920636953418216,71.60196776577004,1308.2998275067878,14.785233080866854,125.27956974290088,71.60196776577004,0.0,0.0,True,True,True,True,True,False,False,False,,
1.1910999493674803,0.5431970479169547,54.74473837955432,305.52074073997187,7.605057886939349,161.996238450979,54.74473837955432,0.0,0.0,True,True,True,False,False,False,False,False,,
0.734238879287394,1.033521465105384,88.0354455459853,1213.1538536687287,21.313732163060372,110.74929375510257,88.0354455459853,0.0,0.0,True,True,True,True,True,False,False,False,,
0.4384214128963266,0.7470623821655727,55.14679355700452,909.3546602068088,8.649861328481869,162.02265903318636,55.14679355700452,0.0,0.0,True,True,True,False,False,False,False,False,,
0.9196716964554352,0.5470712607494176,78.94970934825317,1243.757367711483,17.551245852386458,123.44789129325858,78.94970934825317,0.0,0.0,True,True,True,True,True,False,False,False,,
0.41915670130321986,0.8364186581966657,74.17518032063975,141.78283993811743,3.829963871462445,241.77807521945914,39.24800092408876,0.0,0.0,True,True,True,False,False,False,False,False,,
0.6496001249386774,1.0827357354363274,67.49397341909764,1207.1101154475612,13.089968610196,130.8800791514088,67.49397341909764,0.0,0.0,True,True,True,True,True,False,False,False,,
0.5663666598410394,0.7500748593939837,71.85909974723805,263.5052710803942,9.581077860329048,150.50509396956954,62.195790516895116,0.0,0.0,True,True,True,False,False,False,False,False,,
0.7697482538380268,1.0491306091416863,67.01981083092737,1414.75352594792,13.351491369201616,128.87921485907367,67.01981083092737,0.0,0.0,True,True,True,True,True,False,False,False,,
0.8007319609934163,0.5953083856058173,78.90302341406249,1628.108175336933,18.320350001802105,123.40251228565533,78.90302341406249,0.0,0.0,True,True,True,True,True,False,False,False,,
0.5852508328917132,0.8195323661696742,65.72125160434936,136.38735402494595,5.090810161340827,200.7204628142057,45.485772072273036,0.0,0.0,True,True,True,False,False,False,False,False,,
0.9579993873508903,0.8915941141653838,103.4905442388078,1598.7882074448437,29.988847993644452,100.74314690209353,103.4905442388078,0.0,0.0,True,True,True,True,True,False,False,False,,
0.5983836555673573,0.5175241319249925,68.58668558459982,1304.9755166614923,13.656556021731527,139.68247418514107,68.58668558459982,0.0,0.0,True,True,True,True,True,False,False,False,,
0.5363386535929204,0.6901325469232991,86.7509811007975,329.5811074761085,11.398190929889779,143.09358985860206,67.68901614201296,0.0,0.0,True,True,True,True,True,False,False,False,,
1.0899094998755072,0.9438384971181537,83.44854492559642,410.97970241950173,17.41563380098669,112.30420074051709,83.44854492559642,0.0,0.0,True,True,True,True,True,False,False,False,,
1.109946635109813,0.5279730194873093,50.815972140487894,111.05973066039616,6.295371846169624,177.9783672886756,50.815972140487894,0.0,0.0,True,True,True,False,False,False,False,False,,
1.0829610509623873,0.8715480659749149,93.54479362760246,887.7003825406747,23.06860093118408,104.70125814000357,93.54479362760246,0.0,0.0,True,True,True,True,True,False,False,False,,
0.626420686076445,1.0487927998806366,52.44445266358648,1136.9142326107237,8.299624717038435,158.61467229052286,52.44445266358648,0.0,0.0,True,True,True,False,False,False,False,False,,
0.8313762104827733,1.0414659287976695,68.80147796164216,1354.305851116426,13.875514393640383,125.91294916863762,68.80147796164216,0.0,0.0,True,True,True,True,True,False,False,False,,
0.4694777680579777,0.6688141591478466,79.24727213558745,379.43004411452745,11.55770818049662,145.29972538005325,67.95022081458697,0.0,0.0,True,True,True,True,True,False,False,False,,
1.033715187617175,1.024155054945143,76.03126694075364,1492.7123541503368,16.95114046586773,115.46650047365623,76.03126694075364,0.0,0.0,True,True,True,True,True,False,False,False,,
0.7225578030326287,0.5712878941569859,53.71915123504517,849.999444861999,8.194421581535728,161.59031498689797,53.71915123504517,0.0,0.0,True,True,True,False,False,False,False,False,,
0.9540888581048566,0.9051180356241777,102.94312335332066,1743.5659269570422,29.728979299056316,100.78306873667916,102.94312335332066,0.0,0.0,True,True,True,True,True,False,False,False,,
0.8845814610733995,0.5980471338981899,97.4370444397418,1498.3224251723059,26.335872586925085,111.88773394452214,97.4370444397418,0.0,0.0,True,True,True,True,True,False,False,False,,
0.7686582174567467,0.763900608070869,74.03449668934655,1044.0062638252418,15.147006253609183,125.11838568727492,74.03449668934655,0.0,0.0,True,True,True,True,True,False,False,False,,
0.7346934420046951,1.0340993640335632,63.055231240157724,387.0735675137563,10.09224919246534,141.53005119004573,63.05523124015773,0.0,0.0,True,True,True,True,True,False,False,False,,
0.9488620667488635,0.7546258939861299,107.45063078274845,1211.9521987164917,31.056973598167573,102.64009053200365,107.45063078274845,0.0,0.0,True,True,True,True,True,False,False,False,,
1.0274851143844776,0.5369758102982718,100.70887995208648,1228.3597014651318,27.580118887936138,111.24479080441444,100.70887995208648,0.0,0.0,True,True,True,True,True,False,False,False,,
0.8151128842844473,0.7336317380989685,93.96630486124528,436.97967043028183,21.88633801599641,112.2046165506388,93.96630486124528,0.0,0.0,True,True,True,True,True,False,False,False,,
1.0164626068565974,0.9136326755840105,79.69305825827612,378.77814558863633,15.848212499143054,116.96390385220361,79.69305825827612,0.0,0.0,True,True,True,True,True,False,False,False,,
0.6271415971023782,1.0657950928342967,65.235976780138,1025.7088832871473,11.967148484427204,135.23437471236397,65.235976780138,0.0,0.0,True,True,True,True,True,False,False,False,,
1.0813992058603743,0.5888744117312799,67.54799686309711,1193.5104042132054,13.135292804331703,131.9525688670289,67.54799686309711,0.0,0.0,True,True,True,True,True,False,False,False,,
1.109014515914291,0.7087943148140853,78.91915417558432,1325.376454389621,17.757253015347732,116.87035231807172,78.91915417558432,0.0,0.0,True,True,True,True,True,False,False,False,,
1.136063920782986,1.0482512290056996,71.6271205513556,1258.2092082004958,14.748190552264994,119.48653757982137,71.6271205513556,0.0,0.0,True,True,True,True,True,False,False,False,,
1.1108775695153075,0.7018843666501884,83.76722022213887,1218.4068145273573,19.548791609896515,113.28327974735188,83.76722022213887,0.0,0.0,True,True,True,True,True,False,False,False,,
0.6028113332403953,0.7930236112860556,63.54027658301526,698.3386361153655,10.798895404196562,142.92301734918416,63.54027658301526,0.0,0.0,True,True,True,True,True,False,False,False,,
1.171548440072809,0.6248792354510881,79.14707391443247,283.2815243541245,15.438284175149592,121.53498497836269,79.14707391443247,0.0,0.0,True,True,True,True,True,False,False,False,,
1.0659737062602659,0.9881483694242338,51.85717014695336,617.4509080967232,7.3450994925565976,161.09941503845207,51.85717014695336,0.0,0.0,True,True,True,False,False,False,False,False,,
1.0677014939816025,0.6537658478237809,103.3971146738455,1620.5007333417134,29.44942358940095,105.06887655832286,103.3971146738455,0.0,0.0,True,True,True,True,True,False,False,False,,
0.9700607440305099,0.5235593551372376,99.94240440523073,106.09981609088211,6.487598213668994,176.33239617802084,51.6504701690224,0.0,0.0,True,True,True,False,False,False,False,False,,
0.8988692290593687,1.0295863203255577,80.00361160523833,1299.2878027996212,18.110394154963387,113.56517652794219,80.00361160523833,0.0,0.0,True,True,True,True,True,False,False,False,,
1.1890563696144598,0.8856079639588402,68.68821799327866,1763.3765058290737,14.686961900556796,123.70945928457832,68.68821799327866,0.0,0.0,True,True,True,True,True,False,False,False,,
0.9870191872315438,0.8338750028170927,108.11806122097035,1596.695999959568,32.284085690592185,99.88773789857578,108.11806122097035,0.0,0.0,True,True,True,True,True,False,False,False,,
0.7192214975350048,0.6657858867249525,63.100541807497734,1602.1746446972247,12.348187080011263,139.59592410272145,63.10054180749774,0.0,0.0,True,True,True,True,True,False,False,False,,
0.7435155443548684,0.9353566570388133,80.44966395570601,1166.7196468097306,17.942512485224746,117.07290272655032,80.44966395570601,0.0,0.0,True,True,True,True,True,False,False,False,,
0.6406446414494172,1.0969892433540458,81.10720412096046,604.7152526696509,16.833496080459852,119.19622567238926,81.10720412096046,0.0,0.0,True,True,True,True,True,False,False,False,,
1.1098055727893104,0.6197724968259896,59.06891465916587,1448.0989299286373,10.7859447539426,142.96321358100892,59.06891465916587,0.0,0.0,True,True,True,True,True,False,False,False,,
1.0396156799855802,1.073100373070397,96.2179873036939,786.1401322502629,24.023656607545714,101.21053201378344,96.2179873036939,0.0,0.0,True,True,True,True,True,False,False,False,,
1.197188628894414,0.602700099263042,109.9402534102623,905.3318472523291,31.476122418875214,103.70716639238772,109.9402534102623,0.0,0.0,True,True,True,True,True,False,False,False,,
0.6156555560010111,0.6297891822252195,66.64305139844154,428.71995757526975,11.275893594373457,142.59961045631556,66.64305139844154,0.0,0.0,True,True,True,True,True,False,False,False,,
1.0475011563508418,0.7280287374047542,65.25371035328207,1159.3244818556705,12.276087228644787,132.60477521200016,65.25371035328207,0.0,0.0,True,True,True,True,True,False,False,False,,
1.1394757927721577,1.0033733152062947,78.28757156838644,822.2621292236526,16.347087445156184,114.12758683852802,78.28757156838644,0.0,0.0,True,True,True,True,True,False,False,False,,
0.9109026640008757,0.8977903295521154,97.758744136757,1754.3368528299732,27.118397599186753,103.70140129310785,97.758744136757,0.0,0.0,True,True,True,True,True,False,False,False,,
0.6273039423958352,0.5885016545948684,80.00742170989416,962.9383501004666,17.240445098349472,127.34080286145668,80.00742170989416,0.0,0.0,True,True,True,True,True,False,False,False,,
0.6207209679110632,0.7996507881221585,109.25041674808386,1585.464036527033,32.45779166277093,109.40727752463599,109.25041674808386,0.0,0.0,True,True,True,True,True,False,False,False,,
0.4126734070245993,0.5447031696070372,109.74859428167287,700.6076929683018,19.098627808141913,135.45667429179392,86.56816090038646,0.0,0.0,True,True,True,True,True,False,False,False,,
0.40642824725301574,0.9710692197042603,71.22239188566371,759.9445744323183,13.394941563451997,138.25640842462496,71.22239188566371,0.0,0.0,True,True,True,True,True,False,False,False,,
1.0711489539706314,0.6476476774842863,104.84723670832271,1362.097341373466,30.143923208497963,104.84267542079463,104.84723670832271,0.0,0.0,True,True,True,True,True,False,False,False,,
0.5190663972355641,1.0152277072937008,54.522874128186274,929.0324482181132,8.523012289744273,158.11459553895105,54.522874128186274,0.0,0.0,True,True,True,False,False,False,False,False,,
1.10174487475585,0.6897957610498611,94.6738885179545,1034.6378074487488,24.027325112201957,107.36662135508922,94.6738885179545,0.0,0.0,True,True,True,True,True,False,False,False,,
1.136406753307388,0.8739884078016671,100.11214260321522,1372.6447167756874,27.75784557957011,100.19745299428834,100.11214260321522,0.0,0.0,True,True,True,True,True,False,False,False,,
0.4317117274756504,0.9395948735567392,58.55192111179905,517.7938703116697,8.944320613441901,157.24752427375904,58.551921111799054,0.0,0.0,True,True,True,False,False,False,False,False,,
0.986326298727081,1.0190818015338132,79.93347072727728,1133.9684123128216,17.709466688965996,112.97157439729645,79.93347072727728,0.0,0.0,True,True,True,True,True,False,False,False,,
0.47216166353485983,1.0318989138063195,93.25351307874658,1439.2409348662184,24.125354430315188,117.35861484763112,93.25351307874658,0.0,0.0,True,True,True,True,True,False,False,False,,
0.41075977271475583,0.8642054953470322,54.08442475746061,562.1780363434921,7.788586023198418,167.92615384735728,54.08442475746061,0.0,0.0,True,True,True,False,False,False,False,False,,
0.4918065104686604,0.8036939534554729,73.68424781902621,167.3364262205272,5.282055344041992,198.74411345433177,46.1859499056895,0.0,0.0,True,True,True,False,False,False,False,False,,
0.6089699178328974,1.0338684292688782,68.33987594928224,537.2863455239863,12.042778426103306,134.5767070854181,68.33987594928224,0.0,0.0,True,True,True,True,True,False,False,False,,
0.8660895304900051,1.0375354289668517,73.54936776861017,1604.3832445897956,16.185111853423944,119.64223452082793,73.54936776861017,0.0,0.0,True,True,True,True,True,False,False,False,,
0.9969382195285592,0.8189552775057121,80.52780211727531,155.83612447678217,9.810567779433224,141.92863274653934,63.45789928172095,0.0,0.0,True,True,True,True,True,False,False,False,,
1.0629629216908345,0.7002737432379205,100.6098477440043,1256.195291287402,27.629189520531476,104.72517843388098,100.6098477440043,0.0,0.0,True,True,True,True,True,False,False,False,,
0.8324147163913084,0.8621619803398399,72.34690819175037,1646.447921657152,15.800858840102538,123.2917241854939,72.34690819175037,0.0,0.0,True,True,True,True,True,False,False,False,,
0.9872942680985537,0.943275676929671,50.421908512795724,1181.819846034163,7.845999771919738,159.93550114021056,50.421908512795724,0.0,0.0,True,True,True,False,False,False,False,False,,
0.9650701861277128,0.7953688628697191,94.61022704293147,943.5304677009697,23.693506447254958,106.85655517930171,94.61022704293147,0.0,0.0,True,True,True,True,True,False,False,False,,
0.5164569251127965,0.8945465718444148,75.611350782822,333.6443172575813,11.1251116217971,142.27978028001775,66.83076266977366,0.0,0.0,True,True,True,True,True,False,False,False,,
0.6934278999005171,0.5636963030759521,72.93785535757672,607.6138914935973,13.792552790275442,133.79861458502592,72.93785535757672,0.0,0.0,True,True,True,True,True,False,False,False,,
1.1341331474311511,0.8617755019595816,105.01246095858178,1591.3983495199159,30.790887312362287,98.42658353633641,105.01246095858178,0.0,0.0,True,True,True,True,True,False,False,False,,
0.8465245491925264,0.5999283864472132,79.38775546761696,1516.5137242022533,18.350957262408908,122.19900315016027,79.38775546761696,0.0,0.0,True,True,True,True,True,False,False,False,,
1.022259491923601,0.5537409684148868,102.0788248272171,1134.8923270325283,27.990391006226407,110.0588152434353,102.0788248272171,0.0,0.0,True,True,True,True,True,False,False,False,,
0.5302087789954197,0.6846117640078299,51.37550537445859,139.22543782719742,4.721250232424572,211.45861528931331,43.74216273037195,0.0,0.0,True,True,True,False,False,False,False,False,,
1.1583753686859417,0.579825381685216,104.0017168576762,418.55897940073766,26.715696994646176,107.61791432709566,104.0017168576762,0.0,0.0,True,True,True,True,True,False,False,False,,
0.4053737376798738,0.8832696518068996,63.574258359728866,1490.5281380722186,12.227254985883873,145.39242790433718,63.57425835972887,0.0,0.0,True,True,True,True,True,False,False,False,,
0.637030495488074,0.8997391310555951,64.1851129810126,1736.7939047355705,12.956988570997165,136.14222958121087,64.1851129810126,0.0,0.0,True,True,True,True,True,False,False,False,,
0.6376141321761644,0.6685661200622266,102.87280129666556,328.262087537457,13.434283365105204,133.41428218943608,73.65577936709424,0.0,0.0,True,True,True,True,True,False,False,False,,
0.6285877527996265,1.0158686815743099,65.93186886492498,1616.8235117675495,13.336523893399036,132.92285342124293,65.93186886492498,0.0,0.0,True,True,True,True,True,False,False,False,,
0.4156362365680325,0.9387758842811207,69.38447449490404,1403.031882937593,14.069173326919614,137.649282986527,69.38447449490404,0.0,0.0,True,True,True,True,True,False,False,False,,
0.9236813326284011,0.5249545048697997,84.16133981205965,939.45338456801,18.987302410686727,121.0056867384322,84.16133981205965,0.0,0.0,True,True,True,True,True,False,False,False,,
1.0556227837782837,0.786414781272424,73.83890976467386,1301.6416698420057,15.67195165736728,120.74864011379044,73.83890976467386,0.0,0.0,True,True,True,True,True,False,False,False,,
0.4921471773965364,0.5199986106430545,86.345309394467,1785.2739374024557,21.00834063881626,130.8722323422964,86.345309394467,0.0,0.0,True,True,True,True,True,False,False,False,,
0.9123893104446676,0.7173514064514692,101.2097698763325,1707.659625699174,28.476128368086624,106.17875448777103,101.2097698763325,0.0,0.0,True,True,True,True,True,False,False,False,,
1.1276650422861327,0.8560481528454369,105.97564935583787,418.0397055533399,27.69341896305648,99.57739911552032,105.97564935583787,0.0,0.0,True,True,True,True,True,False,False,False,,
1.023335616529735,0.7758890865286578,64.55356975624643,200.84345379925963,10.231246765286041,139.7163450428905,64.55356975624643,0.0,0.0,True,True,True,True,True,False,False,False,,
0.718308397273193,0.6302993119782744,89.87556601778752,271.9670537202227,12.47449250946105,135.69210307509908,71.15921010462031,0.0,0.0,True,True,True,True,True,False,False,False,,
0.5411977634738396,0.7677765914281774,63.963388485452384,1038.6151650725596,11.555380165228202,142.32610001131457,63.96338848545238,0.0,0.0,True,True,True,True,True,False,False,False,,
0.7526629399998959,0.6658571251504009,53.374233677574004,668.0251832428693,7.810621248849613,162.2530840930783,53.374233677574004,0.0,0.0,True,True,True,False,False,False,False,False,,
0.8893692274688603,0.598241979272659,70.1752355478491,468.8892621614157,12.572781205362745,133.6758240925185,70.1752355478491,0.0,0.0,True,True,True,True,True,False,False,False,,
0.7742139185713541,1.0417566793719177,87.7247081280744,357.03936968094825,17.688169849574997,114.86903656106843,84.64592192568729,0.0,0.0,True,True,True,True,True,False,False,False,,
0.9805996854126701,1.0054536413995614,86.41100279861908,572.5234058041281,19.022135683865063,109.67695401684736,86.41100279861908,0.0,0.0,True,True,True,True,True,False,False,False,,
0.9954087308702504,0.5415550355128869,89.31001540790652,1350.3256327035858,22.34800670056313,116.06679896828486,89.31001540790652,0.0,0.0,True,True,True,True,True,False,False,False,,
0.47133799294557654,0.8463734651855594,104.59786527425115,1118.2386248716207,28.70655147736508,117.0246996770225,104.59786527425115,0.0,0.0,True,True,True,True,True,False,False,False,,
0.5380231362725656,0.7707279263546716,63.333820810742694,1673.4690571535937,12.527539393649059,141.5714068348165,63.333820810742694,0.0,0.0,True,True,True,True,True,False,False,False,,
0.5870952429110134,0.660758866450053,94.87908665153327,1100.8620302129334,24.05727670061199,118.50753468938343,94.87908665153327,0.0,0.0,True,True,True,True,True,False,False,False,,
0.7915833578105691,0.5070048356947181,59.52230428626032,1122.1751802819776,10.338200729189403,149.07453073324882,59.522304286260315,0.0,0.0,True,True,True,True,True,False,False,False,,
0.6391774079037255,0.9446651133863748,95.7663620714392,758.2611366715038,23.52415844705846,111.12990237552964,95.7663620714392,0.0,0.0,True,True,True,True,True,False,False,False,,
0.4723262228349493,0.8236699533476809,109.4199119104264,974.3239461560192,30.59655430425336,116.74660001729166,109.21699310088648,0.0,0.0,True,True,True,True,True,False,False,False,,
0.45081477182527147,0.8477186818751241,83.36792057065088,777.0569298795447,18.02950625116151,127.17540726260287,83.36792057065088,0.0,0.0,True,True,True,True,True,False,False,False,,
0.8458796960702104,0.5764572618429137,64.78214059991801,291.1311740446898,10.457633094766368,143.69562006601822,64.78214059991801,0.0,0.0,True,True,True,True,True,False,False,False,,
0.7624260321010177,0.7609813581440036,109.28304335019442,1352.0754908145057,32.40342674072933,105.75057822543171,109.28304335019442,0.0,0.0,True,True,True,True,True,False,False,False,,
0.7592943467921391,0.5148853772435583,69.32449551959155,1521.4925197454559,14.391403729130182,135.36881681890478,69.32449551959155,0.0,0.0,True,True,True,True,True,False,False,False,,
0.40862125057623033,0.98706216414401,86.2101760773138,1560.2608830921836,21.149758354562955,125.02464551036284,86.2101760773138,0.0,0.0,True,True,True,True,True,False,False,False,,
1.1700939907641157,0.5378155899528809,50.88638957715363,1304.1613920791558,8.16328034007115,161.99896461104285,50.88638957715363,0.0,0.0,True,True,True,False,False,False,False,False,,
0.4270748297399116,1.0407422182128414,103.32789096123629,239.4820813877151,6.616455950973831,178.22936987059913,51.487997202883456,0.0,0.0,True,True,True,False,False,False,False,False,,
1.0230536565115962,0.5773658282320081,97.59707094007221,1515.0997176635115,26.401932240776507,110.54541157122723,97.59707094007221,0.0,0.0,True,True,True,True,True,False,False,False,,
0.5619074953066621,0.648791085481463,80.82923012932133,1098.6403718941692,17.861050677201995,126.91004492917537,80.82923012932133,0.0,0.0,True,True,True,True,True,False,False,False,,
0.9974129126247759,0.8213007520142923,100.4982085908349,1114.6718676083187,27.106469804209617,102.92499622115031,100.4982085908349,0.0,0.0,True,True,True,True,True,False,False,False,,
0.9671557390954929,0.5333704166076272,61.20857511756601,1165.1497266834506,10.954535154532715,143.42058462431152,61.20857511756601,0.0,0.0,True,True,True,True,True,False,False,False,,
0.6041125013156,0.6447897866218706,106.13758472997135,1150.4227634542892,29.83654250083326,115.1677992306023,106.13758472997135,0.0,0.0,True,True,True,True,True,False,False,False,,
1.0570819113517242,0.9941300131318855,108.83193763161549,708.5729784340413,30.130200573164068,96.52620081116017,108.83193763161549,0.0,0.0,True,True,True,True,True,False,False,False,,
0.4403344764056395,0.9096494833502657,83.41689074479092,1563.5165094804618,19.978406391334747,125.40864322917668,83.41689074479092,0.0,0.0,True,True,True,True,True,False,False,False,,
0.5888813407836583,1.0497801671000961,95.34904709081593,861.4175970869504,23.585942476768953,111.56878653266554,95.34904709081593,0.0,0.0,True,True,True,True,True,False,False,False,,
0.8131127603718883,0.8099599712526381,76.6156832269555,1465.54594518015,17.08913544070585,120.39318434284579,76.6156832269555,0.0,0.0,True,True,True,True,True,False,False,False,,
1.113531608833583,0.9066355485920569,60.71619680010397,1091.7414953354178,10.675462186010018,137.40556254783243,60.71619680010397,0.0,0.0,True,True,True,True,True,False,False,False,,
0.8404253970648008,0.9101684906236518,97.91435566226096,152.46814701834623,8.113844203219276,155.09195820552867,57.63106479754245,0.0,0.0,True,True,True,False,False,False,False,False,,
0.824582004655371,1.0942111754755055,65.47655912421355,1216.9599128647144,12.441918133740243,130.462671426954,65.47655912421355,0.0,0.0,True,True,True,True,True,False,False,False,,
0.8127670929921076,0.9835728741849936,64.7035912656847,1224.758046268656,12.194187278041198,132.5788860388094,64.7035912656847,0.0,0.0,True,True,True,True,True,False,False,False,,
0.5977452933209458,0.6257295939526608,62.780520393814996,1292.9347884432032,11.653523054251993,143.9580608636921,62.780520393814996,0.0,0.0,True,True,True,True,True,False,False,False,,
0.42032980160701783,0.96052536340201,97.25884069987428,1749.1053570357647,26.493347474717396,120.2585198875274,97.25884069987428,0.0,0.0,True,True,True,True,True,False,False,False,,
1.0116099300321497,0.7455092757183561,87.1452445478717,1150.3342857909183,20.840656123382363,111.17630490321257,87.1452445478717,0.0,0.0,True,True,True,True,True,False,False,False,,
0.681493759251504,1.0952319154562233,73.11973581998691,525.7826285535649,13.680036478637332,126.50270717469887,73.11973581998691,0.0,0.0,True,True,True,True,True,False,False,False,,
0.9125633619278029,0.554462648695706,97.46476198958082,168.092428983921,9.705794516926296,147.61420075762632,63.055516772475535,0.0,0.0,True,True,True,True,True,False,False,False,,
1.1917465471169961,0.7345116142330101,84.51471033816634,1379.4811356252897,20.289524845144317,111.18186592087987,84.51471033816634,0.0,0.0,True,True,True,True,True,False,False,False,,
0.8020727967828114,0.5058406530162174,104.41483176983013,1508.335104313671,29.192633216198175,115.71144185094465,104.41483176983013,0.0,0.0,True,True,True,True,True,False,False,False,,
1.1029370818084436,0.5511763285488972,76.32569551306523,1519.9489852766553,17.13909406005486,123.24294324518992,76.32569551306523,0.0,0.0,True,True,True,True,True,False,False,False,,
0.8127440019722811,0.8197982934617507,74.67308996138763,1727.1601966813841,16.886810217686534,121.85670382525521,74.67308996138763,0.0,0.0,True,True,True,True,True,False,False,False,,
0.42894207261331846,1.023676691879032,99.07149474417801,1225.6331996229599,26.211554430803975,118.44558560580258,99.07149474417801,0.0,0.0,True,True,True,True,True,False,False,False,,
0.7297858925659468,0.5826463780915173,52.463743264256685,705.843574061947,7.628881898351643,165.8380974178443,52.463743264256685,0.0,0.0,True,True,True,False,False,False,False,False,,
0.6552116998078698,0.8796695302841466,75.35301164716793,237.61975454173913,9.947295126053028,144.9588974503181,63.52571940442136,0.0,0.0,True,True,True,True,True,False,False,False,,
0.9182268926421264,0.9865107379344373,106.8488662015813,420.23406427156294,24.678763833086887,103.07226759351323,100.0087799993489,0.0,0.0,True,True,True,True,True,False,False,False,,
0.8162216774727069,0.6768982773732292,73.88122500867448,300.7165836918966,13.496254845477912,129.69820817877937,73.88122500867448,0.0,0.0,True,True,True,True,True,False,False,False,,
0.7204059644894356,0.9684165415089246,108.03364908395416,942.5617718849013,30.270384397439564,103.38087994293758,108.03364908395416,0.0,0.0,True,True,True,True,True,False,False,False,,
0.762145139920819,0.5449560889676632,77.95700065970377,414.7368023346311,15.220827510044542,129.27703925594858,77.95700065970377,0.0,0.0,True,True,True,True,True,False,False,False,,
0.6531584449549218,0.5992228977161157,101.53439824823022,1163.4292401166356,27.56454229619455,116.10488758472215,101.53439824823022,0.0,0.0,True,True,True,True,True,False,False,False,,
0.7869417766922381,1.0487209225415133,67.59905415029995,1774.3557642563599,14.267620271165955,127.46841755154794,67.59905415029995,0.0,0.0,True,True,True,True,True,False,False,False,,
0.6231267946812447,1.0710162787773623,65.85662597635971,265.40747248073393,10.592148946828742,140.55319889426758,65.47300663087604,0.0,0.0,True,True,True,True,True,False,False,False,,
0.7597455835796572,1.0465136321495443,52.675167367353836,1713.29186680394,9.288162078652952,153.51990883714663,52.675167367353836,0.0,0.0,True,True,True,False,False,False,False,False,,
0.7728899887061658,0.7157861115696492,92.56008665354705,1547.9938342448322,24.3131456175397,112.47461666921963,92.56008665354705,0.0,0.0,True,True,True,True,True,False,False,False,,
1.034549207602252,0.5273456549232732,76.57880942719636,1463.99172615458,17.107993439755532,124.5159075701036,76.57880942719636,0.0,0.0,True,True,True,True,True,False,False,False,,
0.6409612986307056,0.7123939060538165,64.22407498347627,1401.1371738043465,12.341143657240005,139.03761715555862,64.22407498347627,0.0,0.0,True,True,True,True,True,False,False,False,,
1.0567370620909555,1.0262742637843703,69.1613727429455,533.237189014304,12.375345983893844,126.89941356111319,69.1613727429455,0.0,0.0,True,True,True,True,True,False,False,False,,
1.117238751308926,0.8668342200961396,107.62135546447625,1234.9396103515567,31.313151136803473,97.67135711603389,107.62135546447625,0.0,0.0,True,True,True,True,True,False,False,False,,
0.8432900735028102,1.0133209042807256,72.8932415081951,727.4093152502935,14.061163392877953,123.42261193426727,72.8932415081951,0.0,0.0,True,True,True,True,True,False,False,False,,
0.9934987531478305,0.941220711482607,76.87851273256324,819.9153236325112,15.774674415411782,117.62233690177553,76.87851273256324,0.0,0.0,True,True,True,True,True,False,False,False,,
0.7339675563320811,0.594731843065642,72.36863222424331,650.8439755449913,13.690422307380352,132.57965518182996,72.36863222424331,0.0,0.0,True,True,True,True,True,False,False,False,,
0.742773543905699,0.639467706702887,61.87811556439618,823.3331112422995,10.52892820561434,144.37738276845977,61.87811556439618,0.0,0.0,True,True,True,True,True,False,False,False,,
0.8977057556261049,1.0426678912151903,86.87339254046984,1103.5062741213628,20.569507077389673,108.55103145140451,86.87339254046984,0.0,0.0,True,True,True,True,True,False,False,False,,
1.184361704995272,0.8765914229352743,103.29397605613579,1632.9814337441258,29.9558994948829,98.20793596882963,103.29397605613579,0.0,0.0,True,True,True,True,True,False,False,False,,
0.6178879909057335,0.9261337047721476,67.51155038917206,1624.9093013347704,13.911444206535796,132.0504704061359,67.51155038917206,0.0,0.0,True,True,True,True,True,False,False,False,,
1.027763917317524,0.8540398170315405,100.06982298692935,1536.546196891092,28.205176236424617,101.76933877057911,100.06982298692935,0.0,0.0,True,True,True,True,True,False,False,False,,
0.4223449091733973,0.9664687870737987,80.79333387320382,227.65703482006137,6.219237034621497,184.1226499463909,49.92196459337643,0.0,0.0,True,True,True,False,False,False,False,False,,
0.8959269655208084,0.8663625415241174,85.52368024000981,1175.8316348757448,20.16112006459808,111.59634183724593,85.52368024000981,0.0,0.0,True,True,True,True,True,False,False,False,,
1.1846118336969864,0.9477820629042168,63.509103703062664,1043.8453250712842,11.486564995730292,132.04911396626238,63.50910370306267,0.0,0.0,True,True,True,True,True,False,False,False,,
0.7189701148200163,1.0096843156306696,61.341372607086896,1423.3321060489352,11.440363951777487,138.30029131670545,61.341372607086896,0.0,0.0,True,True,True,True,True,False,False,False,,
0.8809771841921328,1.0405559627537793,56.452445592648516,1220.5283168519363,9.58843900686621,145.73754509281775,56.452445592648516,0.0,0.0,True,True,True,True,True,False,False,False,,
0.7044633520171738,0.6575956534337182,63.485228904704606,1639.4041657387959,12.545543131153515,139.40265760849397,63.485228904704606,0.0,0.0,True,True,True,True,True,False,False,False,,
1.0042025061248105,0.7032401045398762,94.86482641334956,1279.7988793415634,24.797250241338705,107.89542368536124,94.86482641334956,0.0,0.0,True,True,True,True,True,False,False,False,,
0.7017331164783419,0.979588656572189,86.59348422130316,1467.5008688599928,21.313244192372498,112.73639675785698,86.59348422130316,0.0,0.0,True,True,True,True,True,False,False,False,,
0.9434886223612229,0.7372900165727845,102.49255628700013,215.12982273099672,12.862170490807944,129.14388268650072,72.53308375357501,0.0,0.0,True,True,True,True,True,False,False,False,,
1.1464000041691267,0.6882097459364963,77.32638002834497,104.99239985068382,7.5679447692189274,160.06773610475645,55.85531680404456,0.0,0.0,True,True,True,False,False,False,False,False,,
1.0549050097593897,0.6729546226365314,69.46064078308578,377.9627912213504,12.162834877473609,131.91248716271795,69.46064078308578,0.0,0.0,True,True,True,True,True,False,False,False,,
1.0465449378790872,1.0446079729102737,93.68129984085044,1059.4148333222238,23.60998017359224,102.2812984296113,93.68129984085044,0.0,0.0,True,True,True,True,True,False,False,False,,
0.49013109139525957,0.7403032291982568,70.6192003882972,946.7352767497102,13.613821218816701,136.81653079670613,70.6192003882972,0.0,0.0,True,True,True,True,True,False,False,False,,
0.6606128692254606,0.8721123516464169,93.37179571827104,1031.9450702089957,23.21478045441085,112.1608183361553,93.37179571827104,0.0,0.0,True,True,True,True,True,False,False,False,,
0.8212226970527388,1.018488362601485,77.19663797595734,727.8624047062092,15.65858291633885,119.12063957796971,77.19663797595734,0.0,0.0,True,True,True,True,True,False,False,False,,
0.9301555403324971,0.8632381679594734,94.85134653301736,1682.1174542630247,25.675865191895053,105.41650578874736,94.85134653301736,0.0,0.0,True,True,True,True,True,False,False,False,,
1.109329412160693,1.0978382010301733,76.27997454073713,481.41519136867885,14.80465847132754,117.30336290341927,76.27997454073713,0.0,0.0,True,True,True,True,True,False,False,False,,
0.8456416112180527,0.5525909382450539,82.03368669196004,1494.2112992057341,19.42137987894347,121.95624237045085,82.03368669196004,0.0,0.0,True,True,True,True,True,False,False,False,,
0.47879278224694316,0.9740007017018477,105.66156824649741,1455.5934689883952,30.386829124170323,113.96286868144861,105.66156824649741,0.0,0.0,True,True,True,True,True,False,False,False,,
0.7713469002544884,0.5122977534362749,77.00899538493306,1768.798653227782,17.433767208054178,128.2911421129653,77.00899538493306,0.0,0.0,True,True,True,True,True,False,False,False,,
1.0298805218756475,0.9325504653584076,97.54287087836944,261.1931646715774,17.056375175230432,113.78773064657248,83.50102844325242,0.0,0.0,True,True,True,True,True,False,False,False,,
1.0374678116373737,0.6605247447027303,89.89988981152428,668.6622370296708,20.79459443210832,112.24972151978231,89.89988981152428,0.0,0.0,True,True,True,True,True,False,False,False,,
0.7836967214177861,0.7193890003770281,105.28884597843958,245.05258754642878,12.226787270596223,133.8695036990125,70.55392187934926,0.0,0.0,True,True,True,True,True,False,False,False,,
1.0241776280926023,0.8511818559558733,82.12340580803817,300.59926065953334,16.60728842145147,115.84742046808589,82.12340580803817,0.0,0.0,True,True,True,True,True,False,False,False,,
0.6423858731203114,0.558756878145751,74.27193370823056,574.6305802139415,14.186845047228365,134.00917835145864,74.27193370823056,0.0,0.0,True,True,True,True,True,False,False,False,,
1.1709826753594512,0.7825601564361837,76.60396718277347,370.2819111243451,14.683138458504205,120.55629960424784,76.60396718277347,0.0,0.0,True,True,True,True,True,False,False,False,,
0.42309039874832266,0.760458637543495,100.42652099073266,1162.4045320259895,26.663935648671654,123.17512459373657,100.42652099073266,0.0,0.0,True,True,True,True,True,False,False,False,,
0.4490754703008771,0.9961173916352613,85.10492569928563,868.8149489390817,18.966407306068337,124.03227795651095,85.10492569928563,0.0,0.0,True,True,True,True,True,False,False,False,,
0.7818827986636767,0.7200070800939629,94.6804968657503,1429.6406042647388,25.046959072042913,111.20467046774614,94.6804968657503,0.0,0.0,True,True,True,True,True,False,False,False,,
1.1499423733661125,1.0014431744751868,69.93429135510478,542.6737105107837,12.666209354457944,125.16874757049776,69.93429135510478,0.0,0.0,True,True,True,True,True,False,False,False,,
0.8236799496682949,0.5488789537147165,94.49255229847627,181.57033339471593,9.485901209096236,150.12124350231466,62.261444348982856,0.0,0.0,True,True,True,False,False,False,False,False,,
0.4724803880876921,0.5421414348416393,57.00035673288436,520.2061204742492,8.522067898723343,164.0681436546981,57.00035673288436,0.0,0.0,True,True,True,False,False,False,False,False,,
0.4879195311747476,0.5234191142870479,81.3102300787853,1538.5578162211302,18.998980448280246,133.29948657202095,81.3102300787853,0.0,0.0,True,True,True,True,True,False,False,False,,
0.6256079292147961,0.7556960160921916,64.69449265533905,1666.4251687230797,12.998762910745318,137.67474824643588,64.69449265533905,0.0,0.0,True,True,True,True,True,False,False,False,,
1.1439870579957838,1.0473962494272966,63.29373183578767,1094.17883025574,11.507473618702017,131.58653459844703,63.29373183578767,0.0,0.0,True,True,True,True,True,False,False,False,,
0.7684224599949958,0.5759494527639646,75.81418583951853,1692.4362407421156,17.085591655289992,127.03806819322422,75.81418583951853,0.0,0.0,True,True,True,True,True,False,False,False,,
0.7664165171147717,0.9824780201454825,87.05499986068456,1389.4121254936313,21.346882995882176,111.01399638557214,87.05499986068456,0.0,0.0,True,True,True,True,True,False,False,False,,
0.7678391010377263,0.5966926696394506,71.99271459139146,1576.9834940178077,15.507156235551104,129.88138762527745,71.99271459139146,0.0,0.0,True,True,True,True,True,False,False,False,,
0.7613440622319261,0.6680137199241183,57.686459952693795,1798.1742815850891,10.934591481612319,147.35685674830606,57.686459952693795,0.0,0.0,True,True,True,True,True,False,False,False,,
1.097357834150743,0.7747021942905067,64.11116442609232,317.20270147769145,10.31787452327336,138.7552385836908,64.11116442609232,0.0,0.0,True,True,True,True,True,False,False,False,,
0.7259394284424547,0.6300060078040075,99.85213763758898,788.8827888027158,25.62560894726291,113.75562451358175,99.85213763758898,0.0,0.0,True,True,True,True,True,False,False,False,,
0.8157543896836696,0.928297620847054,69.29640688536341,830.3133127673041,12.994305716434328,128.46250118416626,69.29640688536341,0.0,0.0,True,True,True,True,True,False,False,False,,
0.9446290153358864,0.9563847932002127,80.0576633562128,589.7091335112153,16.4722963469301,115.93729840709234,80.0576633562128,0.0,0.0,True,True,True,True,True,False,False,False,,
0.6212772429400828,0.6865331147992741,63.20912558253861,770.6700379412205,10.832135951026354,144.06648878430576,63.209125582538604,0.0,0.0,True,True,True,True,True,False,False,False,,
0.912148369085375,0.6524950869805994,92.60510696945546,1127.382718305957,23.25071096172456,111.81316087440861,92.60510696945546,0.0,0.0,True,True,True,True,True,False,False,False,,
1.0184743531744553,0.7105462636410491,63.62894996876202,352.9118212418448,10.23053432680552,140.7495802828679,63.62894996876202,0.0,0.0,True,True,True,True,True,False,False,False,,
0.9677553840359221,0.7667721048637022,80.80556465857613,1498.0038701950384,18.9309875687765,115.47693299644165,80.80556465857613,0.0,0.0,True,True,True,True,True,False,False,False,,
0.6031443936957758,0.642932570036121,105.49007001953368,631.2075356417496,24.783986560115896,117.67145333894281,99.33773051057425,0.0,0.0,True,True,True,True,True,False,False,False,,
0.9344587692171052,1.0396379224204275,109.70020672261879,735.9796496271898,30.61694692519813,97.40069865428828,109.70020672261879,0.0,0.0,True,True,True,True,True,False,False,False,,
0.513527590974041,0.529724017961421,69.73410061584659,1387.628180103148,14.208402159483624,140.62817926965624,69.73410061584659,0.0,0.0,True,True,True,True,True,False,False,False,,
0.4873725878249196,0.7506741354348707,58.32599346969032,752.053647254766,9.29711586723072,155.17705275232137,58.32599346969031,0.0,0.0,True,True,True,False,False,False,False,False,,
0.9085067914466113,0.5218806378558536,57.176522580618595,602.3685922716552,8.756566268285434,155.27789727818669,57.176522580618595,0.0,0.0,True,True,True,False,False,False,False,False,,
0.6923560293234005,1.0317808472352192,108.75731136137955,687.3935395678366,29.739928507722475,103.57532818629994,108.75731136137955,0.0,0.0,True,True,True,True,True,False,False,False,,
0.7038732285445933,0.9761359294866772,69.24804094953208,859.5715595215776,13.017930322456829,129.79990087542424,69.24804094953208,0.0,0.0,True,True,True,True,True,False,False,False,,
0.40007229647741616,0.8733822707148665,106.63817196481162,1378.454817148834,30.432038798188593,121.52030385147306,106.63817196481162,0.0,0.0,True,True,True,True,True,False,False,False,,
0.6915529655771475,1.0105215586762544,58.112851056045365,820.7310521074313,9.382830545977804,147.6893248938777,58.112851056045365,0.0,0.0,True,True,True,True,True,False,False,False,,
0.915301633336651,0.5088285335261801,50.35796451601484,1694.3147612131716,8.615447335427048,164.5093943990816,50.35796451601484,0.0,0.0,True,True,True,False,False,False,False,False,,
0.578387616998415,1.0877994692504185,93.42932276064565,522.4042849112523,19.602727824589294,116.25729921173497,88.4973685054664,0.0,0.0,True,True,True,True,True,False,False,False,,
0.7005738775939117,0.8638261046425885,94.74880409093551,1204.450021199672,24.38369036613225,110.27838862573955,94.74880409093551,0.0,0.0,True,True,True,True,True,False,False,False,,
1.0056385211951482,0.8243586075095124,63.67753819616417,797.775159629796,11.073096574845124,135.75649780162618,63.67753819616417,0.0,0.0,True,True,True,True,True,False,False,False,,
0.8612878826582193,0.9512482448991889,103.34819668450052,1142.5303466995467,28.591644571535625,101.68110592509296,103.34819668450052,0.0,0.0,True,True,True,True,True,False,False,False,,
0.4754555127925879,0.559702219582714,98.42234247939513,1564.1991214658133,26.298973191142384,126.4082429989967,98.42234247939513,0.0,0.0,True,True,True,True,True,False,False,False,,
0.8390530202430844,0.7198639657748536,81.195149414108,970.1521185619583,17.80727593411535,118.66053467051711,81.195149414108,0.0,0.0,True,True,True,True,True,False,False,False,,
0.6520047463068168,0.6947541436696406,94.08420318474873,1006.5579162017705,23.468164083732937,115.75444804205387,94.08420318474873,0.0,0.0,True,True,True,True,True,False,False,False,,
0.5370087010691229,1.0756248972320805,74.3098846836378,1021.7292034933079,15.131979368465428,127.10169745657002,74.3098846836378,0.0,0.0,True,True,True,True,True,False,False,False,,
1.148208720223997,1.0897123357876197,77.64111106940571,850.9222855336195,16.160358136784932,113.8127931125248,77.64111106940571,0.0,0.0,True,True,True,True,True,False,False,False,,
1.0991676652435989,0.9316419633572299,51.18347439155065,722.8515581601687,7.336908869418529,161.7579241162164,51.18347439155065,0.0,0.0,True,True,True,False,False,False,False,False,,
0.610749839777644,0.5210264114819851,102.52450737715165,1008.2750923743077,27.525910730193907,120.99467875663709,102.52450737715165,0.0,0.0,True,True,True,True,True,False,False,False,,
0.43789328379018727,1.0901231282248256,76.78528309058365,1551.6471919174724,17.20051680523166,128.0551751324941,76.78528309058365,0.0,0.0,True,True,True,True,True,False,False,False,,
0.6460449727082151,0.6360871603696543,66.25189549549036,658.765922114434,11.601174530107949,140.70163625721833,66.25189549549036,0.0,0.0,True,True,True,True,True,False,False,False,,
0.9580907140449993,0.6741634785898919,52.843442852594244,1658.6350482130197,9.258467367005643,154.94603255366874,52.843442852594244,0.0,0.0,True,True,True,False,False,False,False,False,,
0.5059435436348988,0.9540005812477895,58.43041254044712,739.8666502875677,9.310077806940214,152.43842527518694,58.43041254044712,0.0,0.0,True,True,True,False,False,False,False,False,,
0.7160579732308674,0.8135508328180369,57.32999998204429,664.1491744315331,8.891561774309084,152.01355137013806,57.32999998204429,0.0,0.0,True,True,True,False,False,False,False,False,,
0.4357681438836895,0.9377319377449612,60.5182963289985,290.025610466878,8.188598203703625,162.60503184200897,57.235227412781654,0.0,0.0,True,True,True,False,False,False,False,False,,
0.7807798926381158,1.0869461414216834,81.33712061259062,1092.3780329836713,18.1423048766541,114.28806721084864,81.33712061259062,0.0,0.0,True,True,True,True,True,False,False,False,,
0.6954993152214759,1.0532939964697172,71.65963177773612,1757.515712513723,15.742352128955023,124.26985795885223,71.65963177773612,0.0,0.0,True,True,True,True,True,False,False,False,,
0.8459880973953775,0.7884887071859098,83.40519474139533,472.50562601680093,17.497747283774807,117.3081083079107,83.40519474139533,0.0,0.0,True,True,True,True,True,False,False,False,,
0.9438323708577526,0.9883508918401369,58.07212533207108,1410.440476074256,10.402582397491248,141.48606494384316,58.07212533207108,0.0,0.0,True,True,True,True,True,False,False,False,,
0.8096748504777243,0.5659460932078797,105.17152635587212,269.9976797368622,13.924199099885968,131.1001523021738,75.27535970521518,0.0,0.0,True,True,True,True,True,False,False,False,,
1.1122189345196571,1.0717292876351214,91.50631677989459,750.5076561498778,21.7541103669306,103.32722980002258,91.50631677989459,0.0,0.0,True,True,True,True,True,False,False,False,,
1.0971566041294396,0.6211195020121694,108.43650750546709,746.4622303520918,30.070342542498043,104.75955935128435,108.43650750546709,0.0,0.0,True,True,True,True,True,False,False,False,,
1.0080514400113825,0.9106782688463896,55.91562191114905,196.70078425810897,7.731733527880431,157.20743486425235,55.91562191114905,0.0,0.0,True,True,True,False,False,False,False,False,,
1.1398948330393397,0.6567941372379251,67.22935077354126,281.84023863435107,11.24095094719386,135.49641928584447,67.22935077354126,0.0,0.0,True,True,True,True,True,False,False,False,,
0.7207236964048577,0.8823598935695982,65.51934395277402,338.0168607626536,10.762194476175194,139.3530475505025,65.51934395277402,0.0,0.0,True,True,True,True,True,False,False,False,,
1.0416311121581985,0.8176733697096328,101.1245626506833,161.44099251166512,10.61457377825285,137.01434010467008,66.02089077086013,0.0,0.0,True,True,True,True,True,False,False,False,,
0.8964505032981864,0.6774690957468458,52.778852001090335,832.0199331265025,7.92126798468997,160.2266684364183,52.778852001090335,0.0,0.0,True,True,True,False,False,False,False,False,,
0.8732224575994976,0.824889601516319,60.483299951354496,475.7617883035092,9.493023609486148,145.28921599364247,60.483299951354496,0.0,0.0,True,True,True,True,True,False,False,False,,
0.4897641003956251,0.8878202051330263,87.43953938772536,364.26762798150406,11.552252015454533,141.41299712196647,68.00193356509891,0.0,0.0,True,True,True,True,True,False,False,False,,
1.1538327929710066,0.9652455333909798,69.79337115580195,1154.915465678691,13.863030783367952,122.69652293342116,69.79337115580195,0.0,0.0,True,True,True,True,True,False,False,False,,
0.9292382694776913,0.8349972871984777,95.53219650286411,1314.383838294129,25.197721327534193,105.66224766542942,95.53219650286411,0.0,0.0,True,True,True,True,True,False,False,False,,
1.1479620630024603,0.8694009865487864,67.74929249269258,804.2640613467219,12.442098947009908,127.95700422850899,67.74929249269258,0.0,0.0,True,True,True,True,True,False,False,False,,
0.933510684386366,0.9188710867642029,72.77548421200339,491.21361079745265,13.530619783128662,124.68741025740295,72.77548421200339,0.0,0.0,True,True,True,True,True,False,False,False,,
0.4415133600247406,0.8045987057297819,64.38292284814585,1306.8571336248235,12.166654364847048,143.93074060501584,64.38292284814585,0.0,0.0,True,True,True,True,True,False,False,False,,
0.7555994918869067,0.9522196725003582,102.59370853805694,855.9630731174508,27.213055540249943,104.66364070301967,102.59370853805694,0.0,0.0,True,True,True,True,True,False,False,False,,
0.943257509991226,0.5072659507791915,89.64038329202208,1400.6776011216182,22.58519529967163,118.14188339185526,89.64038329202208,0.0,0.0,True,True,True,True,True,False,False,False,,
1.0259551551154482,0.5727873562830883,98.33733051332747,1338.508835957493,26.706067557790394,110.47199885977585,98.33733051332747,0.0,0.0,True,True,True,True,True,False,False,False,,
0.5454060100163453,1.0321009760504007,51.7435853537856,124.83479573257523,4.348221743865775,219.60064317954738,42.00928459657842,0.0,0.0,True,True,True,False,False,False,False,False,,
0.9640787101238325,0.7487849622995992,107.57838167002312,619.4790585572928,29.116513658704626,103.09771523786812,107.57838167002312,0.0,0.0,True,True,True,True,True,False,False,False,,
1.0476671705934044,0.9723454393510363,54.73434612006168,1348.464726164324,9.30567354870862,147.85044066464764,54.73434612006168,0.0,0.0,True,True,True,True,True,False,False,False,,
1.0193763292118616,0.795210606699777,70.03151699267164,186.84052208700444,11.962524601756966,131.0379631579076,70.03151699267164,0.0,0.0,True,True,True,True,True,False,False,False,,
0.7218889899986227,0.7214861645151059,71.89704628903661,244.4177376356247,11.252022640015468,138.92063002876995,67.6268357965015,0.0,0.0,True,True,True,True,True,False,False,False,,
1.1423815694990624,1.0038165795278635,74.36435161947709,1780.754567073471,16.92432049213813,116.18610855536372,74.36435161947709,0.0,0.0,True,True,True,True,True,False,False,False,,
0.4418066475204733,0.8103577256940329,95.18403569783084,601.3381189973315,17.435402220835524,129.21792832450012,82.98373710325488,0.0,0.0,True,True,True,True,True,False,False,False,,
0.42143268490513286,0.6318819153512457,70.21606792775376,1655.6967045298686,14.888929628809693,141.1630934951888,70.21606792775376,0.0,0.0,True,True,True,True,True,False,False,False,,
0.8848512269561939,0.5329913714697374,61.54195267141209,1655.2710683571454,11.940011128959167,142.7849453620188,61.54195267141209,0.0,0.0,True,True,True,True,True,False,False,False,,
0.5625104368565601,0.6012530070465812,88.67093940745042,564.7494714772546,19.77603348665868,125.03358368387842,88.67093940745042,0.0,0.0,True,True,True,True,True,False,False,False,,
0.7954562328442589,0.7906037775449675,69.98213775936314,439.3844356193353,12.433521232555131,131.8621369665311,69.98213775936314,0.0,0.0,True,True,True,True,True,False,False,False,,
0.4502002587189885,0.5390257445776205,84.96088149521465,488.2457893829742,14.347819290305486,140.87531588728461,75.48134357382384,0.0,0.0,True,True,True,True,True,False,False,False,,
1.157525973336774,1.0358392037898576,91.10547315497246,1071.9268487292566,22.46389219532582,102.74757413821156,91.10547315497246,0.0,0.0,True,True,True,True,True,False,False,False,,
0.8841608469543875,0.9022550870472537,88.17337295628111,987.3255494583146,20.83734466166122,109.87452396816256,88.17337295628111,0.0,0.0,True,True,True,True,True,False,False,False,,
1.1015708637345376,0.9501105110310487,67.88896205468448,1672.6004525829962,14.204660196896981,124.6327191577706,67.88896205468448,0.0,0.0,True,True,True,True,True,False,False,False,,
0.8107569600541192,0.824545308881169,61.0213058799543,1523.2116172914637,11.525194564418795,139.10152469813505,61.021305879954305,0.0,0.0,True,True,True,True,True,False,False,False,,
0.8664177953658274,0.7760026553219632,102.06108591658423,410.6697591627924,22.770619288254473,109.42907810850932,96.03455807312095,0.0,0.0,True,True,True,True,True,False,False,False,,
0.5696083824329445,0.5157695716740494,109.46841730203742,1482.3302731668803,31.385079533658228,121.94479031399186,109.46841730203742,0.0,0.0,True,True,True,True,True,False,False,False,,
0.8711995654286605,0.7169227569523566,83.55165343887248,338.5395196113358,17.23253565465222,118.69385351344776,83.55165343887248,0.0,0.0,True,True,True,True,True,False,False,False,,
1.0092963082688808,0.7223320221079312,93.47494574353269,486.1008018668689,21.878291685917233,109.49746894186646,93.47494574353269,0.0,0.0,True,True,True,True,True,False,False,False,,
0.822188268423868,0.5327240307529048,74.32299186120228,348.7227832188664,13.75798754935269,132.47001478111764,74.32299186120228,0.0,0.0,True,True,True,True,True,False,False,False,,
0.42995316405097866,0.8358509057424603,70.15790266601489,497.92043107200516,12.505504022853108,141.06858490454374,70.15790266601489,0.0,0.0,True,True,True,True,True,False,False,False,,
1.091316314108685,0.7609899041377974,59.299939680112786,547.7592335942361,9.283804307249783,145.72982882960392,59.299939680112786,0.0,0.0,True,True,True,True,True,False,False,False,,
0.5814900794500282,0.5710991256306063,90.9020310950652,847.8761424319041,21.521106634490817,123.58630683550521,90.9020310950652,0.0,0.0,True,True,True,True,True,False,False,False,,
0.9214986866874855,0.8346931225074018,61.66638124325185,433.7251035413394,9.77426947383962,142.89859183284048,61.66638124325185,0.0,0.0,True,True,True,True,True,False,False,False,,
1.0868863483174382,1.0506991536317054,90.02623331584715,1041.845621132396,21.870259782002936,104.04701464049406,90.02623331584715,0.0,0.0,True,True,True,True,True,False,False,False,,
0.8708764434275931,0.8896238232255693,109.15667401039585,892.7634866259456,30.8288505757619,100.85368915041784,109.15667401039585,0.0,0.0,True,True,True,True,True,False,False,False,,
1.039403463809319,0.527765875125338,62.66851957452406,1017.9498040000024,11.15837510015221,141.3028967578169,62.66851957452406,0.0,0.0,True,True,True,True,True,False,False,False,,
0.574869701069844,0.9059034816223921,61.281412557529286,996.7844325160571,10.63286262465299,144.01555611846132,61.281412557529286,0.0,0.0,True,True,True,True,True,False,False,False,,
1.0871892007059332,1.0219314705199085,64.33400379192511,363.570099351883,10.47362761315961,135.59713723696385,64.33400379192511,0.0,0.0,True,True,True,True,True,False,False,False,,
0.7643767443064595,0.6917399310007996,108.08771544644594,1087.8025506247327,30.84048933086731,108.04123019399407,108.08771544644594,0.0,0.0,True,True,True,True,True,False,False,False,,
1.0328826938654019,0.9687247668618058,56.818331974695056,978.929827322726,9.296477666585064,145.66726250999406,56.818331974695056,0.0,0.0,True,True,True,True,True,False,False,False,,
0.4687511916963797,0.800243407397341,56.17851189953316,1093.1343516005602,9.252486717119954,156.81895465590543,56.17851189953316,0.0,0.0,True,True,True,False,False,False,False,False,,
0.496184186537605,0.8774492001494811,79.26627404825038,660.7998641919183,16.174277573675166,127.80135802825284,79.26627404825038,0.0,0.0,True,True,True,True,True,False,False,False,,
1.0721358820029154,1.0887681240291247,84.81139664245563,255.07574302494982,17.325292639287028,111.13409445452474,84.19319572464066,0.0,0.0,True,True,True,True,True,False,False,False,,
1.0964234584104242,1.0432956547972223,76.73464955888333,1639.6328725528906,17.57315276067181,113.87554478669902,76.73464955888333,0.0,0.0,True,True,True,True,True,False,False,False,,
0.5186626661511421,0.5094570411506165,76.81662260241728,1438.8627668337774,17.010343035267418,135.35581657011528,76.81662260241728,0.0,0.0,True,True,True,True,True,False,False,False,,
0.7054226748316532,0.6825843528380289,75.30469039549762,1795.925580760367,17.008573284467907,125.82314857640836,75.30469039549762,0.0,0.0,True,True,True,True,True,False,False,False,,
0.8682317259921875,0.6787337865462011,64.79756741433417,1555.9632704965643,12.85840919062029,134.9229155071998,64.79756741433417,0.0,0.0,True,True,True,True,True,False,False,False,,
0.7793695739905648,0.8810457109729966,96.18907587619717,1037.0946076918817,24.63622375518953,107.64962438918181,96.18907587619717,0.0,0.0,True,True,True,True,True,False,False,False,,
0.7126669136161699,0.9088583509430943,52.5629660257905,1578.041390682604,9.038484126562562,155.7426112871113,52.5629660257905,0.0,0.0,True,True,True,False,False,False,False,False,,
0.5538456594349669,1.0922119869262772,57.97385752368759,422.0683884506349,8.64113940789385,154.4293474438176,57.97385752368759,0.0,0.0,True,True,True,False,False,False,False,False,,
0.8618177292600334,0.831019535956692,59.98079686877117,1564.6389493372844,11.266552317655576,139.9801194067021,59.98079686877118,0.0,0.0,True,True,True,True,True,False,False,False,,
0.524046747662483,0.9464051378933882,53.798179561901144,1697.5945613666258,9.566547993635822,156.15769281304796,53.798179561901144,0.0,0.0,True,True,True,False,False,False,False,False,,
1.1873219515553521,0.5436196102767771,78.67392614884047,690.6776778157775,16.20110982811642,122.39908421363516,78.67392614884047,0.0,0.0,True,True,True,True,True,False,False,False,,
0.6528230012085843,0.5793371438914392,84.41068148741597,1724.8712941826864,20.46550712067706,123.49452365810198,84.41068148741597,0.0,0.0,True,True,True,True,True,False,False,False,,
1.1439116994136476,0.534735024234394,96.00044011341413,1141.3415970513697,24.990518683975807,111.66247489591223,96.00044011341413,0.0,0.0,True,True,True,True,True,False,False,False,,
0.5309660319266991,0.8867032160695045,76.2909364424203,238.48418278972161,8.134902150374193,160.35040684454526,57.29024214929248,0.0,0.0,True,True,True,False,False,False,False,False,,
1.1770419116251505,0.7100241729979189,99.39431743998944,1246.1675668880798,27.011073979524973,103.67921261004645,99.39431743998944,0.0,0.0,True,True,True,True,True,False,False,False,,
1.183635661458458,0.6886368378245298,53.847715299349545,997.5129490764459,8.487366341293624,154.01829828356958,53.847715299349545,0.0,0.0,True,True,True,False,False,False,False,False,,
1.0311384147649687,0.7989482270032042,94.70208408139072,675.4830430818009,22.98699470727744,106.44878033466976,94.70208408139072,0.0,0.0,True,True,True,True,True,False,False,False,,
0.9337492271290182,0.630952708172752,64.04366680211056,1615.111386867333,12.71549239608953,136.1646831565928,64.04366680211056,0.0,0.0,True,True,True,True,True,False,False,False,,
0.9086426910598787,0.743319204126448,65.9260391437883,1050.0362734442363,12.28292853970748,133.11443441666458,65.9260391437883,0.0,0.0,True,True,True,True,True,False,False,False,,
0.9455627213655219,1.0125071110991448,74.92532216494463,396.65345738824897,14.099158663334478,121.66759078921035,74.92532216494463,0.0,0.0,True,True,True,True,True,False,False,False,,
0.561723918817614,0.850159574726964,93.72869049550272,666.1329838272127,22.25887533641576,116.56406731894491,93.72869049550272,0.0,0.0,True,True,True,True,True,False,False,False,,
1.0609746559801034,0.9061528726375334,104.42523850036294,1364.7565352684212,29.985304116521576,98.74628427291235,104.42523850036294,0.0,0.0,True,True,True,True,True,False,False,False,,
1.1008994498650382,1.0998293396729912,90.85057173801314,842.0201042499505,21.705532084784856,103.37233015049246,90.85057173801314,0.0,0.0,True,True,True,True,True,False,False,False,,
1.090640938411454,1.0397487664220764,106.54214400817034,132.08078774570046,9.074790678485563,144.37759444718046,61.10520726155009,0.0,0.0,True,True,True,True,True,False,False,False,,
0.8494669622222071,0.6053308021083355,89.3722662155991,1313.7242893040166,22.234320171543203,115.76217744341564,89.3722662155991,0.0,0.0,True,True,True,True,True,False,False,False,,
0.9777713807906264,0.852694326723648,75.54922104266068,805.1837580215449,15.232512852325804,120.24478888341493,75.54922104266068,0.0,0.0,True,True,True,True,True,False,False,False,,
0.9567633253704073,0.7456037500469156,102.60151403831767,1166.3462693020958,28.332052480640076,104.36887497205815,102.60151403831767,0.0,0.0,True,True,True,True,True,False,False,False,,
0.5036966030726395,0.9135200785939618,62.93297010824452,661.8734905311816,10.520135077287755,145.72048130708262,62.93297010824452,0.0,0.0,True,True,True,True,True,False,False,False,,
1.1687908612647013,1.0735787526830292,105.79242622071955,215.31253248601456,15.896203798099496,113.84872278567326,80.76450892439019,0.0,0.0,True,True,True,True,True,False,False,False,,
0.7315928190430301,1.0693553762810577,103.22685940550201,871.221575709867,27.561155444469062,103.45386553831338,103.22685940550201,0.0,0.0,True,True,True,True,True,False,False,False,,
0.6922505718942018,0.5487944208707176,73.45563510980216,182.55732698467244,8.044478215423833,162.35386268191743,57.23330089295357,0.0,0.0,True,True,True,False,False,False,False,False,,
0.5278089760565434,0.6803850219748626,50.56618535828732,820.1766660413771,7.301081710091101,171.6779294111509,50.56618535828732,0.0,0.0,True,True,True,False,False,False,False,False,,
0.7237825209477298,1.043740241946122,65.02759904650193,1634.613341840177,13.070266773581402,132.01752986354808,65.02759904650193,0.0,0.0,True,True,True,True,True,False,False,False,,
0.9177347000242428,0.6683066073614655,91.36899862300467,716.2229473205884,21.544003182729032,112.68487410936292,91.36899862300467,0.0,0.0,True,True,True,True,True,False,False,False,,
0.6866524553766693,0.9564116641688923,67.84825087658287,1779.5395392247658,14.352832405978052,129.709888697124,67.84825087658287,0.0,0.0,True,True,True,True,True,False,False,False,,
0.9140844032976267,1.0282375459126114,94.40923040729729,1683.2442741448112,25.64500185417985,103.4274587863364,94.40923040729729,0.0,0.0,True,True,True,True,True,False,False,False,,
0.6950704404219498,0.9455330198944429,85.51677158432028,299.5578721894583,13.321018831123368,128.61589421385193,73.46361187858184,0.0,0.0,True,True,True,True,True,False,False,False,,
0.5042434098758865,0.5912316321997219,51.24388266319228,788.393545536767,7.422620329420662,172.2107269572256,51.24388266319228,0.0,0.0,True,True,True,False,False,False,False,False,,
0.7121589119711911,1.0259303125573238,74.47133931369683,1580.0627857359377,16.464189965302023,121.45207334324232,74.47133931369683,0.0,0.0,True,True,True,True,True,False,False,False,,
0.5143439663440804,0.9005032820396432,66.14618388917827,1323.8827833519424,12.818436040513278,137.65062530513117,66.14618388917827,0.0,0.0,True,True,True,True,True,False,False,False,,
0.8138533786200413,0.9435951361768563,68.91802957810764,1299.774899499147,13.80561599560586,127.02251686556743,68.91802957810764,0.0,0.0,True,True,True,True,True,False,False,False,,
0.9223817605711723,0.7913497067997108,51.9403091247821,179.0697071208548,6.67223998643257,170.69945313288397,51.9403091247821,0.0,0.0,True,True,True,False,False,False,False,False,,
0.9025969314705067,0.6142985874555378,69.95923720551698,1238.4468874538509,14.06932836962877,130.10035210896442,69.95923720551698,0.0,0.0,True,True,True,True,True,False,False,False,,
0.47399573713334275,0.9171078856101835,102.27783713151021,1625.4049608434882,28.94731677577979,115.89296555208712,102.27783713151021,0.0,0.0,True,True,True,True,True,False,False,False,,
0.596331511858166,0.6134250293395836,57.43844797878835,1097.1031203026414,9.646498422915624,153.62778250439607,57.43844797878835,0.0,0.0,True,True,True,False,False,False,False,False,,
0.5869787085383233,0.8839835341972061,80.20429316062271,1179.159414562792,17.810532553132063,121.96202044406591,80.20429316062271,0.0,0.0,True,True,True,True,True,False,False,False,,
0.7033020885697614,0.9942821418375452,73.51031202667501,868.3388759833293,14.559153314963263,124.7015019371797,73.51031202667501,0.0,0.0,True,True,True,True,True,False,False,False,,
0.5878107315600924,0.8370054497384489,53.67804501388039,1359.0044227800906,8.992939705650038,156.91193022519292,53.67804501388039,0.0,0.0,True,True,True,False,False,False,False,False,,
0.5713844883433062,0.9320415507215831,87.45737068899884,563.8817407889626,19.26990233912875,118.73296207426742,87.45737068899884,0.0,0.0,True,True,True,True,True,False,False,False,,
0.6511225473727598,1.0622606692479053,79.56478014967875,959.3087657225719,17.06498770750734,119.18915889806645,79.56478014967875,0.0,0.0,True,True,True,True,True,False,False,False,,
0.622459676070916,0.7407979488192178,53.23161214028703,780.8476680296327,7.9439433956161505,162.48832833314597,53.23161214028703,0.0,0.0,True,True,True,False,False,False,False,False,,
0.5600072490942339,1.0494318350314016,62.69778255314515,833.5853646316075,10.775781148392587,142.0073144387135,62.697782553145146,0.0,0.0,True,True,True,True,True,False,False,False,,
1.0084211154140053,1.0725974765433737,95.75322370728921,285.1758909373127,18.259187600470216,110.02081496677442,86.33658523204747,0.0,0.0,True,True,True,True,True,False,False,False,,
0.9779191980198353,0.5171769814003625,56.589237428379995,1187.3062568251394,9.577876618852647,151.77231371451182,56.589237428379995,0.0,0.0,True,True,True,False,False,False,False,False,,
1.1682670890396858,0.6653525689188989,84.36725480931693,130.07910117538427,9.563433695919658,144.3061065251566,62.761358208069986,0.0,0.0,True,True,True,True,True,False,False,False,,
0.7445769140158836,0.5429329973202148,61.25863719569041,268.58362274250254,9.33969208607121,152.22809818767968,61.25863719569042,0.0,0.0,True,True,True,False,False,False,False,False,,
0.4439887496466382,1.0116679816749743,72.12043043739662,699.9033594302451,13.605835288285764,135.18453880513115,72.12043043739662,0.0,0.0,True,True,True,True,True,False,False,False,,
0.41853912601213156,0.7629608072460861,103.51247932155616,419.3801254841905,11.45295618359263,146.53171377194082,67.45116464203828,0.0,0.0,True,True,True,True,True,False,False,False,,
0.6802470686675861,0.7038025813430251,76.09161175247121,209.96532950143035,9.106464278955034,151.78655928172287,60.844963093104376,0.0,0.0,True,True,True,False,False,False,False,False,,
0.8979376665727876,1.0806449746747167,63.22299625421305,514.5463038641142,10.39592376933694,137.4838086398999,63.22299625421306,0.0,0.0,True,True,True,True,True,False,False,False,,
1.1670286100316463,1.0074760351890832,109.48290818669686,615.4979839308743,30.2024690068359,94.88390668062263,109.48290818669686,0.0,0.0,True,True,True,True,True,False,False,False,,
0.49919372201129125,0.6732955709166477,72.82378042200007,1403.7503819320411,15.377396165774675,134.36266169998237,72.82378042200007,0.0,0.0,True,True,True,True,True,False,False,False,,
0.5924467928939194,0.9093373437681607,83.21017155884849,110.0716076042153,4.152654217177971,225.76687920989775,41.11306262108902,0.0,0.0,True,True,True,False,False,False,False,False,,
0.6621362173466873,0.7265362698398317,55.36827679397567,1396.2149432164476,9.546935184655736,153.0553458756802,55.36827679397567,0.0,0.0,True,True,True,False,False,False,False,False,,
0.9077086908644074,0.76029629735644,62.31979534565641,553.693054235293,10.189893374932963,141.64447052742787,62.319795345656416,0.0,0.0,True,True,True,True,True,False,False,False,,
0.6637144902056671,0.6241756452947667,91.66698149097512,750.8493981130964,21.654758075726658,118.9795594838067,91.66698149097512,0.0,0.0,True,True,True,True,True,False,False,False,,
0.46020126031018244,1.0458933320377448,84.9519504426824,1663.0963152083577,20.915622036021375,121.70605900317072,84.9519504426824,0.0,0.0,True,True,True,True,True,False,False,False,,
0.8657363469011643,0.8812377982338486,72.85554754928889,795.4848006721562,14.195736163418825,124.20203160504536,72.85554754928889,0.0,0.0,True,True,True,True,True,False,False,False,,
1.0098645577116632,0.6972674239362449,85.38677882203093,474.0055903668211,18.349605306808808,115.2782457718655,85.38677882203093,0.0,0.0,True,True,True,True,True,False,False,False,,
1.0561371391054113,0.9120649816146771,101.37509961334855,381.6531556989603,25.27241951240587,101.61030507005772,101.37509961334855,0.0,0.0,True,True,True,True,True,False,False,False,,
1.1270815833897396,0.7998680759526358,56.10156434617697,116.00846320735087,7.65135660144883,158.10846169843015,56.10156434617697,0.0,0.0,True,True,True,False,False,False,False,False,,
0.8026900095731583,0.7101792325247037,80.91674402410173,135.78744589407938,6.902433515349819,169.76142346399664,53.15219905385747,0.0,0.0,True,True,True,False,False,False,False,False,,
0.6622738612791379,0.6546516568266951,73.59182171844094,1082.1562250131851,15.037543491722607,129.70301530306648,73.59182171844094,0.0,0.0,True,True,True,True,True,False,False,False,,
0.6597848151122531,0.7142878171401086,82.34997144815753,243.56107492527585,10.26819008221688,144.999724392271,64.53905435151607,0.0,0.0,True,True,True,True,True,False,False,False,,
0.9345877308738749,0.9579458796948161,81.41214357679155,263.9634277076792,15.668586310103821,117.85149285096327,79.96490321281878,0.0,0.0,True,True,True,True,True,False,False,False,,
0.9315110809301235,0.888261978423198,50.13587539999469,150.40319668193794,6.187159521731768,176.5171859340904,50.13587539999469,0.0,0.0,True,True,True,False,False,False,False,False,,
0.4162307432760144,0.5757160573607694,61.102264707494214,1037.8269035842052,10.611875485281326,154.7018716870893,61.102264707494214,0.0,0.0,True,True,True,False,False,False,False,False,,
0.6771733073746896,0.510279148051148,77.79336944641855,756.1172410328235,15.912852353847143,131.03164178093414,77.79336944641855,0.0,0.0,True,True,True,True,True,False,False,False,,
0.5078693566901684,0.886503525504079,57.770742067329756,416.024070741096,8.566139338089911,157.63256196244672,57.770742067329756,0.0,0.0,True,True,True,False,False,False,False,False,,
0.5145709166763669,0.6152805962005545,65.11020037703906,1252.5321182087273,12.330455661379233,143.59771053852026,65.11020037703906,0.0,0.0,True,True,True,True,True,False,False,False,,
0.4022751077747121,1.0970739916688539,56.432515415013704,629.3019528074543,8.532224222734047,160.71871971554583,56.432515415013704,0.0,0.0,True,True,True,False,False,False,False,False,,
1.1230037123022065,0.958899594292976,106.4367277962726,1799.7826131917657,31.700561458635477,96.29164507540473,106.4367277962726,0.0,0.0,True,True,True,True,True,False,False,False,,
0.9502088161907918,1.095337726383115,89.99913892656073,1785.1854636631465,23.6376110247518,104.60153081186982,89.99913892656073,0.0,0.0,True,True,True,True,True,False,False,False,,
0.5316111577071665,1.0984697147253586,84.58134759382217,1357.5009042311076,20.047084594753088,118.21171420215619,84.58134759382217,0.0,0.0,True,True,True,True,True,False,False,False,,
0.6516218339053276,0.9633435091874147,100.0049643580657,1740.9775333150792,28.135141332484004,107.79285167925843,100.0049643580657,0.0,0.0,True,True,True,True,True,False,False,False,,
1.1960274037460332,1.002881754701992,63.141262861588,1431.0020095774914,12.082620489463572,130.6504852335663,63.141262861588,0.0,0.0,True,True,True,True,True,False,False,False,,
0.6887363838367071,0.786464014741228,83.29574094189783,1278.794321274808,19.385909334712373,118.2796705088215,83.29574094189783,0.0,0.0,True,True,True,True,True,False,False,False,,
1.1152442403422176,0.6166488433992791,50.054868018755265,578.9924212276237,6.82916881877398,170.24207977239965,50.054868018755265,0.0,0.0,True,True,True,False,False,False,False,False,,
0.8234050133721007,1.0850507237558675,96.25928398165806,143.31673875082453,7.472126311789623,160.30414835555007,55.30605873845817,0.0,0.0,True,True,True,False,False,False,False,False,,
0.8610544850922566,0.9205149806158602,85.78624529233399,1749.7104302322007,21.577705548249078,110.75907753544813,85.78624529233399,0.0,0.0,True,True,True,True,True,False,False,False,,
1.0212313004350841,0.5306817690875036,69.54605824333997,685.4686395610718,12.811666656824784,133.59823419185832,69.54605824333997,0.0,0.0,True,True,True,True,True,False,False,False,,
0.906978846553257,1.0691123611299593,91.92438934060866,142.5539570433541,8.17232878994469,152.9147338423335,57.89028880492751,0.0,0.0,True,True,True,False,False,False,False,False,,
0.5056144923557476,0.744603066272036,86.05729418754747,573.5686556803212,18.662734701237383,125.28411163299987,86.05729418754747,0.0,0.0,True,True,True,True,True,False,False,False,,
0.4863597542888579,0.8215275305754475,72.38329864366779,570.2390247914436,13.446865751540349,135.7009575091105,72.38329864366779,0.0,0.0,True,True,True,True,True,False,False,False,,
0.5179734162978265,0.9035579615806086,100.73808845989902,1229.1062552205462,27.20275359167584,114.12536631089267,100.73808845989902,0.0,0.0,True,True,True,True,True,False,False,False,,
1.1445199907318249,1.036368460706476,55.742197469735274,651.1244190124704,8.445100176641288,149.7784168247109,55.742197469735274,0.0,0.0,True,True,True,True,True,False,False,False,,
0.9897640941998584,0.7134049602397698,97.85149742847676,1535.2863869612297,26.870227698320143,106.46177450964448,97.85149742847676,0.0,0.0,True,True,True,True,True,False,False,False,,
0.5255686550020842,0.6032276938126628,90.09604633465571,959.9169801857997,21.418873075469335,124.93563557790124,90.09604633465571,0.0,0.0,True,True,True,True,True,False,False,False,,
0.8795556706986452,0.9680648394956238,69.66738552138534,183.44263711865045,10.222480775898914,139.2419144032642,64.66947088022394,0.0,0.0,True,True,True,True,True,False,False,False,,
0.8411464946047202,0.5244291630086226,59.23274225638932,1590.7619933842066,11.071748353151799,147.18208501899213,59.23274225638932,0.0,0.0,True,True,True,True,True,False,False,False,,
0.4190509677313597,0.6069583553901406,53.45857045271708,344.8204420899228,7.276314533377492,175.21136992569734,53.45857045271708,0.0,0.0,True,True,True,False,False,False,False,False,,
0.8877882876005206,0.7795182499975297,61.69853134714388,1296.3273662314086,11.342626140689124,138.2515884090219,61.69853134714388,0.0,0.0,True,True,True,True,True,False,False,False,,
1.0793793159129954,0.7719565459235165,109.34727811802543,1600.5658184648205,32.8333540521299,99.59052076867816,109.34727811802543,0.0,0.0,True,True,True,True,True,False,False,False,,
0.4399029128367635,0.9591916483800587,56.119054193198835,875.1655431062512,8.865413163951036,158.16101595020208,56.119054193198835,0.0,0.0,True,True,True,False,False,False,False,False,,
0.9984677658018312,0.7061764095535553,66.08999149139402,514.0248777467488,11.312816217998137,135.69215487975544,66.08999149139402,0.0,0.0,True,True,True,True,True,False,False,False,,
0.7004008073600015,0.7305468707571472,72.17477917797564,1730.2892151790481,15.87299914761572,127.81567796959682,72.17477917797564,0.0,0.0,True,True,True,True,True,False,False,False,,
1.1003658834116083,1.0381751827639096,68.04725941731225,211.2927354520736,11.364654928451053,130.67202491256757,68.04725941731225,0.0,0.0,True,True,True,True,True,False,False,False,,
0.9442028452475183,0.5996563902444983,86.76799509781614,675.7636066374914,19.430555632444776,117.0323186110903,86.76799509781614,0.0,0.0,True,True,True,True,True,False,False,False,,
1.0856526986159047,1.0616657036592088,85.18276015313805,1527.694028357908,20.943267180924437,106.6751124144131,85.18276015313805,0.0,0.0,True,True,True,True,True,False,False,False,,
1.1365109692634425,0.832400364519672,95.40473936749369,1695.9183842293476,25.95988153970785,103.13589789636384,95.40473936749369,0.0,0.0,True,True,True,True,True,False,False,False,,
1.1264008676589126,0.9498750078638768,98.80291678631596,148.54952231592787,10.543899544147953,135.40805099949466,65.85664717122555,0.0,0.0,True,True,True,True,True,False,False,False,,
0.5671846702819274,0.7075074477831944,100.60365951153153,677.9894130466644,25.12300389609154,117.01125265868092,99.83692517248244,0.0,0.0,True,True,True,True,True,False,False,False,,
0.7924842629786748,1.042927274751373,108.89178359596728,888.5849867422628,30.60901548335451,100.28971748807434,108.89178359596728,0.0,0.0,True,True,True,True,True,False,False,False,,
0.9968810553477022,0.5075655809822293,94.20605623292477,751.1429034382363,22.96307824595954,115.82257273975986,94.20605623292477,0.0,0.0,True,True,True,True,True,False,False,False,,
1.165071432812896,1.0111630181860967,56.62670765151883,796.309240820659,8.938283127460052,146.31098936068156,56.62670765151883,0.0,0.0,True,True,True,True,True,False,False,False,,
0.6792002047574832,0.9429910368411968,89.58456348721865,197.8612661132176,8.56397835675115,153.32676980335722,59.01967240592632,0.0,0.0,True,True,True,False,False,False,False,False,,
0.7073033075188523,0.687271754958886,87.92722154026671,1404.7890776802612,21.75572377147702,117.03277954026984,87.92722154026671,0.0,0.0,True,True,True,True,True,False,False,False,,
0.628796828639593,0.6383704774584416,89.38098410692841,196.55520235113218,7.889892096295468,163.13017536923812,56.59980584891505,0.0,0.0,True,True,True,False,False,False,False,False,,
0.8385809482921327,0.5575939261174646,103.79041397622149,1197.5190771012694,28.98595010643459,112.50042316511332,103.79041397622149,0.0,0.0,True,True,True,True,True,False,False,False,,
0.5151931898116259,0.6541234827336782,102.90777161470012,907.8780321063116,27.260647164559796,119.8506421194771,102.90777161470012,0.0,0.0,True,True,True,True,True,False,False,False,,
0.5341072248007019,1.0715347531738304,107.65464438344239,636.9376867435027,22.225282559092367,114.83197127112605,93.90315801163052,0.0,0.0,True,True,True,True,True,False,False,False,,
0.8393745061002926,0.7534096906044123,58.0682818143936,1149.1620161777714,9.946238164675915,146.01903567256682,58.06828181439361,0.0,0.0,True,True,True,True,True,False,False,False,,
0.42427125879766414,0.955502865451823,86.44921554127637,902.3817358404071,19.583616484250555,125.25807146204383,86.44921554127637,0.0,0.0,True,True,True,True,True,False,False,False,,
1.0140586229338846,0.8640562860286114,69.13163797757399,1198.075850734337,13.700627170472975,125.60027059073744,69.13163797757399,0.0,0.0,True,True,True,True,True,False,False,False,,
1.1729291893413543,1.0728529947274854,74.95044227423837,263.069154465206,13.842477726446836,119.93324694515873,74.95044227423837,0.0,0.0,True,True,True,True,True,False,False,False,,
1.033033797832047,0.8142108553961778,100.1427892802177,1789.072554274924,28.20471132981802,102.49467661625069,100.1427892802177,0.0,0.0,True,True,True,True,True,False,False,False,,
1.1205415404707177,0.526870656936657,61.32645771250957,1650.0433801862423,11.873372243376625,141.23765433347765,61.32645771250957,0.0,0.0,True,True,True,True,True,False,False,False,,
0.986425773741657,0.6403778250832712,95.82196257243163,1000.5229154938204,24.444457313090613,109.75581440202672,95.82196257243163,0.0,0.0,True,True,True,True,True,False,False,False,,
0.8224496331656361,0.6860683476404202,55.94973005537515,982.9996319563064,9.041675364858268,152.4137544319551,55.94973005537515,0.0,0.0,True,True,True,False,False,False,False,False,,
0.9235543998424645,0.9609812409421621,101.0998128355976,816.4125658868137,26.445000806754532,101.87050322897153,101.0998128355976,0.0,0.0,True,True,True,True,True,False,False,False,,
1.0632660071696296,0.6838113152701859,89.94697804848542,1233.8275038724164,22.346774813596266,110.2909383175911,89.94697804848542,0.0,0.0,True,True,True,True,True,False,False,False,,
0.6530127463117277,0.5188575605301454,87.60612180387818,1599.4752336568229,21.64603369046326,124.27207473064865,87.60612180387818,0.0,0.0,True,True,True,True,True,False,False,False,,
0.40512284949649247,1.081964259654123,109.25118631423365,508.95019756957055,13.520987517440595,136.86372868252542,73.10524073708787,0.0,0.0,True,True,True,True,True,False,False,False,,
0.8356929897047495,1.0233437260081746,76.47204429881918,653.8639392039429,15.220482463563895,119.94883486847088,76.47204429881918,0.0,0.0,True,True,True,True,True,False,False,False,,
0.8676334910381562,0.6718718200342987,59.82626521088247,1037.465525069876,10.288651725834182,144.32681314212664,59.82626521088246,0.0,0.0,True,True,True,True,True,False,False,False,,
0.6140177786432536,0.8654431555912758,87.23629873761307,243.01035464957977,9.550621412188672,148.27887511621503,62.18997200215182,0.0,0.0,True,True,True,True,True,False,False,False,,
1.068752088406396,0.8228214594814336,59.905757508922875,442.61258121097114,9.275740802243272,145.10033093977322,59.905757508922875,0.0,0.0,True,True,True,True,True,False,False,False,,
0.600032248477297,0.8525017409702158,55.891906331750484,372.9893013078524,7.990780249665268,160.32193732033062,55.891906331750484,0.0,0.0,True,True,True,False,False,False,False,False,,
1.1344243051409646,0.8579382308018597,53.7758865024086,593.4106416312918,7.813442529500687,156.742949530582,53.7758865024086,0.0,0.0,True,True,True,False,False,False,False,False,,
0.9960715096281848,0.7669541341633802,76.98002789309379,741.369974609358,15.637197557321866,120.16547217130298,76.98002789309379,0.0,0.0,True,True,True,True,True,False,False,False,,
0.4577860738572405,0.8159186284429969,86.56505895807544,381.16539669442955,11.331615402659214,144.48264808018652,67.25204899987877,0.0,0.0,True,True,True,True,True,False,False,False,,
0.9327422606527307,0.6199628495910886,56.35962005320979,1579.513837351599,10.165475029178072,149.02656798706693,56.35962005320979,0.0,0.0,True,True,True,True,True,False,False,False,,
0.6691951800310413,0.5667620827106057,76.06360009072847,1737.69734806809,17.14249232411872,129.1152570062704,76.06360009072847,0.0,0.0,True,True,True,True,True,False,False,False,,
1.1419125362928595,0.904091025135823,76.1385112214408,975.0036456847661,15.854451915289774,116.81497339950167,76.1385112214408,0.0,0.0,True,True,True,True,True,False,False,False,,
1.1487533446321998,0.7704511197849944,89.93707722578515,1099.9134314761732,21.999368461840078,107.58408545343542,89.93707722578515,0.0,0.0,True,True,True,True,True,False,False,False,,
0.7820679670946621,0.8973680317517914,65.66290634057698,523.3459387345279,11.171060580108882,136.38852153048674,65.66290634057698,0.0,0.0,True,True,True,True,True,False,False,False,,
0.437693150666411,0.6934111236753712,89.91720760571627,1153.0537624807027,21.759845744831654,126.95378731009588,89.91720760571627,0.0,0.0,True,True,True,True,True,False,False,False,,
0.9769869469871818,1.0585119871734903,79.9630865096234,1036.0946037338203,17.490006111134637,112.92336265667375,79.9630865096234,0.0,0.0,True,True,True,True,True,False,False,False,,
0.7020546465489982,0.5518772517295254,107.09942360034967,1064.946846428154,30.174126820832164,115.4708952384481,107.09942360034967,0.0,0.0,True,True,True,True,True,False,False,False,,
1.0076393336381066,0.9418305163791529,59.93047985244139,910.4413265448455,10.105311493407013,140.34924051856308,59.930479852441394,0.0,0.0,True,True,True,True,True,False,False,False,,
0.4173503711938544,0.6921236011070648,84.34980837746937,1619.9374535498787,20.451901048072354,130.41763738406223,84.34980837746937,0.0,0.0,True,True,True,True,True,False,False,False,,
0.6758108792702809,0.5567263713125193,107.97484409324761,1055.8887253879752,30.577873573206226,115.888050568443,107.97484409324761,0.0,0.0,True,True,True,True,True,False,False,False,,
0.5165860256025605,0.8711114601806772,63.83031756721259,419.11841538917054,10.349890081212807,146.3029179482757,63.83031756721259,0.0,0.0,True,True,True,True,True,False,False,False,,
0.5488575220291034,1.0049094358139794,70.37122725048535,1046.1675669155911,13.752578862234088,131.26234495331423,70.37122725048535,0.0,0.0,True,True,True,True,True,False,False,False,,
0.40210835822813223,0.891119406689402,104.20190107406933,1497.0779350165978,29.56995225629833,121.33682458193344,104.20190107406933,0.0,0.0,True,True,True,True,True,False,False,False,,
0.7012918629213407,0.8047119182207073,84.20590064293933,1512.0164438961463,20.363581139922527,116.84633413397242,84.20590064293933,0.0,0.0,True,True,True,True,True,False,False,False,,
0.6525450416290054,0.8770515955910276,67.45215200233476,901.5360499071379,12.475188029373335,133.93564537364034,67.45215200233476,0.0,0.0,True,True,True,True,True,False,False,False,,
0.8719298949875585,0.5396717936185441,52.072502426828265,884.0798614465984,7.814609682250585,164.10779629750292,52.072502426828265,0.0,0.0,True,True,True,False,False,False,False,False,,
1.1447003172838603,0.5055574551621574,74.5093355802894,408.4933920452724,13.998063580997838,129.30608916832085,74.5093355802894,0.0,0.0,True,True,True,True,True,False,False,False,,
1.038596478683667,0.9635348750133728,56.11296857668272,190.53654615908528,7.775681125506502,156.1152213313185,56.11296857668272,0.0,0.0,True,True,True,False,False,False,False,False,,
0.479948364246283,0.5753688612077645,81.68318864738188,1129.1248838464435,18.228180504035677,131.8699148558599,81.68318864738188,0.0,0.0,True,True,True,True,True,False,False,False,,
1.1612705376379773,0.9595794674319612,62.36755211736104,509.23763269921415,10.138629457660718,137.80726560414055,62.36755211736105,0.0,0.0,True,True,True,True,True,False,False,False,,
0.8713766538456411,0.9159756260640597,88.58380661918935,957.9409868953804,20.937748149851025,109.63649029612142,88.58380661918935,0.0,0.0,True,True,True,True,True,False,False,False,,
1.171414994936177,0.8131421242108225,59.382911420669686,1787.1567982426652,11.48099616842346,138.50211037686194,59.38291142066968,0.0,0.0,True,True,True,True,True,False,False,False,,
1.153762784066807,0.6105175716521667,51.82563675035134,1402.1850770157307,8.57193834726407,157.89316380548465,51.82563675035134,0.0,0.0,True,True,True,False,False,False,False,False,,
0.6586571341249429,0.8804258989824947,94.89907248920815,298.21585789288144,12.581327829471503,132.65869559350568,71.35305389318638,0.0,0.0,True,True,True,True,True,False,False,False,,
0.7691761625217453,0.9455584640146961,100.65283687966944,1160.4294094563252,27.205391088015958,104.73981087598493,100.65283687966944,0.0,0.0,True,True,True,True,True,False,False,False,,
0.40797652026334985,0.870104483961042,80.08563763634541,266.8253868785945,7.062428245461279,174.8514536617499,53.118849148342626,0.0,0.0,True,True,True,False,False,False,False,False,,
0.6648682964513795,1.0772839614599623,79.8559223555279,1110.0817355762588,17.54013445499571,117.98168058036447,79.8559223555279,0.0,0.0,True,True,True,True,True,False,False,False,,
0.41749591603812936,0.9441975020796349,96.72072522328958,1331.512142489303,25.372105027515907,120.98044974199779,96.72072522328958,0.0,0.0,True,True,True,True,True,False,False,False,,
0.864816935283327,0.8080103936807541,66.29234082012563,1798.6627571397248,13.831311424189318,130.719664019283,66.29234082012563,0.0,0.0,True,True,True,True,True,False,False,False,,
0.45735245196495156,0.6681775479591319,76.2490244846702,801.1439733557129,15.327565758280096,135.04157509662713,76.2490244846702,0.0,0.0,True,True,True,True,True,False,False,False,,
0.6538812596320935,0.9173520727136211,94.52380577593743,1285.0025630210234,24.474639116978604,110.77993540603661,94.52380577593743,0.0,0.0,True,True,True,True,True,False,False,False,,
0.5705384763009651,0.7219435875835215,105.87612779569145,571.083677600009,21.18936105521057,119.87032506298725,91.89880018702188,0.0,0.0,True,True,True,True,True,False,False,False,,
0.6015122987791466,0.9026363639423034,99.27623153180605,1671.142314943736,27.649429284099767,110.74982489567333,99.27623153180605,0.0,0.0,True,True,True,True,True,False,False,False,,
0.999381763550876,0.721114545489337,83.7982603743144,720.3673825841402,18.307266684850706,115.18876203491563,83.7982603743144,0.0,0.0,True,True,True,True,True,False,False,False,,
0.879000796409786,0.6877082622966282,82.75771605313881,1254.156843848408,19.15660434378201,117.03879699511896,82.75771605313881,0.0,0.0,True,True,True,True,True,False,False,False,,
1.191504505007104,0.7547323785187443,103.91172014344335,764.652240423375,27.807018283133047,101.17884505820007,103.91172014344335,0.0,0.0,True,True,True,True,True,False,False,False,,
0.945236533344116,0.9162811051601872,54.98316131421209,953.0363370285007,8.72405685971823,150.9833666415572,54.98316131421209,0.0,0.0,True,True,True,False,False,False,False,False,,
0.5839141605981345,0.9133264717175463,63.17912099303091,310.7620588052472,9.965472527347439,146.07211722475682,63.17912099303091,0.0,0.0,True,True,True,True,True,False,False,False,,
0.5680043133270114,0.9021502193810848,87.7555221972416,260.00720973371625,9.479030360155969,149.50412081691607,61.870839778660596,0.0,0.0,True,True,True,True,True,False,False,False,,
0.5993852312243789,0.651776960181219,89.54332337652966,1431.7309828432983,22.502151178293868,120.29595744744371,89.54332337652966,0.0,0.0,True,True,True,True,True,False,False,False,,
0.526733333355248,0.7377968187512416,81.23806879596336,1405.7868505282386,18.741324841229083,125.51259161144317,81.23806879596336,0.0,0.0,True,True,True,True,True,False,False,False,,
1.031678316743509,1.0680799458260732,103.94599088192956,1040.1460846812702,28.659813844571104,97.18010518290075,103.94599088192956,0.0,0.0,True,True,True,True,True,False,False,False,,
1.0138557544705227,1.0684331470822621,108.62457278303461,1611.2058178749426,32.977745760223335,95.36668938777866,108.62457278303461,0.0,0.0,True,True,True,True,True,False,False,False,,
0.7271211253631868,0.5318229161959033,63.72490288903999,1659.7490814690425,12.668229146896461,141.84463811953142,63.72490288903999,0.0,0.0,True,True,True,True,True,False,False,False,,
0.9950698393090134,1.0194208689390862,73.19038633473292,374.83576521759824,13.437661122506256,123.25536114713286,73.19038633473292,0.0,0.0,True,True,True,True,True,False,False,False,,
0.6252295226199083,0.925813449072129,73.60004179026393,756.8066913775428,14.331176562039538,127.5647544709852,73.60004179026393,0.0,0.0,True,True,True,True,True,False,False,False,,
0.5307518736823761,0.7508461477281918,86.36373726359778,596.3468664960898,18.868288968011914,123.73216544464543,86.36373726359778,0.0,0.0,True,True,True,True,True,False,False,False,,
0.4253112888529997,0.5464003009140924,93.55918375353384,1167.2962464835502,23.427029515362687,131.43178710657338,93.55918375353384,0.0,0.0,True,True,True,True,True,False,False,False,,
0.5120240318811005,1.0324024695088634,88.54993277146767,1451.117505174881,22.027932921593386,117.3912518727635,88.54993277146767,0.0,0.0,True,True,True,True,True,False,False,False,,
1.15470721023692,1.021312180929045,76.51737181913461,166.1358168906163,12.093772536926775,127.11603774950034,70.5155784819617,0.0,0.0,True,True,True,True,True,False,False,False,,
0.8536860105234301,0.6737694996145505,98.1026316510899,1348.75321883091,26.544880345588947,109.65882960372579,98.1026316510899,0.0,0.0,True,True,True,True,True,False,False,False,,
0.4964663463498714,0.7859312407973034,62.52996466133749,240.3074358984625,7.680330597354066,166.27291029271532,55.60911847759779,0.0,0.0,True,True,True,False,False,False,False,False,,
0.7625202737601021,0.8876440495641555,67.72406149297697,1317.8837961195686,13.408783005656836,129.8647246104353,67.72406149297697,0.0,0.0,True,True,True,True,True,False,False,False,,
0.9536835789568393,1.073341671751073,103.38089026702139,1346.1158117700584,29.317157911776118,98.21830898062633,103.38089026702139,0.0,0.0,True,True,True,True,True,False,False,False,,
0.5959587815033283,1.0183100647877996,84.59391672799548,301.44078753099706,11.53672607170732,137.07954689975537,68.23805164633004,0.0,0.0,True,True,True,True,True,False,False,False,,
0.9159536060641099,0.725317152822065,84.68584835699926,1598.5923585910402,20.862472460139045,114.17126662664415,84.68584835699926,0.0,0.0,True,True,True,True,True,False,False,False,,
1.111883089254679,0.5740641359210018,64.39602656685607,368.1325140398587,10.503059366741777,141.21438308138232,64.39602656685607,0.0,0.0,True,True,True,True,True,False,False,False,,
0.8497595944311556,0.7240558680972327,89.46275602328342,626.9299910102814,20.43490932729823,113.76847697110195,89.46275602328342,0.0,0.0,True,True,True,True,True,False,False,False,,
1.0112090583465867,0.5327959235206455,106.92222930200028,1315.8170587620693,30.661493731317062,109.97732663274836,106.92222930200028,0.0,0.0,True,True,True,True,True,False,False,False,,
0.6724135790952801,1.0548681285798436,102.48650313342033,937.3198514977514,27.346646503194815,105.47903179860646,102.48650313342033,0.0,0.0,True,True,True,True,True,False,False,False,,
0.44668952856657057,0.9474561609511278,84.0362747577369,1725.306788606536,20.620966501991568,124.15457326627644,84.0362747577369,0.0,0.0,True,True,True,True,True,False,False,False,,
0.8859339417092349,1.0059707707877241,52.643427882114864,1128.0439462714912,8.355122120799129,154.98148767304642,52.643427882114864,0.0,0.0,True,True,True,False,False,False,False,False,,
0.7966597048040007,0.9253150751378518,91.42364690210468,406.1406131614765,20.668023354674126,110.78781882598689,91.42364690210468,0.0,0.0,True,True,True,True,True,False,False,False,,
0.8040979158581667,0.6378364421423812,85.56752299465961,169.41664600468732,8.639792162670627,154.29163555343632,59.42237512341778,0.0,0.0,True,True,True,False,False,False,False,False,,
0.7783889553739285,1.0017080577351187,52.080511670736584,1426.9001903529045,8.668195058369088,155.79794623529216,52.080511670736584,0.0,0.0,True,True,True,False,False,False,False,False,,
0.991940602514185,0.7076644985725202,69.39850910993842,1656.17340074915,14.720665018458702,127.13613496068287,69.39850910993842,0.0,0.0,True,True,True,True,True,False,False,False,,
0.8571133463669581,0.6552237498143945,91.44280875848496,1052.7363354384474,22.482214948381902,113.26479909546443,91.44280875848496,0.0,0.0,True,True,True,True,True,False,False,False,,
0.7268636472476233,0.8760510214186074,106.89291511568194,1258.0554931446463,30.74256332654737,104.82944209215366,106.89291511568194,0.0,0.0,True,True,True,True,True,False,False,False,,
0.626863892729741,1.0693212173093591,100.32186513021048,350.27925900678133,14.112857867267815,126.53583345755243,75.44167762147848,0.0,0.0,True,True,True,True,True,False,False,False,,
0.5958938360023397,0.5634535737253498,107.74335240748938,445.5686773848825,17.156530256666887,128.82427540416933,82.95819071878277,0.0,0.0,True,True,True,True,True,False,False,False,,
0.8001675808322106,0.8918562376272505,57.41672471686657,1738.6331577731369,10.751506859890199,144.38924060586498,57.41672471686657,0.0,0.0,True,True,True,True,True,False,False,False,,
1.0727013722122951,0.8308814832884572,60.04403693609176,345.38358609436716,9.144701135102217,145.79446298249042,60.04403693609175,0.0,0.0,True,True,True,True,True,False,False,False,,
1.0965330672547307,0.7917634179206154,97.03262178043019,1030.214909009466,25.15514587972238,103.88574424744658,97.03262178043019,0.0,0.0,True,True,True,True,True,False,False,False,,
0.8806170588975908,1.0886076403929272,101.97224123279273,1345.0812555493062,28.533431232260593,99.8061544357295,101.97224123279273,0.0,0.0,True,True,True,True,True,False,False,False,,
0.9115612176993045,0.9179945531272105,75.78319562763613,287.7648946056808,14.164919225421292,122.73267727652572,75.78319562763613,0.0,0.0,True,True,True,True,True,False,False,False,,
1.0226776509036655,0.8270637721030063,71.12012020482898,429.31726312034414,12.831246630898644,127.24078920389815,71.12012020482898,0.0,0.0,True,True,True,True,True,False,False,False,,
0.9695263430306801,1.0830822873573607,55.579259279013016,1435.6978447700062,9.69371551116711,145.5141789402035,55.579259279013016,0.0,0.0,True,True,True,True,True,False,False,False,,
0.6233449388002666,0.7679543235542687,84.02232749718556,141.04283081550415,5.599583669100422,190.43890260807407,47.73723113604458,0.0,0.0,True,True,True,False,False,False,False,False,,
0.787375865310961,0.8868325701966357,85.66780608854386,162.63553851109208,8.122330109429424,155.86197902318003,57.61244067624089,0.0,0.0,True,True,True,False,False,False,False,False,,
0.9275942683797296,1.0249248173566963,50.1957025200804,703.6030793826405,7.0505866047343515,165.53224969049947,50.1957025200804,0.0,0.0,True,True,True,False,False,False,False,False,,
0.6882007483669407,0.9070670518128693,87.31612961129943,1769.3176896768155,22.170790940039005,113.51798324209551,87.31612961129943,0.0,0.0,True,True,True,True,True,False,False,False,,
1.0910518012558053,0.6106238170075148,84.56320027720582,1100.035432265247,19.59464456266701,115.55738799795678,84.56320027720582,0.0,0.0,True,True,True,True,True,False,False,False,,
0.9287593735923978,0.5997999122762387,58.395200128724696,1341.805679988536,10.383063896117475,146.30286486585288,58.395200128724696,0.0,0.0,True,True,True,True,True,False,False,False,,
0.7648251701019262,0.5097963698967364,91.82619023433422,1526.7983900260374,23.473547427019312,120.11800544324875,91.82619023433422,0.0,0.0,True,True,True,True,True,False,False,False,,
0.4365166619348533,0.5663501960813726,102.79767900284963,1763.078215510441,28.240511227204347,127.98098373114213,102.79767900284963,0.0,0.0,True,True,True,True,True,False,False,False,,
0.9762441262003573,0.6513157961834204,103.93284907652271,545.2918749016736,27.018419343927537,107.12380187922079,103.93284907652271,0.0,0.0,True,True,True,True,True,False,False,False,,
1.1999615285350655,0.6854664795713824,73.31560238257856,247.10267622631065,13.229273432699442,126.54959615092936,73.31560238257856,0.0,0.0,True,True,True,True,True,False,False,False,,
0.9522347301039048,0.7967775929700118,86.69555751886307,785.8849606907877,19.68593942452617,112.02239915377565,86.69555751886307,0.0,0.0,True,True,True,True,True,False,False,False,,
0.9726126530689718,0.5371610280296149,107.48518618217607,1496.8472677918421,30.942814306442056,110.17195010292637,107.48518618217607,0.0,0.0,True,True,True,True,True,False,False,False,,
0.4588145743445865,1.0581905089163275,104.70045796484135,481.06192080268266,14.393705387815299,131.7417711998604,75.6373999649251,0.0,0.0,True,True,True,True,True,False,False,False,,
0.9707121346560893,0.9286423607761239,95.85380533225467,321.339307089312,19.84796249532975,109.29373791465609,89.91758919084866,0.0,0.0,True,True,True,True,True,False,False,False,,
1.0873820433882209,0.7785830860739212,70.74198707678818,1694.6731914596687,15.315165215357876,123.49537017576839,70.74198707678818,0.0,0.0,True,True,True,True,True,False,False,False,,
0.5297957072284938,0.7697274411120336,106.75850783642278,1783.804445360182,30.971904946145536,114.78386351429678,106.75850783642278,0.0,0.0,True,True,True,True,True,False,False,False,,
0.4638302331426312,0.6868393476652161,50.726320307877664,1044.3890922233786,7.681210814263724,170.7215139669942,50.726320307877664,0.0,0.0,True,True,True,False,False,False,False,False,,
1.1422052879269746,1.0771685061298615,68.18131496943865,1306.5573418414524,13.587564916301947,123.46249137204735,68.18131496943865,0.0,0.0,True,True,True,True,True,False,False,False,,
0.45698360704968544,0.8704160636500224,103.70899287136544,403.4380314401452,11.98488928132939,141.26293274671016,69.12835577529505,0.0,0.0,True,True,True,True,True,False,False,False,,
0.7397632169231945,0.6279938924662717,66.13887948840306,507.10788128972337,11.287350427721274,140.29187338020745,66.13887948840306,0.0,0.0,True,True,True,True,True,False,False,False,,
0.8968353171253987,0.9725726853157555,62.10349564115254,1206.3034905504737,11.310810328254272,135.7743708152672,62.10349564115254,0.0,0.0,True,True,True,True,True,False,False,False,,
1.1052656650017654,0.5092117686989083,70.31943179784115,355.7962957763863,12.412651615817373,134.64562795480703,70.31943179784115,0.0,0.0,True,True,True,True,True,False,False,False,,
0.9351008442716943,0.8374934038343735,59.350181920862866,1468.7521901929683,10.901931997001979,140.4556437422658,59.35018192086286,0.0,0.0,True,True,True,True,True,False,False,False,,
1.1669673344059026,0.8053635869904252,62.304457088355214,1344.3794496986739,11.644286875518274,134.44616735234834,62.30445708835522,0.0,0.0,True,True,True,True,True,False,False,False,,
0.5018664591623735,1.0082717307559501,90.61419190263985,1607.8659185400677,23.38885606697854,117.07098435390682,90.61419190263985,0.0,0.0,True,True,True,True,True,False,False,False,,
0.4294622768106112,0.7942381830676885,72.5695779416268,667.2694128121243,13.686127550508923,138.107653507345,72.5695779416268,0.0,0.0,True,True,True,True,True,False,False,False,,
0.8042017457899893,1.0612783570791406,62.924100489631655,519.701353395697,10.304351560885904,139.2629680454487,62.924100489631655,0.0,0.0,True,True,True,True,True,False,False,False,,
1.1075467909753707,0.6325286575788345,88.86361155366889,1512.8305667744619,22.59937747097751,111.71642367877675,88.86361155366889,0.0,0.0,True,True,True,True,True,False,False,False,,
0.8528785552038178,0.59837498747085,84.66721791482561,1680.5753224615285,20.678878906798396,118.57763281530002,84.66721791482561,0.0,0.0,True,True,True,True,True,False,False,False,,
0.4146577339518977,0.9210698688200476,64.83632789580393,163.64266775741532,4.379167971024234,222.29165851449332,41.938284260568715,0.0,0.0,True,True,True,False,False,False,False,False,,
0.7850409314594053,0.7743307002207922,91.41355609407627,894.4359483455895,22.002723844146452,112.1293862646648,91.41355609407627,0.0,0.0,True,True,True,True,True,False,False,False,,
1.160536775870637,0.8474883490804923,53.598615538427836,1247.8514173218136,8.821171370089175,151.24195654071588,53.598615538427836,0.0,0.0,True,True,True,False,False,False,False,False,,
0.8716289600420055,1.067652374639343,89.48062468981391,206.5026282815231,11.417243996367317,132.42422047291123,68.30399663137057,0.0,0.0,True,True,True,True,True,False,False,False,,
0.9486985857333466,0.8745147119289498,74.2087840341879,1647.5440244982308,16.550758699596752,119.75590544829241,74.2087840341879,0.0,0.0,True,True,True,True,True,False,False,False,,
0.6129099507730402,0.6746763794212415,80.2317445594348,508.6881368720467,16.252485841165523,126.92827478175047,80.2317445594348,0.0,0.0,True,True,True,True,True,False,False,False,,
0.9908206901500881,0.7238162568094185,107.5607850695848,1786.3744223538827,31.72233503364062,102.67778817981969,107.5607850695848,0.0,0.0,True,True,True,True,True,False,False,False,,
1.1748690357306475,0.7453818780556454,66.42191918503617,1334.7530140551173,13.02295766201659,129.17056129368476,66.42191918503617,0.0,0.0,True,True,True,True,True,False,False,False,,
0.6372111957802307,0.8106685825478643,68.56250066645677,1530.4919579992481,14.107868788651958,131.94256831758233,68.56250066645677,0.0,0.0,True,True,True,True,True,False,False,False,,
0.9612661896991078,0.9612148157007152,61.22131870881844,1742.1673720391705,11.99537930555172,135.37996254049182,61.22131870881844,0.0,0.0,True,True,True,True,True,False,False,False,,
0.7509390324711163,0.7418869568127194,50.255353718875114,1660.2231577999514,8.528333470868441,162.24124303876272,50.255353718875114,0.0,0.0,True,True,True,False,False,False,False,False,,
0.7425871454576831,0.9874390933816228,55.53264626654114,792.1102350190425,8.601154727332522,152.85244574369602,55.53264626654114,0.0,0.0,True,True,True,False,False,False,False,False,,
0.7907979522145754,0.9916710812568867,106.44068641187489,388.76804575218455,19.690789548433834,111.50911170532305,89.26794709296311,0.0,0.0,True,True,True,True,True,False,False,False,,
0.6908372682168569,0.9958259661282487,99.55509962659565,1270.1986633561212,26.931642615013796,106.38104803096931,99.55509962659565,0.0,0.0,True,True,True,True,True,False,False,False,,
1.0508747192069867,0.8069472900741791,64.84745407703058,622.6994544575605,11.12299302141461,134.95877622073988,64.84745407703058,0.0,0.0,True,True,True,True,True,False,False,False,,
0.8941304176545548,0.6041033509458533,67.78498007581602,1609.2200496259857,14.022869619889601,132.43461481520345,67.78498007581602,0.0,0.0,True,True,True,True,True,False,False,False,,
1.0410465356639396,0.5191228904018097,71.69973418594535,1678.2058301301781,15.515380395012214,129.23756465049848,71.69973418594535,0.0,0.0,True,True,True,True,True,False,False,False,,
1.1352008369077407,0.9918363778654541,55.212914519876804,1288.2004639155125,9.348461963533197,146.36951995202978,55.212914519876804,0.0,0.0,True,True,True,True,True,False,False,False,,
0.6759202453963761,0.71653420983197,108.2250789192855,1174.0094741648452,31.116923166146115,109.86631609810087,108.2250789192855,0.0,0.0,True,True,True,True,True,False,False,False,,
0.45936874322168053,0.6692955990748114,55.819907035961634,784.0607517954822,8.633851075783559,161.91041567227785,55.819907035961634,0.0,0.0,True,True,True,False,False,False,False,False,,
0.6448561745382962,0.9068199819315156,98.89774683999372,555.1401361012564,23.192539299938087,111.85381690267235,96.32748991545526,0.0,0.0,True,True,True,True,True,False,False,False,,
1.1585328577430969,0.5675017930865991,88.25014481570531,433.14353343723695,19.475991786158914,115.61870129956455,88.25014481570531,0.0,0.0,True,True,True,True,True,False,False,False,,
1.0650731172935677,0.6620457348908302,55.496854684439946,1302.5831156666054,9.452735519719834,149.7803694079639,55.496854684439946,0.0,0.0,True,True,True,True,True,False,False,False,,
0.48749960219740546,0.5918473682682671,64.60100260922725,1029.0676658129169,11.730566217092846,146.54702333475066,64.60100260922725,0.0,0.0,True,True,True,True,True,False,False,False,,
1.014578733878437,0.829133292733691,102.69586969975266,460.0254305055017,26.14779707247981,102.79119738388789,102.69586969975266,0.0,0.0,True,True,True,True,True,False,False,False,,
0.7616437462118857,0.6460507964729061,73.69297535842156,1192.832209866087,15.337320745950537,127.53999944060234,73.69297535842156,0.0,0.0,True,True,True,True,True,False,False,False,,
0.7876345960342697,0.7035585246044032,105.48292822473172,152.08640662387592,7.5943284034857115,162.5924373988846,55.721793943622636,0.0,0.0,True,True,True,False,False,False,False,False,,
0.6220260202797456,0.6165117407693831,100.52103245936786,106.63972309920227,4.218242229516035,225.06788683571517,41.46496270390646,0.0,0.0,True,True,True,False,False,False,False,False,,
1.0402408729671313,0.8761505163442174,73.81714242895686,1013.980178982294,15.04224483900512,120.33472926396185,73.81714242895686,0.0,0.0,True,True,True,True,True,False,False,False,,
0.657284837811565,0.7379388821970747,53.24593996868748,718.4729294176167,7.850725025871318,162.52335757027504,53.24593996868748,0.0,0.0,True,True,True,False,False,False,False,False,,
0.9854598544495319,0.7984135126146525,79.74587156307078,999.3847775130308,17.31723287638548,116.37463185454841,79.74587156307078,0.0,0.0,True,True,True,True,True,False,False,False,,
0.40596731893915533,0.910768001606097,71.03220529830884,938.7045221532563,13.698658075466973,138.21855835933016,71.03220529830884,0.0,0.0,True,True,True,True,True,False,False,False,,
1.1764332846804368,0.8806196743736674,91.96438254693,826.3077615380822,22.186530108316,104.66160913453717,91.96438254693,0.0,0.0,True,True,True,True,True,False,False,False,,
0.7315548216919823,1.0449673589342343,100.15856683554749,1769.921121060652,28.375934983902862,104.27202524915823,100.15856683554749,0.0,0.0,True,True,True,True,True,False,False,False,,
0.9765856066001913,0.9262497741782812,84.19501422686398,1075.1951538679832,19.351953406275868,110.8006887372896,84.19501422686398,0.0,0.0,True,True,True,True,True,False,False,False,,
0.5521955044441615,0.6272638971271288,64.73021480266183,307.3118748746989,10.425861491932054,148.23538622050756,64.73021480266183,0.0,0.0,True,True,True,True,True,False,False,False,,
0.90286116854318,0.6542354267103153,90.73386081062654,195.9109816111494,11.207623779972003,137.76144629710126,67.71071133182647,0.0,0.0,True,True,True,True,True,False,False,False,,
0.5625942012984138,0.5232498711053029,59.99828622638928,1001.0297533626265,10.242997165080864,152.6406627251396,59.998286226389276,0.0,0.0,True,True,True,False,False,False,False,False,,
0.5787313679899677,1.0441585678866245,51.75550052135806,1650.4541186859785,8.915553724887728,158.74976703690325,51.75550052135806,0.0,0.0,True,True,True,False,False,False,False,False,,
0.5502273387116358,0.941059343156482,87.48173898136022,181.20788971804959,6.382577008190252,178.35979596576115,50.83667440881567,0.0,0.0,True,True,True,False,False,False,False,False,,
1.0037511877974856,0.8301972599393037,67.80413067705928,1392.8637748308943,13.613001239073858,127.33392679959971,67.80413067705928,0.0,0.0,True,True,True,True,True,False,False,False,,
0.6604505595088508,0.8861270283351109,70.79911891826009,988.9263774105262,13.819149206949334,129.2826101598937,70.79911891826009,0.0,0.0,True,True,True,True,True,False,False,False,,
0.7828194835219655,1.097915115830901,87.98001668489147,241.49269543920377,12.034078961835332,130.6540196196834,70.00036607118375,0.0,0.0,True,True,True,True,True,False,False,False,,
0.6744571374285293,0.5769269542761374,58.56028910401404,561.276719347781,9.063489062826525,154.69049391776633,58.560289104014046,0.0,0.0,True,True,True,False,False,False,False,False,,
1.1331588883657622,0.8980134977702809,79.20225565648254,1420.3261300073846,18.09793356668433,113.13509199124583,79.20225565648254,0.0,0.0,True,True,True,True,True,False,False,False,,
0.6931342924311583,0.7170848913199304,94.35834321899777,441.9537950834812,19.71910317521532,117.97635168152456,89.10757510234725,0.0,0.0,True,True,True,True,True,False,False,False,,
0.8801514335156728,0.5223062812816528,102.73907878919191,610.8495071319294,26.584814512086766,114.13503062886535,102.73907878919191,0.0,0.0,True,True,True,True,True,False,False,False,,
0.9615615632471994,1.004527228135637,62.34407277973145,693.8266354221332,10.457262024907914,137.43297384326695,62.344072779731455,0.0,0.0,True,True,True,True,True,False,False,False,,
0.6580718307142249,0.9084815759347986,89.55466022035358,1350.6522274747374,22.328438101531766,113.20685084388525,89.55466022035358,0.0,0.0,True,True,True,True,True,False,False,False,,
0.7762814076592582,0.9128376044973472,88.63788201325791,195.54756640876656,9.64525152906238,144.47836963489993,62.72682398950483,0.0,0.0,True,True,True,True,True,False,False,False,,
1.1414241348528869,0.5362063624371491,61.74426479066434,193.96166001584643,9.376286173137949,148.35745387099593,61.74426479066434,0.0,0.0,True,True,True,True,True,False,False,False,,
0.8488756982958445,0.9764423993921698,86.17230143466068,125.33287839040334,6.727364327102402,169.25375198963306,52.51363192988167,0.0,0.0,True,True,True,False,False,False,False,False,,
0.9229182844345322,0.988576858464213,83.04836804239474,438.2339232905854,17.289400074614072,113.92353817467979,83.04836804239474,0.0,0.0,True,True,True,True,True,False,False,False,,
0.44203874868075216,0.8981752899515082,57.09274656014223,1097.9229882283107,9.519680309243046,155.1517774917265,57.09274656014223,0.0,0.0,True,True,True,False,False,False,False,False,,
1.1784001073890065,0.6387713602514873,51.43927022371305,1529.5632895882081,8.66519806953892,157.75433220838894,51.43927022371305,0.0,0.0,True,True,True,False,False,False,False,False,,
1.1695705990765175,0.9044716397480121,75.60070835300205,1155.680968756076,16.0488613664817,116.59412742084115,75.60070835300205,0.0,0.0,True,True,True,True,True,False,False,False,,
1.0938522816753098,0.9867106486931858,56.49276005667396,1440.7717132275418,9.979765013627906,143.36373613329482,56.49276005667396,0.0,0.0,True,True,True,True,True,False,False,False,,
0.5765554259192172,0.664364490713232,57.25177297613944,888.8330942335893,9.235283036598055,154.89231310324777,57.25177297613944,0.0,0.0,True,True,True,False,False,False,False,False,,
0.8993742553201258,0.5748410064584484,67.66445647988017,818.059793218922,12.419369235768816,135.30663999439457,67.66445647988017,0.0,0.0,True,True,True,True,True,False,False,False,,
1.0302692237825604,0.86833012508035,90.40513908021913,1458.685852826993,23.161916276858875,106.35496229197335,90.40513908021913,0.0,0.0,True,True,True,True,True,False,False,False,,
0.9698151851541946,0.6617710333952972,87.21262074459719,1146.5115528888819,20.850775332215953,113.66193582921096,87.21262074459719,0.0,0.0,True,True,True,True,True,False,False,False,,
0.6482893136960737,0.6168156409499082,59.64364662781996,1452.0618031012432,10.940236435230803,147.33048405651465,59.64364662781996,0.0,0.0,True,True,True,True,True,False,False,False,,
0.9584950001534174,0.5852217219793082,70.83684755742577,1775.462760345366,15.283242256279376,128.78403220267728,70.83684755742577,0.0,0.0,True,True,True,True,True,False,False,False,,
0.8230794944963651,0.6344690439806574,61.867005459318094,377.7888861131239,9.72523695056453,146.94854585342168,61.867005459318094,0.0,0.0,True,True,True,True,True,False,False,False,,
1.1158237664600401,0.7579842143473585,66.35684460912645,702.3074647336039,11.772482439052107,132.25908107284405,66.35684460912645,0.0,0.0,True,True,True,True,True,False,False,False,,
0.9623308522478464,0.8142918107569042,55.485407560118176,1501.1906142286039,9.774058518851177,147.7890592384105,55.485407560118176,0.0,0.0,True,True,True,True,True,False,False,False,,
0.5361969063099231,1.011321964519032,106.3975208885915,308.50021032732894,10.656634639039988,142.8993871060243,65.47980581095554,0.0,0.0,True,True,True,True,True,False,False,False,,
0.8426296085344884,0.9884564536516172,90.6779942962233,143.84717217659392,7.671793961344061,158.69585383915114,56.05140725234724,0.0,0.0,True,True,True,False,False,False,False,False,,
0.9918335319792181,0.7585516897562395,69.81947087471389,1788.974214566521,15.070801244761626,125.74619206639545,69.81947087471389,0.0,0.0,True,True,True,True,True,False,False,False,,
0.8957716458969622,1.0502714183022648,75.05535836216944,940.8043438147869,15.331502234761897,119.08451920937927,75.05535836216944,0.0,0.0,True,True,True,True,True,False,False,False,,
0.893639301689003,0.9959390062323181,56.60073003877057,1309.3237769669788,9.782268205222909,145.1791068934184,56.60073003877057,0.0,0.0,True,True,True,True,True,False,False,False,,
0.8338662966313031,1.0258390913752997,73.627244882544,740.8198223375397,14.355228984382082,122.6091597924425,73.627244882544,0.0,0.0,True,True,True,True,True,False,False,False,,
0.5172291371987654,0.9787830157833886,103.25672827885,1763.9147823925407,29.59773830434607,112.15822456339897,103.25672827885,0.0,0.0,True,True,True,True,True,False,False,False,,
0.8851975643795733,0.6552683663313595,86.8976282488915,1172.772775739602,20.755837174595346,115.21047019904246,86.8976282488915,0.0,0.0,True,True,True,True,True,False,False,False,,
0.7328626269250472,0.950789955535923,55.42697559658981,1164.617918154147,9.186977621145097,150.57767519063597,55.42697559658981,0.0,0.0,True,True,True,False,False,False,False,False,,
0.4690007833124734,1.0366622623423334,85.00216062364254,611.6119153482475,18.295522796774748,123.4694126656829,85.00216062364254,0.0,0.0,True,True,True,True,True,False,False,False,,
0.45918871385087395,1.0821627723598204,56.300230313813806,242.18469502327952,7.177438558765262,170.40825166869672,53.68914011124559,0.0,0.0,True,True,True,False,False,False,False,False,,
1.0579021057283353,0.9662914587217977,105.18462983329286,484.043034662201,27.483982279236315,98.79122375977579,105.18462983329286,0.0,0.0,True,True,True,True,True,False,False,False,,
0.8379763274255005,0.5043439854937933,57.77821819812656,512.2166754769469,8.769487334466277,156.1164910791564,57.77821819812656,0.0,0.0,True,True,True,False,False,False,False,False,,
1.0760888170217928,0.5333140743939474,109.36092376848916,987.7233517835069,31.39401190569165,108.49160419296622,109.36092376848916,0.0,0.0,True,True,True,True,True,False,False,False,,
1.0821819382851685,0.8564059892034166,67.13274840457346,446.5962513854801,11.528196297225522,131.90548735612768,67.13274840457346,0.0,0.0,True,True,True,True,True,False,False,False,,
1.1942016074655335,1.077859826126189,103.8882077448421,1471.1147524089745,30.09140762847069,94.81444028869149,103.8882077448421,0.0,0.0,True,True,True,True,True,False,False,False,,
1.1216821422439494,0.7773498533471004,86.39840783726086,852.9759882613939,19.766680519163632,110.52993677791902,86.39840783726086,0.0,0.0,True,True,True,True,True,False,False,False,,
0.6812730960075846,0.9109180824940617,78.86372072195373,1366.812328314424,17.740620383501664,119.71682627410755,78.86372072195373,0.0,0.0,True,True,True,True,True,False,False,False,,
0.9917396586233035,1.005632606659098,87.19312176949961,577.4165723116681,19.368556816465556,109.00254978955086,87.19312176949961,0.0,0.0,True,True,True,True,True,False,False,False,,
0.6462363823542912,0.5270545873097014,73.94648905673759,250.9842793795878,10.372304292691334,148.52780973500936,64.83902279697745,0.0,0.0,True,True,True,True,True,False,False,False,,
1.0879993218181707,0.66333383050173,83.28408746268276,1317.0001692836956,19.579373828779016,114.74294896069318,83.28408746268276,0.0,0.0,True,True,True,True,True,False,False,False,,
0.502738340145283,1.0917663279058953,86.07020224041311,293.8255529399194,9.52827407485407,149.68063566093204,61.87757469832831,0.0,0.0,True,True,True,True,True,False,False,False,,
0.8685731530658405,0.8403876889651081,101.48644982266394,1303.2243001950112,28.141671635737346,104.02356650772589,101.48644982266394,0.0,0.0,True,True,True,True,True,False,False,False,,
0.4736956191345471,1.0389466544968704,55.82607697878081,1677.756497876672,10.12476007218281,152.99704570617467,55.82607697878081,0.0,0.0,True,True,True,False,False,False,False,False,,
1.0702626022861534,0.9662964948519237,74.80660211818115,339.51157787961426,13.947271099948882,121.3656574733053,74.80660211818115,0.0,0.0,True,True,True,True,True,False,False,False,,
0.5474871559411022,0.9777354489078932,61.58415922493295,1624.5723816333725,11.856360753802692,141.5006642927976,61.58415922493295,0.0,0.0,True,True,True,True,True,False,False,False,,
0.5909639747276613,0.920749268745205,98.67070753571922,1173.163909258636,26.10099576579348,111.33059018316025,98.67070753571922,0.0,0.0,True,True,True,True,True,False,False,False,,
0.4617693840229635,1.0244738919622245,87.65864871427621,1121.5936174018161,20.713371734375542,121.00260205510135,87.65864871427621,0.0,0.0,True,True,True,True,True,False,False,False,,
0.9923561199306277,0.6616609801588926,85.47715112688076,949.2972372964415,19.589391622073233,114.8905535219237,85.47715112688076,0.0,0.0,True,True,True,True,True,False,False,False,,
0.6237812072187605,0.969315553645606,68.10532945810895,1236.656582055632,13.356538421721133,131.58608649707773,68.10532945810895,0.0,0.0,True,True,True,True,True,False,False,False,,
1.1421093446963093,0.8538628203807974,70.69336266412063,1799.6148407770731,15.462848815042493,121.99663370552585,70.69336266412063,0.0,0.0,True,True,True,True,True,False,False,False,,
0.938407587127237,0.6222228161449563,85.94812639022786,742.1079324487436,19.25058697957574,116.80765858514818,85.94812639022786,0.0,0.0,True,True,True,True,True,False,False,False,,
0.6136478355240439,0.6745792138648099,104.54502336649355,551.6206852677624,21.953911271758436,118.6726878774961,93.6693213437701,0.0,0.0,True,True,True,True,True,False,False,False,,
0.609848851863159,1.076748522598728,99.97404998645212,1699.7967577579295,28.20871147389427,107.73737771834587,99.97404998645212,0.0,0.0,True,True,True,True,True,False,False,False,,
1.0362705622852868,0.7858580195841697,50.32402623831519,811.8508715948194,7.252582301671046,164.73365435892055,50.32402623831519,0.0,0.0,True,True,True,False,False,False,False,False,,
0.7158880850838705,0.8556034483889216,105.68465929295694,478.5099799144291,22.069137459459235,111.83310682167037,94.22921339010996,0.0,0.0,True,True,True,True,True,False,False,False,,
1.0573520911192849,0.8543124041429861,101.31934982059974,483.6292093133165,25.566395126649834,102.28419201803177,101.31934982059974,0.0,0.0,True,True,True,True,True,False,False,False,,
0.7693461691137022,0.9536266683347625,92.19763161984828,577.4788739053203,21.470152186089187,109.97390979316233,92.19763161984828,0.0,0.0,True,True,True,True,True,False,False,False,,
0.6131471883219128,0.5180533343513104,55.91964941808798,1708.0676129076958,10.223353080278756,156.4514173862996,55.91964941808798,0.0,0.0,True,True,True,False,False,False,False,False,,
0.6380184552459758,0.8273752751336706,80.69302278226615,1312.4898306581179,18.350156844966005,120.63455165468828,80.69302278226615,0.0,0.0,True,True,True,True,True,False,False,False,,
0.46034372211803537,0.8157871242752779,94.60261248343966,1657.7242784604591,25.139264421227647,120.81566954633549,94.60261248343966,0.0,0.0,True,True,True,True,True,False,False,False,,
1.0120627454070723,0.5101139456636575,56.99367421933044,1442.5057704084559,10.130836000461287,150.1105894945686,56.99367421933044,0.0,0.0,True,True,True,False,False,False,False,False,,
0.6301240981467702,0.6337595593307296,57.85858775118345,1568.6842139231837,10.582820067743695,150.14496251008026,57.85858775118345,0.0,0.0,True,True,True,False,False,False,False,False,,
0.8305469506464151,0.8900198142587025,56.07888399457702,228.1473095307733,7.819126465508306,158.10133050511322,56.07888399457702,0.0,0.0,True,True,True,False,False,False,False,False,,
0.5519814126378133,0.7776864988231318,85.96701694036463,743.6885994799086,19.09722778072834,122.11687121574634,85.96701694036463,0.0,0.0,True,True,True,True,True,False,False,False,,
1.01824762863215,1.0606829939196332,94.53714063757556,453.65811311567245,22.269513133093096,103.55886534198937,94.53714063757556,0.0,0.0,True,True,True,True,True,False,False,False,,
1.0924174643857727,1.0557030280826332,108.69137152789514,424.90095457124215,29.092239691543302,95.83822890369805,108.69137152789514,0.0,0.0,True,True,True,True,True,False,False,False,,
1.019743448292275,0.667270684120308,58.051446423845334,1272.0494345422326,10.162360407419992,145.07704256345636,58.05144642384534,0.0,0.0,True,True,True,True,True,False,False,False,,
0.5061965574574041,0.6269233919828106,94.10773951490364,930.7460450711878,23.12315973154352,123.60172598026786,94.10773951490364,0.0,0.0,True,True,True,True,True,False,False,False,,
0.5375185079625,0.8301169684681642,94.02345988375407,219.0381707229558,7.554606775853482,165.97439278668543,55.24260016420904,0.0,0.0,True,True,True,False,False,False,False,False,,
1.1641581382217643,0.5908595726034624,92.15575574282437,1722.6435193346388,23.98854759852086,110.8571961341676,92.15575574282437,0.0,0.0,True,True,True,True,True,False,False,False,,
1.0518509554077102,0.8398035500083266,89.50071284449808,825.6595316895501,21.043176037993646,108.15915118794588,89.50071284449808,0.0,0.0,True,True,True,True,True,False,False,False,,
0.9531845932751696,0.7307378439756839,53.49213702998374,369.79954260898677,7.372117658223595,163.1282495781439,53.49213702998374,0.0,0.0,True,True,True,False,False,False,False,False,,
0.7245628564898272,0.8686222325941131,106.32133604327808,1503.7817943051268,31.23443222287648,105.13847863367323,106.32133604327808,0.0,0.0,True,True,True,True,True,False,False,False,,
0.9997167932418943,0.9967905544333526,73.05661352616218,519.3159385429676,13.69878046483796,122.6998140385225,73.05661352616218,0.0,0.0,True,True,True,True,True,False,False,False,,
0.48408889316958514,0.7011136989054633,59.42901318582988,291.6248892082748,8.812341811898774,158.54447392853447,59.42901318582988,0.0,0.0,True,True,True,False,False,False,False,False,,
0.7412318078698814,0.9887395214244494,87.59256006244429,1752.606876927195,22.3872244729964,110.9975240560795,87.59256006244429,0.0,0.0,True,True,True,True,True,False,False,False,,
1.0741342587473302,0.7603607760741672,50.606587003693804,831.6810506229045,7.356497008866564,163.723275795249,50.606587003693804,0.0,0.0,True,True,True,False,False,False,False,False,,
0.43315129200169805,0.7012748439766736,84.2294845039717,1773.2615257166165,20.431541911379924,129.26151169394328,84.2294845039717,0.0,0.0,True,True,True,True,True,False,False,False,,
0.9675175789860763,0.6073776711875147,60.26662447541152,1365.4359886336808,11.012508400519643,142.50427047082286,60.26662447541152,0.0,0.0,True,True,True,True,True,False,False,False,,
1.1179606778806692,0.6727758405645108,82.85203946050568,864.2572018673368,18.289532880528945,115.32108575560709,82.85203946050568,0.0,0.0,True,True,True,True,True,False,False,False,,
0.9038429274911532,0.6814613280679237,78.62034872099775,172.67578477283104,9.878796184682638,144.21121206167206,63.60330741611108,0.0,0.0,True,True,True,True,True,False,False,False,,
0.962776903529807,0.7730536684802185,70.33787285533792,100.17921634577078,6.078658811432892,178.84637959877875,49.99990109630324,0.0,0.0,True,True,True,False,False,False,False,False,,
0.637775976290692,1.02644706712739,55.65853506785032,918.1086168375298,8.836376588655039,152.8521214626217,55.65853506785032,0.0,0.0,True,True,True,False,False,False,False,False,,
0.4092197861059212,0.7160622323942097,81.58404152220879,756.4153476442389,17.22661258627697,133.24258686047156,81.58404152220879,0.0,0.0,True,True,True,True,True,False,False,False,,
1.0078479512306129,0.9268903968636872,76.40239100801877,198.44763250966088,12.651490715154674,126.84299501512713,72.00090716754211,0.0,0.0,True,True,True,True,True,False,False,False,,
0.9016781247784477,0.528286137702487,89.88799340827124,891.4540935462263,21.35177920599172,118.0399965152685,89.88799340827124,0.0,0.0,True,True,True,True,True,False,False,False,,
0.5462491554358581,0.5005795867300762,85.86292873582477,106.96302325835293,3.7281728912309626,246.02161932990515,38.91613691223545,0.0,0.0,True,True,True,False,False,False,False,False,,
1.1786794871939392,1.0282922154413559,69.6474870382786,1325.905262408021,14.159134104418143,121.6360662526923,69.6474870382786,0.0,0.0,True,True,True,True,True,False,False,False,,
0.6681603501895761,0.7314148479358129,109.95306206273075,347.86540303457576,14.91462730564449,127.39004623484416,77.6181822623414,0.0,0.0,True,True,True,True,True,False,False,False,,
1.101957740421037,0.7658775165357887,78.56300026245665,514.1119850609734,15.740836823717553,118.62152430685978,78.56300026245665,0.0,0.0,True,True,True,True,True,False,False,False,,
0.4731931002204345,1.052909883101037,104.06827104468942,565.5684245545403,17.49697050145064,124.42279161308818,83.28739481547838,0.0,0.0,True,True,True,True,True,False,False,False,,
1.129048217857585,0.6093924420147079,74.24890423323517,773.953004866458,14.69453443185085,124.77338404198485,74.24890423323517,0.0,0.0,True,True,True,True,True,False,False,False,,
0.6255275550206701,0.8372389457086876,55.10854166132525,1465.2156624117702,9.581236688609613,152.71273215321185,55.10854166132525,0.0,0.0,True,True,True,False,False,False,False,False,,
0.6773621086064028,1.0398352863570302,86.71443565516661,664.7151510103789,19.283509024046953,114.31546146829298,86.71443565516661,0.0,0.0,True,True,True,True,True,False,False,False,,
0.4930823407368372,0.6690678424330823,53.7045785040553,498.3592484842908,7.600080477353734,168.76819335663856,53.7045785040553,0.0,0.0,True,True,True,False,False,False,False,False,,
0.45476364189509016,0.9280936701558433,51.33142495066116,1066.1976664714573,7.872031572948175,167.00022503288048,51.33142495066116,0.0,0.0,True,True,True,False,False,False,False,False,,
1.0848159513251425,0.7107091228360973,65.36987613337392,556.5486500982792,11.167715455376554,135.67668885699624,65.36987613337392,0.0,0.0,True,True,True,True,True,False,False,False,,
1.0461574232101882,0.6918780250395777,89.97979898653247,637.7696664531821,20.748618906615377,111.37718087023363,89.97979898653247,0.0,0.0,True,True,True,True,True,False,False,False,,
1.0614660516850845,0.9053019551079312,71.05852254393463,483.0087401650923,12.924904666285912,125.73208998862458,71.05852254393463,0.0,0.0,True,True,True,True,True,False,False,False,,
1.1371680314231916,0.9726458334942352,58.089325840077564,927.6995234060636,9.587133543940578,142.62240561235993,58.089325840077564,0.0,0.0,True,True,True,True,True,False,False,False,,
0.9358827654253863,0.7285899480880186,99.26004526360651,1566.143831041255,27.560140987255384,106.27347807220677,99.26004526360651,0.0,0.0,True,True,True,True,True,False,False,False,,
0.5813606645932093,0.9728287794089152,53.40141014310499,1504.452113289282,9.147973195798727,155.8463777680356,53.40141014310499,0.0,0.0,True,True,True,False,False,False,False,False,,
0.7074790331649391,1.035206135226265,55.770647494553174,1242.9747546597107,9.4143652378296,149.16060217338517,55.770647494553174,0.0,0.0,True,True,True,True,True,False,False,False,,
0.5345843987461711,0.9165323879802099,59.02929319631401,282.12967136260863,8.692962902188135,155.61149466274622,59.02929319631401,0.0,0.0,True,True,True,False,False,False,False,False,,
0.926865162334863,0.8750937569754944,68.3895635284936,266.3632003076407,11.570611524829731,132.70130628951625,68.3895635284936,0.0,0.0,True,True,True,True,True,False,False,False,,
0.8241065101008811,0.8030243772869947,70.41995527621107,448.8156239255814,12.60627857696843,130.6799045239809,70.41995527621107,0.0,0.0,True,True,True,True,True,False,False,False,,
0.7495320098595281,1.0903958092781036,86.25884647767518,1088.1787739284055,20.210270468228707,111.13506080171021,86.25884647767518,0.0,0.0,True,True,True,True,True,False,False,False,,
1.015012855198559,0.5661743537489724,92.13693333322979,357.9877769728049,20.924381194524184,115.10664773484913,92.13693333322979,0.0,0.0,True,True,True,True,True,False,False,False,,
1.1876940499718462,0.9562105916740897,96.11688913332497,1368.238214814656,25.724178274705327,100.29011797467636,96.11688913332497,0.0,0.0,True,True,True,True,True,False,False,False,,
0.4354353034201671,0.8673245031087693,59.66224478705995,1688.8351524200712,11.321835046115025,149.3509142093145,59.66224478705995,0.0,0.0,True,True,True,True,True,False,False,False,,
0.9558892928955444,0.7279185869125582,79.15560813393691,1324.5632885234597,17.82972136908266,117.87305891209776,79.15560813393691,0.0,0.0,True,True,True,True,True,False,False,False,,
0.9705087015786856,0.6549556884031318,57.99852234622999,1773.6422954137815,11.00456950455302,144.77321423116067,57.99852234623,0.0,0.0,True,True,True,True,True,False,False,False,,
1.0070325058586205,1.011044077725878,98.7946500443821,1165.5714207022243,26.40594833700739,100.40803930119016,98.7946500443821,0.0,0.0,True,True,True,True,True,False,False,False,,
1.100066639116517,0.6281714683901027,81.80867727683435,1357.1018008031324,19.043907124102905,116.59350462289397,81.80867727683435,0.0,0.0,True,True,True,True,True,False,False,False,,
1.1118367556167708,0.6195810753878919,68.12744394404287,548.3406719785353,12.060789860234992,133.17414675273307,68.12744394404287,0.0,0.0,True,True,True,True,True,False,False,False,,
0.7789179148605594,0.7492070301815226,72.50325419129945,753.2571805716062,13.963857965581052,127.98449996947711,72.50325419129945,0.0,0.0,True,True,True,True,True,False,False,False,,
0.5103238244101989,0.9783151864305863,75.41981433434785,459.2542176963481,14.29665425648903,130.52558584362976,75.41981433434785,0.0,0.0,True,True,True,True,True,False,False,False,,
0.817818016348815,1.0864587176863145,92.53844513939774,723.9007666083668,22.054096916276507,106.73076915338092,92.53844513939774,0.0,0.0,True,True,True,True,True,False,False,False,,
0.6356476626792349,1.0527092974771821,69.63194439193458,1300.0908023884256,14.030364166984809,128.49000977698415,69.63194439193458,0.0,0.0,True,True,True,True,True,False,False,False,,
0.5130022166651881,0.6145113449844462,68.25961124369404,1790.2390909541607,14.3134081275701,139.45930283853428,68.25961124369404,0.0,0.0,True,True,True,True,True,False,False,False,,
1.108512305112804,0.6631933698295316,98.30768492253858,1722.4444975766644,27.015240961122423,106.17888424334235,98.30768492253858,0.0,0.0,True,True,True,True,True,False,False,False,,
0.8701855334933088,1.0839603653731533,106.60096902735907,720.9696580612268,28.89515508134753,99.1363187471971,106.60096902735907,0.0,0.0,True,True,True,True,True,False,False,False,,
0.502443321212423,0.6229982608247526,72.15722245042267,1365.1502556021917,15.047451138107048,136.04699870739483,72.15722245042267,0.0,0.0,True,True,True,True,True,False,False,False,,
0.8733180833659155,0.6453173413139415,62.88806036880989,468.42054337965726,10.205287474623761,143.53491036223312,62.88806036880989,0.0,0.0,True,True,True,True,True,False,False,False,,
0.9307540120459699,0.875910086817396,52.2781471507313,1393.2381969976943,8.67658785383368,154.9603720393385,52.2781471507313,0.0,0.0,True,True,True,False,False,False,False,False,,
0.6841498030155133,0.751712816298678,86.30421529266772,479.52065660048123,18.63893063992073,119.0852093473034,86.30421529266772,0.0,0.0,True,True,True,True,True,False,False,False,,
0.4956062314471417,1.001616348421625,70.72995618907478,947.8345141836263,13.657512509469651,133.2210973399861,70.72995618907478,0.0,0.0,True,True,True,True,True,False,False,False,,
1.1733071185881996,0.9263518343359964,109.86258836253538,161.10553398176978,11.911299058362083,128.5780391957333,69.99686360755507,0.0,0.0,True,True,True,True,True,False,False,False,,
0.9393664692944294,0.7051853969029263,86.11463352716113,1215.2516531532235,20.53299853068651,113.60144204088206,86.11463352716113,0.0,0.0,True,True,True,True,True,False,False,False,,
0.9266270844182884,1.0571906138743232,76.62544807642944,1122.5275228541732,16.34547471067565,116.45470709809454,76.62544807642944,0.0,0.0,True,True,True,True,True,False,False,False,,
1.0887436223826334,0.7978609625457374,92.5103383362814,1446.3813649957597,24.150113801914856,105.85132761813789,92.5103383362814,0.0,0.0,True,True,True,True,True,False,False,False,,
0.6092927013698501,0.505479610408141,100.58943315267071,1141.2162726109696,26.97366911753079,122.19970078033008,100.58943315267071,0.0,0.0,True,True,True,True,True,False,False,False,,
1.1389038172435528,1.02158477590736,94.37779495116396,1024.7728490857453,23.866971619320537,101.27674765770645,94.37779495116396,0.0,0.0,True,True,True,True,True,False,False,False,,
0.6669242891742981,1.089353681666022,68.54181904934694,1137.6969402622742,13.322274594174083,129.37161768234932,68.54181904934694,0.0,0.0,True,True,True,True,True,False,False,False,,
0.7055182945971507,1.0408438039681926,101.99860723636219,1247.9435638085404,28.117243783529634,104.5006090663944,101.99860723636219,0.0,0.0,True,True,True,True,True,False,False,False,,
0.6089018866336382,0.5178568213018744,79.57370324667924,253.28275598070593,9.877935591182649,152.22872333575214,63.22574712363192,0.0,0.0,True,True,True,False,False,False,False,False,,
0.8032706970976413,1.0011978579012768,95.73225035818598,929.4813300368784,24.115913036142157,105.83763885397263,95.73225035818598,0.0,0.0,True,True,True,True,True,False,False,False,,
0.7665958441652841,0.769283511627986,83.02461584969001,1755.8686846496917,20.214751494165117,116.84253692265126,83.02461584969001,0.0,0.0,True,True,True,True,True,False,False,False,,
1.053349563991645,0.7649959102280618,65.64512292185387,1716.3385332438468,13.476401796012702,130.36558444958123,65.64512292185387,0.0,0.0,True,True,True,True,True,False,False,False,,
0.7594750588704742,0.6404196622766454,89.51471425087007,1360.1351928600031,22.38824710802773,116.27064338361524,89.51471425087007,0.0,0.0,True,True,True,True,True,False,False,False,,
1.112680903922867,0.7578543937444027,92.88229746152349,1213.7000242663994,23.682869160129382,106.38285597659889,92.88229746152349,0.0,0.0,True,True,True,True,True,False,False,False,,
1.176659218406746,0.5516602852489859,83.13201186817662,1002.4624617502728,18.754361537401362,117.88243898838472,83.13201186817662,0.0,0.0,True,True,True,True,True,False,False,False,,
0.46395737466808334,0.5623959620830192,97.51238399773789,1010.042736195582,24.879073576499795,127.34435735854376,97.51238399773789,0.0,0.0,True,True,True,True,True,False,False,False,,
0.5084376336593956,0.606233888159823,103.43676261579559,1139.8130323199443,28.260461586010575,121.6615520218259,103.43676261579559,0.0,0.0,True,True,True,True,True,False,False,False,,
0.7765155108405193,1.062869960012224,96.48953257142617,663.0210614570356,23.676527348243315,105.88827701699469,96.48953257142617,0.0,0.0,True,True,True,True,True,False,False,False,,
0.7336554081538813,0.9746310838061456,106.9402028484142,1444.3716675365722,31.404321092018122,102.9016430515848,106.9402028484142,0.0,0.0,True,True,True,True,True,False,False,False,,
0.6297737991126517,0.8208645936613457,80.62377530929267,1509.9604598701944,18.786237104683842,120.79260220280524,80.62377530929267,0.0,0.0,True,True,True,True,True,False,False,False,,
0.4276743210542048,0.6825203245564316,93.06956830892887,963.9108046271913,22.633678947052815,127.02603831771646,93.06956830892887,0.0,0.0,True,True,True,True,True,False,False,False,,
0.5080000342973828,0.9129376428372574,101.3006923759977,1605.676855345153,28.521685427902657,114.25105210290928,101.3006923759977,0.0,0.0,True,True,True,True,True,False,False,False,,
0.5622589267357105,0.7132457535639543,52.23869611100004,694.3168658969244,7.538613621940229,167.48218783191976,52.23869611100004,0.0,0.0,True,True,True,False,False,False,False,False,,
0.5470103491606297,0.9972988108673162,83.07973784524881,1569.9148785001637,19.93532664275136,119.37774815346455,83.07973784524881,0.0,0.0,True,True,True,True,True,False,False,False,,
0.5967046624178953,0.8644657551364843,55.45007558566286,436.1335584218242,7.9758930358275855,160.53470762997247,55.45007558566286,0.0,0.0,True,True,True,False,False,False,False,False,,
0.5768208880684386,0.7915500171413028,74.49403891210835,1481.9778281468296,16.218034005300755,127.83600173358057,74.49403891210835,0.0,0.0,True,True,True,True,True,False,False,False,,
0.7736969660622659,0.8874638786948736,59.056089196078204,568.0505035734126,9.228453723195871,147.8508557670268,59.05608919607821,0.0,0.0,True,True,True,True,True,False,False,False,,
0.8694106698848805,1.059118228177465,103.10408386689235,1597.4084196267693,29.93281135007565,99.88537363316857,103.10408386689235,0.0,0.0,True,True,True,True,True,False,False,False,,
1.0254410042762863,0.9553694200080528,94.92783332906568,821.0944998887601,23.510502260725563,103.42985510739157,94.92783332906568,0.0,0.0,True,True,True,True,True,False,False,False,,
1.1026503085899133,0.8417660181382305,67.8694410504554,342.14735937728096,11.565857074645054,131.5839003113573,67.8694410504554,0.0,0.0,True,True,True,True,True,False,False,False,,
0.9167820063184539,0.5876655543777151,96.75201895706812,589.3102668023221,23.650673251404815,112.91610004972355,96.75201895706812,0.0,0.0,True,True,True,True,True,False,False,False,,
1.1814844838508483,0.5216647525273582,102.36092909042021,144.66804077606278,10.761725964934783,140.6230525048095,66.56068914154696,0.0,0.0,True,True,True,True,True,False,False,False,,
0.8444364976793086,0.7015376333540945,77.48043116264557,1630.0205024321056,17.819065204842747,121.06635283602095,77.48043116264557,0.0,0.0,True,True,True,True,True,False,False,False,,
1.0627252806748175,0.8510449401272353,85.55136373245197,972.830038841774,19.695652228084082,110.14904584900059,85.55136373245197,0.0,0.0,True,True,True,True,True,False,False,False,,
0.6433159437852862,0.531675363342757,107.21916527425176,1562.528435820647,30.50151614850598,118.40434720469804,107.21916527425176,0.0,0.0,True,True,True,True,True,False,False,False,,
1.0383331100602193,0.7197205433894861,56.007978787134185,1778.6730941566395,10.395861477760914,146.9231813491852,56.007978787134185,0.0,0.0,True,True,True,True,True,False,False,False,,
0.9151775255982034,0.5589602401876879,74.70332030487543,882.7333753567798,15.074668943520477,127.48877575005169,74.70332030487543,0.0,0.0,True,True,True,True,True,False,False,False,,
0.49948389406732635,0.5548427345373104,83.17263523984066,1576.5707806686062,19.81535992953773,130.53386738891027,83.17263523984066,0.0,0.0,True,True,True,True,True,False,False,False,,
0.5553997360025117,0.5083916141240062,55.1647338639558,1705.5050856986954,9.985592848723122,159.4885841646593,55.1647338639558,0.0,0.0,True,True,True,False,False,False,False,False,,
0.4728194428957403,0.6771135218423336,83.80877399959684,1224.2612893596931,19.337374445965928,128.04495142256692,83.80877399959684,0.0,0.0,True,True,True,True,True,False,False,False,,
0.4226889112940797,0.5592421673691473,96.69447876447305,593.0475123644865,16.470854955462332,137.62419589497986,80.6069837075817,0.0,0.0,True,True,True,True,True,False,False,False,,
0.5818318714910796,0.6651030756851749,102.88218628594453,1048.550253318479,27.798687080926648,116.20520589212347,102.88218628594453,0.0,0.0,True,True,True,True,True,False,False,False,,
0.4438067248368682,0.6969636001889579,60.23767491639008,1586.128785996819,11.326568715408335,150.55345777122645,60.23767491639007,0.0,0.0,True,True,True,False,False,False,False,False,,
0.4208476870440821,0.5551074760015646,80.51212247473796,1601.328686060369,18.696852054444125,136.15505384003598,80.51212247473796,0.0,0.0,True,True,True,True,True,False,False,False,,
0.7599797120869554,0.6981542721660353,98.369992107509,479.9487549080221,23.4703938968387,112.61840582180206,97.23350310223913,0.0,0.0,True,True,True,True,True,False,False,False,,
0.6102353476901679,0.9709711674322078,96.0085951724836,872.4310041728218,23.945763079027365,111.4458525195097,96.0085951724836,0.0,0.0,True,True,True,True,True,False,False,False,,
0.8256080358703087,0.7771919175325674,95.5643346113507,1619.7924747321445,25.837738433865646,108.58383051652582,95.5643346113507,0.0,0.0,True,True,True,True,True,False,False,False,,
0.6920764170911983,0.7792617162570523,53.609331516629595,1525.4436239930317,9.250812866113158,155.13731945536165,53.609331516629595,0.0,0.0,True,True,True,False,False,False,False,False,,
0.6084931954480273,0.9497506007712568,109.89420953776643,663.7049627775642,26.320366218556146,109.7968726332331,102.31348883810685,0.0,0.0,True,True,True,True,True,False,False,False,,
1.093759587961312,1.0140069350190162,77.12654880672457,673.887258844947,15.554029884674256,116.20919371932663,77.12654880672457,0.0,0.0,True,True,True,True,True,False,False,False,,
0.6380959120441151,0.9672112252893096,89.79944167007403,460.29996393822825,18.958171408936295,116.63335478926255,87.2531169406266,0.0,0.0,True,True,True,True,True,False,False,False,,
1.0644647723848077,0.8086952705804135,91.721315081012,1137.3003752429452,22.909438163177143,106.6009576677837,91.721315081012,0.0,0.0,True,True,True,True,True,False,False,False,,
0.6193050047257509,0.5745745311115061,65.95463525268015,1209.170071091661,12.55818207693163,140.6605395903861,65.95463525268015,0.0,0.0,True,True,True,True,True,False,False,False,,
0.41657439219157577,0.6469950512778665,84.49559035557643,1287.5417624585652,19.727240098132874,131.7271378089149,84.49559035557643,0.0,0.0,True,True,True,True,True,False,False,False,,
1.1228125364891475,0.958571937733482,82.32873776763041,1156.426874826705,18.78290800516833,110.23440762561083,82.32873776763041,0.0,0.0,True,True,True,True,True,False,False,False,,
0.7545680239073596,0.8530084061474208,94.56940149777583,279.53419036426396,13.45926277206262,128.05831968564652,73.94080333381133,0.0,0.0,True,True,True,True,True,False,False,False,,
0.7700453767443198,0.5099163007580387,65.29259024551178,217.36213495034835,10.467658277082602,146.40519776145823,65.29259024551178,0.0,0.0,True,True,True,True,True,False,False,False,,
1.0657833594770236,0.9977821903708876,88.32210167802171,472.08337836541136,19.59096031635879,107.82364949327489,88.32210167802171,0.0,0.0,True,True,True,True,True,False,False,False,,
0.5428819645213602,0.9509788909365515,64.93417343236858,1244.4702970579156,12.263692766803157,137.98645110711027,64.93417343236858,0.0,0.0,True,True,True,True,True,False,False,False,,
1.0945195489899784,0.5173121998701306,103.24507797375108,420.7521409758629,26.32455542429933,111.38646225991333,103.24507797375108,0.0,0.0,True,True,True,True,True,False,False,False,,
0.8830041805566218,0.9790038197769223,89.22074581854669,439.77439329850546,19.840870509762254,109.87074604312376,89.22074581854669,0.0,0.0,True,True,True,True,True,False,False,False,,
0.9447370269985594,0.8023435188641035,82.50779087097288,1777.8569769387564,20.081265847092,113.72897293685112,82.50779087097288,0.0,0.0,True,True,True,True,True,False,False,False,,
0.4578359197019766,0.6238175290455065,104.50827225191341,110.73976399901714,3.2528452516845863,271.18684625853444,36.25135353078512,0.0,0.0,True,True,True,False,False,False,False,False,,
1.004793904051473,0.9912201368548534,102.95165992152221,952.7862193743581,27.851152011543856,99.16616646783864,102.95165992152221,0.0,0.0,True,True,True,True,True,False,False,False,,
0.9132147218036902,0.7281131444773835,107.54405163061759,840.1283376485516,29.8194549849298,104.20028573448313,107.54405163061759,0.0,0.0,True,True,True,True,True,False,False,False,,
0.4674025840205293,1.0679600151000845,98.99180654670369,1487.0034708348314,27.043252265386585,115.1434761087123,98.99180654670369,0.0,0.0,True,True,True,True,True,False,False,False,,
0.526274853147966,0.6595205354256555,60.88290532565351,1562.0041128844475,11.510956147198904,147.33779937129142,60.8829053256535,0.0,0.0,True,True,True,True,True,False,False,False,,
1.0559632206674812,0.9152455220518121,72.74704373082272,1106.575718158949,14.84025794445163,120.66453563521178,72.74704373082272,0.0,0.0,True,True,True,True,True,False,False,False,,
0.43808005895733226,0.5045980072981959,51.62349449399049,481.82562973936666,7.031143238860993,179.13745936830045,51.62349449399049,0.0,0.0,True,True,True,False,False,False,False,False,,
0.4531242610393803,0.686703009437541,92.87591378748053,394.86280813466175,11.630089281386178,145.39883903604914,68.10033860705087,0.0,0.0,True,True,True,True,True,False,False,False,,
0.46411165256655285,0.5627480994494837,109.02790772531172,1768.4092393182061,31.208462576882372,125.5762757025606,109.02790772531172,0.0,0.0,True,True,True,True,True,False,False,False,,
0.612111190457317,0.9682062074241752,72.71151173702556,1681.5563839145254,15.966772901159269,126.03087288323051,72.71151173702556,0.0,0.0,True,True,True,True,True,False,False,False,,
0.6024731076100576,0.97663853455563,102.26144245708136,1322.5941106202824,28.383948209234003,108.70810651097375,102.26144245708136,0.0,0.0,True,True,True,True,True,False,False,False,,
0.7633285278692314,0.8999350109113335,64.61120170642698,524.0846367807442,10.834854648301702,138.2905476158246,64.61120170642698,0.0,0.0,True,True,True,True,True,False,False,False,,
0.8145289943284947,0.8740970850793166,66.28129387189927,1453.7140426984736,13.173520207966371,130.87102401248166,66.28129387189927,0.0,0.0,True,True,True,True,True,False,False,False,,
0.7677309986063686,0.5175595704557902,66.7851408418368,1686.0398142409574,13.760692506289216,137.81682461825102,66.7851408418368,0.0,0.0,True,True,True,True,True,False,False,False,,
0.4300726635734445,0.7357237473013759,79.78149199702183,744.7467678828748,16.517694304648458,132.7734448207396,79.78149199702183,0.0,0.0,True,True,True,True,True,False,False,False,,
0.9782941016194094,0.8108219595233179,104.87587740475212,456.0209696457996,27.19911043113286,102.76443294637774,104.87587740475212,0.0,0.0,True,True,True,True,True,False,False,False,,
0.9256501206004702,0.8574762499820823,50.83771299639945,1787.9516217839255,8.893092767021678,157.5599281386893,50.83771299639945,0.0,0.0,True,True,True,False,False,False,False,False,,
1.080045143262382,0.6162335194533405,71.15944788222055,412.88735110768596,12.816291041100838,130.45053395130336,71.15944788222055,0.0,0.0,True,True,True,True,True,False,False,False,,
1.1000990399830648,0.8582166751025937,79.50204166411815,413.9467638901902,15.869261307323473,116.88101791161804,79.50204166411815,0.0,0.0,True,True,True,True,True,False,False,False,,
1.1502395343303329,0.9466586756817661,67.67851928534385,812.543570871135,12.434454699514125,127.20580506183026,67.67851928534385,0.0,0.0,True,True,True,True,True,False,False,False,,
0.5682761489280916,0.74055830771413,56.32828344862716,1753.0843769788817,10.417252715950774,152.21609490544535,56.32828344862716,0.0,0.0,True,True,True,False,False,False,False,False,,
0.7800900457275987,0.5259539012871501,70.01606569162753,1416.6206076084802,14.436109588579214,134.00308940885913,70.01606569162753,0.0,0.0,True,True,True,True,True,False,False,False,,
1.0136468407334784,1.0342030968332694,99.88821861600212,1571.396028700333,28.212193137259646,99.22319808295036,99.88821861600212,0.0,0.0,True,True,True,True,True,False,False,False,,
1.0209612153276457,1.0558927132214082,100.75238960274228,1460.4806165794844,28.323927694316847,98.51459504859152,100.75238960274228,0.0,0.0,True,True,True,True,True,False,False,False,,
0.548036688720712,0.8073091037277043,52.618793234121334,742.617188177587,7.713074121020938,165.35424101920307,52.618793234121334,0.0,0.0,True,True,True,False,False,False,False,False,,
0.466151395260517,0.7642235737619463,93.12384045990937,548.7457354233474,16.720269262017265,129.83465982289405,81.42665078624592,0.0,0.0,True,True,True,True,True,False,False,False,,
1.152242046820208,0.6465014494374688,89.62954516507378,202.70004596966317,14.747941552297345,123.01933377227049,77.80657202997588,0.0,0.0,True,True,True,True,True,False,False,False,,
0.9296190161312353,0.6431921639077207,85.95377139438696,471.5744382736927,18.559654300479703,117.23979773533264,85.95377139438696,0.0,0.0,True,True,True,True,True,False,False,False,,
1.0648966078157418,0.5335423714245066,96.63954018296273,1760.5068117493686,25.819917321213293,112.30733149949066,96.63954018296273,0.0,0.0,True,True,True,True,True,False,False,False,,
0.8596660936202438,1.0686473960686884,89.86343721039424,1080.7296983002107,21.83669513737487,106.91649772482151,89.86343721039424,0.0,0.0,True,True,True,True,True,False,False,False,,
0.7110679854306041,0.6214251950234568,75.72882159366891,1415.8949449516433,16.600290358752243,126.91259312261509,75.72882159366891,0.0,0.0,True,True,True,True,True,False,False,False,,
0.9550712046749525,0.7963685000882195,85.27443737831365,709.6460956632841,18.887298568555092,113.22946416860053,85.27443737831365,0.0,0.0,True,True,True,True,True,False,False,False,,
0.8858654094526948,0.5399979945641251,83.86397594043265,1765.4708619800654,20.235251884095316,120.60662180660628,83.86397594043265,0.0,0.0,True,True,True,True,True,False,False,False,,
0.9866295453502093,1.097341361562413,109.73904847182263,203.11859439457268,12.68347296528566,125.47081560265268,72.07246868893021,0.0,0.0,True,True,True,True,True,False,False,False,,
0.9061916721014255,0.5024970029083807,51.76686764239171,1588.5177000127699,8.840856726046386,161.5855079108054,51.76686764239171,0.0,0.0,True,True,True,False,False,False,False,False,,
1.1174264805166487,0.8085635743583812,81.45604174542348,701.1536090429561,17.322028527493927,114.36560923070317,81.45604174542348,0.0,0.0,True,True,True,True,True,False,False,False,,
0.5795107992182474,0.5247304117968579,106.466478239276,1631.0580699107566,30.02445787893689,121.3538398765876,106.466478239276,0.0,0.0,True,True,True,True,True,False,False,False,,
0.7030335400660565,0.8449552235733176,109.13673601345783,1012.7873874769265,31.080634612347442,105.76150581077866,109.13673601345783,0.0,0.0,True,True,True,True,True,False,False,False,,
0.7923850602701723,0.7154707199230661,96.7242832156626,1483.3962237378178,26.221395973467242,110.2469066539424,96.7242832156626,0.0,0.0,True,True,True,True,True,False,False,False,,
0.7546405581108698,0.7566701790102035,94.90337143843803,120.18713165334229,5.746596880010778,186.2614272291676,48.48602211045478,0.0,0.0,True,True,True,False,False,False,False,False,,
0.4643008887649191,0.6955088675453024,56.524473488668754,113.7188535333025,3.386465536219651,262.6467858919762,36.99418741781796,0.0,0.0,True,True,True,False,False,False,False,False,,
0.6261235315235811,0.8148479013898103,82.02066303131315,1712.8962608726024,19.79170523232022,119.96551566160666,82.02066303131315,0.0,0.0,True,True,True,True,True,False,False,False,,
0.5319601608129713,1.0786637054153827,63.32921589545272,237.22634743503983,8.106261009105053,159.25669801414725,57.19242534568409,0.0,0.0,True,True,True,False,False,False,False,False,,
0.8461726030839705,0.5272998442028163,97.016922083081,1765.5280182728648,25.88317478725642,115.7277143699654,97.016922083081,0.0,0.0,True,True,True,True,True,False,False,False,,
0.4914202101961268,1.0929059719756529,82.21085821939297,491.81404385835094,15.733611945375204,126.70748080310247,79.14882432609058,0.0,0.0,True,True,True,True,True,False,False,False,,
1.1274739949498143,0.7274634667201172,82.00813563603329,818.5269621937229,17.830985488563094,114.88752917804987,82.00813563603329,0.0,0.0,True,True,True,True,True,False,False,False,,
0.72322616258079,0.7767651564134925,82.31531673737837,107.51975799538681,4.928349459271437,202.82577211791644,44.89507504430707,0.0,0.0,True,True,True,False,False,False,False,False,,
0.4181937929405172,0.6095949260917537,53.64216816948947,587.9769237050799,7.715302260439635,171.36772691376754,53.64216816948947,0.0,0.0,True,True,True,False,False,False,False,False,,
0.5844696195924136,0.5366533890535506,79.30088496406435,583.3242775854704,16.056445390905104,132.0490112472105,79.30088496406435,0.0,0.0,True,True,True,True,True,False,False,False,,
1.1182790747198492,0.9798575519185035,58.8396423481532,1270.7525602088406,10.406272131410198,139.31374832338793,58.839642348153205,0.0,0.0,True,True,True,True,True,False,False,False,,
0.7702805397487023,1.093448495169289,74.98831457135287,644.4413478080427,14.633341224051112,121.96888559581937,74.98831457135287,0.0,0.0,True,True,True,True,True,False,False,False,,
0.687017034042785,0.9692123245267714,61.3957509909266,1550.1872983032542,11.682700600109968,138.86020773932412,61.3957509909266,0.0,0.0,True,True,True,True,True,False,False,False,,
0.5218934067856693,0.9669186861133261,62.99986385996374,261.65114296355335,8.786007990114479,154.93552487732856,59.493527762645485,0.0,0.0,True,True,True,False,False,False,False,False,,
1.1728358422839769,0.5786131119163739,74.65774586719802,247.60229101476955,13.70375753354953,127.59649592415184,74.65774586719802,0.0,0.0,True,True,True,True,True,False,False,False,,
0.7488735316069677,0.6212527014450913,93.5351018731607,1161.7339653503761,23.713463893990355,115.43259614394418,93.5351018731607,0.0,0.0,True,True,True,True,True,False,False,False,,
0.6810342299259566,0.7919757864830754,74.86890203136365,324.3223668174403,13.86745709277266,129.0423249536244,74.86890203136365,0.0,0.0,True,True,True,True,True,False,False,False,,
1.0556915493378836,0.8676051975272099,79.23953160853922,1574.4327013575264,18.461473731940426,114.10041232902591,79.23953160853922,0.0,0.0,True,True,True,True,True,False,False,False,,
0.8920534378746163,0.9900712609473903,63.184285162686855,1670.1210194823332,12.520129294823766,132.77006255096188,63.18428516268685,0.0,0.0,True,True,True,True,True,False,False,False,,
0.8475238412228776,1.0777180608705152,93.16741423906402,1070.639283648955,23.330377271977586,105.18598354861669,93.16741423906402,0.0,0.0,True,True,True,True,True,False,False,False,,
0.6245204042406824,1.0635244509506216,107.67832570002318,339.7145194245933,13.631101693769471,128.13195507291994,74.15626866297026,0.0,0.0,True,True,True,True,True,False,False,False,,
0.8098214735121185,0.6808947923075819,81.95935244619228,1715.298631230413,19.678166156771415,118.69684935534602,81.95935244619228,0.0,0.0,True,True,True,True,True,False,False,False,,
1.1958247515858909,0.6204308781192205,78.66043511217873,809.0688084943262,16.46991890970277,119.60831338908211,78.66043511217873,0.0,0.0,True,True,True,True,True,False,False,False,,
1.0252556431338649,0.8321131708250201,52.713330579102504,1282.1353031168373,8.624494800606048,154.16117773873228,52.713330579102504,0.0,0.0,True,True,True,False,False,False,False,False,,
1.122607091120603,0.8407136350108491,62.68676260073839,350.8516466389674,9.94418984442738,140.04033484077604,62.6867626007384,0.0,0.0,True,True,True,True,True,False,False,False,,
0.9317701720419198,0.7039015968304898,55.7319712088941,1782.7002987629935,10.313621845231935,148.56859024821998,55.7319712088941,0.0,0.0,True,True,True,True,True,False,False,False,,
0.6750928810812025,0.5266411967145352,52.74233664198418,392.0374743337608,7.199066256115757,171.17025857626768,52.74233664198418,0.0,0.0,True,True,True,False,False,False,False,False,,
1.1575641081645967,0.6380656160722242,106.83935488951282,1559.900742017439,31.152688957740082,103.4817947318263,106.83935488951282,0.0,0.0,True,True,True,True,True,False,False,False,,
0.8597061243344648,0.8802051700203956,109.57340019128279,1209.3786299634437,32.150663951760166,100.82957910891015,109.57340019128279,0.0,0.0,True,True,True,True,True,False,False,False,,
0.6997168441424533,0.7435039690473901,60.02165907986313,141.55069592997958,6.291619510356343,178.502876044007,50.6681056464541,0.0,0.0,True,True,True,False,False,False,False,False,,
0.5259980398057007,0.5478824550173127,88.03807829276539,364.691020190891,12.394957488029307,142.898198876907,70.51347151214071,0.0,0.0,True,True,True,True,True,False,False,False,,
1.0779296172762747,1.0421104556159815,87.3789183230021,1735.298479983242,22.430510689165832,105.39947653699245,87.3789183230021,0.0,0.0,True,True,True,True,True,False,False,False,,
1.1600286339249224,0.5641226570293886,65.31218137236306,286.11137749662487,10.638050147280502,140.34871909411032,65.31218137236306,0.0,0.0,True,True,True,True,True,False,False,False,,
0.8927874513318956,0.7608206784274287,58.76779712637639,863.657157754132,9.66632977824049,145.75795660548792,58.76779712637639,0.0,0.0,True,True,True,True,True,False,False,False,,
0.8004186555587938,0.8125123137231701,96.05154653767451,407.8468443364594,20.92031046923952,112.08960448429396,91.9866182411034,0.0,0.0,True,True,True,True,True,False,False,False,,
0.919459738534459,0.9954894836801143,69.85126034608035,743.4234622918825,13.024681748160827,126.2593189297733,69.85126034608035,0.0,0.0,True,True,True,True,True,False,False,False,,
1.0960012031758533,1.0832136295498378,58.9835977652106,1557.1828880196028,10.94839854739416,137.47634889744734,58.983597765210604,0.0,0.0,True,True,True,True,True,False,False,False,,
0.6193951096629065,0.8514100008197252,104.48332354471975,824.0696908537133,27.926433362776688,109.99717271445417,104.48332354471975,0.0,0.0,True,True,True,True,True,False,False,False,,
0.5527993163863524,0.9570930483437975,99.87700705663637,980.7089426709147,26.057157278867763,112.19748984961974,99.87700705663637,0.0,0.0,True,True,True,True,True,False,False,False,,
0.5233524374573125,0.7592387466971418,104.99346123131875,1391.4477852647888,29.910465962415852,115.72988085795636,104.99346123131875,0.0,0.0,True,True,True,True,True,False,False,False,,
0.5273747987328077,1.0909826483132434,75.08016391148972,1518.022214219909,16.504761614071054,125.46254741758469,75.08016391148972,0.0,0.0,True,True,True,True,True,False,False,False,,
0.4321799258521536,0.5602553860573865,51.597360835091564,248.87935570566356,6.65886270133486,182.14555491940095,51.597360835091564,0.0,0.0,True,True,True,False,False,False,False,False,,
1.0576069724336707,0.9973821549833557,56.4172070321772,605.7881673669037,8.555047523015133,149.55272119622583,56.4172070321772,0.0,0.0,True,True,True,True,True,False,False,False,,
0.5915415614567502,0.8586091830660159,96.27236230204412,1567.2478447242863,26.093942253281917,113.00799245595562,96.27236230204412,0.0,0.0,True,True,True,True,True,False,False,False,,
0.5839990988857501,0.6798863631597558,66.05223931962357,570.612954436587,11.353121946071152,142.256664839663,66.05223931962357,0.0,0.0,True,True,True,True,True,False,False,False,,
0.9002165652645103,0.5532675510563888,83.95979097747608,1008.8995320105469,19.068980873629293,120.25018177720456,83.95979097747608,0.0,0.0,True,True,True,True,True,False,False,False,,
1.1920954374027288,1.0288917019585453,81.53937368316346,1441.642098482581,19.144714595721826,109.02365403735793,81.53937368316346,0.0,0.0,True,True,True,True,True,False,False,False,,
1.0575532819258489,0.92265949752974,80.26566283427545,430.71340868084366,16.197935262709343,115.62848336754304,80.26566283427545,0.0,0.0,True,True,True,True,True,False,False,False,,
0.47887614746199747,0.8791057028474082,60.44934006990461,524.7712968738697,9.516920759453683,152.262059924564,60.4493400699046,0.0,0.0,True,True,True,False,False,False,False,False,,
0.5611218989930777,0.7286003695318686,68.46020739520787,147.96861723597488,5.3041107793245725,197.4096996330293,46.390698899089486,0.0,0.0,True,True,True,False,False,False,False,False,,
1.1471609813897257,0.6971423338029387,93.30299533083897,1079.722608551718,23.51383622812629,107.40033074344764,93.30299533083897,0.0,0.0,True,True,True,True,True,False,False,False,,
0.7833428214152376,0.6425863521552942,90.14590368485618,1728.622749943749,23.102074697595114,115.3410354921961,90.14590368485618,0.0,0.0,True,True,True,True,True,False,False,False,,
0.4149042298088223,1.0650462198154647,58.34262307389061,1246.5024003071176,10.136991171618625,152.00296708136335,58.3426230738906,0.0,0.0,True,True,True,False,False,False,False,False,,
0.5121017048640417,0.6933371140835723,52.913959644884756,158.8396448559668,5.212387805805248,200.58842922325726,45.91716467689157,0.0,0.0,True,True,True,False,False,False,False,False,,
1.17507187203543,0.9366218992865414,75.69001002135079,431.8560866283052,14.483120125030705,119.13374422311234,75.69001002135079,0.0,0.0,True,True,True,True,True,False,False,False,,
0.8337759922360077,0.678621232385632,75.19121705235335,223.95136436909507,11.86290237963633,135.3113331284364,69.56952655683745,0.0,0.0,True,True,True,True,True,False,False,False,,
0.7590795254083398,0.6697944329394516,54.56222836896234,1368.0493968045037,9.274110510357305,154.1444715461347,54.56222836896234,0.0,0.0,True,True,True,False,False,False,False,False,,
0.8797067983548956,0.7232729936811565,69.87122853430216,676.3556065755736,12.890248484200022,130.40308716058553,69.87122853430216,0.0,0.0,True,True,True,True,True,False,False,False,,
1.1624809753422194,0.6607120694665589,100.82222098168603,1686.5343615339266,28.234752414625707,104.72565747699836,100.82222098168603,0.0,0.0,True,True,True,True,True,False,False,False,,
1.1510656081156783,0.6371806020790767,73.85549596669674,1126.6403601980737,15.310836810985105,123.19955313486732,73.85549596669674,0.0,0.0,True,True,True,True,True,False,False,False,,
1.1283241596307922,0.9852239215940903,83.35311967500994,667.4986269304704,18.015391168656336,110.47292654954964,83.35311967500994,0.0,0.0,True,True,True,True,True,False,False,False,,
0.6436118426931748,1.0071631483501615,108.55341295640392,908.1692727228062,30.335419465582806,105.20076847965613,108.55341295640392,0.0,0.0,True,True,True,True,True,False,False,False,,
1.184905752658186,0.5558572127156826,84.91616916213754,1147.5922968636978,19.882599656083684,116.17979608077196,84.91616916213754,0.0,0.0,True,True,True,True,True,False,False,False,,
0.8475787495026768,0.9230360788052975,91.47668804497161,869.6993609612759,21.989765184500474,108.42632616832054,91.47668804497161,0.0,0.0,True,True,True,True,True,False,False,False,,
0.5656948396253979,0.6642443080914608,88.21579356367735,668.0877965877254,19.858652393796742,123.06630749179116,88.21579356367735,0.0,0.0,True,True,True,True,True,False,False,False,,
0.6977549740028324,0.6628296923636462,75.97504236158917,827.2427601553164,15.386688475973354,127.3902925764528,75.97504236158917,0.0,0.0,True,True,True,True,True,False,False,False,,
0.7992440580152562,0.7660610717212074,72.44154298124248,775.7961137762172,13.992957336447652,127.32568726872418,72.44154298124248,0.0,0.0,True,True,True,True,True,False,False,False,,
1.0243003487275306,0.7110577843931651,53.6845292654696,380.4235199586928,7.442076915160575,162.04426685121896,53.6845292654696,0.0,0.0,True,True,True,False,False,False,False,False,,
1.109372380686594,0.8205867811011545,58.297955209618856,1516.27263965019,10.66240727229097,141.11001133263315,58.297955209618856,0.0,0.0,True,True,True,True,True,False,False,False,,
0.7407971512468321,0.9510771047571946,53.28562149215699,690.9054961532333,7.823016985238395,159.58322690338142,53.28562149215699,0.0,0.0,True,True,True,False,False,False,False,False,,
0.4771781633372682,0.8490081573128669,65.53731437903133,992.9635383520551,11.966029766579277,141.55901218520808,65.53731437903133,0.0,0.0,True,True,True,True,True,False,False,False,,
0.7459467713441275,0.829437681778963,60.07889398969631,1351.6824616772221,10.911644221263677,141.93566841542008,60.07889398969631,0.0,0.0,True,True,True,True,True,False,False,False,,
0.6368652982485931,0.6897632104512835,56.213958245078,511.8181397521426,8.314375330497432,158.90737470798317,56.213958245078,0.0,0.0,True,True,True,False,False,False,False,False,,
0.8982991889449154,0.5345086034811446,98.94248952335872,763.40616931148,25.20927203632159,114.24707180646217,98.94248952335872,0.0,0.0,True,True,True,True,True,False,False,False,,
0.7605843566279886,0.8776304298259356,105.64610008187523,975.235134065537,29.16637961542436,104.50369690979392,105.64610008187523,0.0,0.0,True,True,True,True,True,False,False,False,,
0.9470817477403378,0.8105676492404994,75.83286608669809,1309.8083632877888,16.453955473537047,119.45785932459319,75.83286608669809,0.0,0.0,True,True,True,True,True,False,False,False,,
0.4706093639175585,1.0186858215458354,84.4758020371238,1203.6743995349982,19.566026870644034,122.15046965188418,84.4758020371238,0.0,0.0,True,True,True,True,True,False,False,False,,
1.1704784494154177,1.0542594779780852,102.45351903399775,1706.6385571967876,29.771015937617943,95.95154118445511,102.45351903399775,0.0,0.0,True,True,True,True,True,False,False,False,,
0.7515357508979771,0.6609559816665744,67.6060564299594,451.0058970974491,11.657186142413389,137.8212062348078,67.6060564299594,0.0,0.0,True,True,True,True,True,False,False,False,,
0.7949804039846534,0.6011145681981193,101.502075047495,1184.7655666050318,27.731377972116864,112.23848873273188,101.502075047495,0.0,0.0,True,True,True,True,True,False,False,False,,
1.067217043199117,1.0766716125334186,80.7748486210703,276.614935831445,16.031723346884526,114.3650695703602,80.7748486210703,0.0,0.0,True,True,True,True,True,False,False,False,,
0.8109267921567154,0.8077841303835795,103.86018993825685,208.85607260800808,10.758615625805968,138.72532947495847,66.25701661518914,0.0,0.0,True,True,True,True,True,False,False,False,,
0.6319249829785683,1.0368018530395147,74.40659419649118,1281.8652403573353,15.768448947712965,123.64662625159461,74.40659419649118,0.0,0.0,True,True,True,True,True,False,False,False,,
0.5327700156298687,0.5134556500211664,101.425215926574,595.2814098341967,20.685467954154017,128.5695988816641,90.66685386445333,0.0,0.0,True,True,True,True,True,False,False,False,,
0.4625243700062701,0.5945907590709454,96.2064589324738,1524.161679729799,25.40003361907487,126.27810020017588,96.2064589324738,0.0,0.0,True,True,True,True,True,False,False,False,,
0.8073303859255965,0.6706474247716212,88.19390687913993,1529.0659848875725,22.247378145318205,115.09912693846583,88.19390687913993,0.0,0.0,True,True,True,True,True,False,False,False,,
0.5655748620038904,0.6016937036539792,80.11907002778382,753.4738508356324,16.762531490746078,129.4592512069242,80.11907002778382,0.0,0.0,True,True,True,True,True,False,False,False,,
0.41951613475376015,0.511733756324171,70.85131004007275,1195.7395831885672,14.174039252267544,144.82188985431083,70.85131004007275,0.0,0.0,True,True,True,True,True,False,False,False,,
0.7453929476416516,0.826330048859073,73.98875365296955,764.8045639823953,14.521932188237999,125.76561234705451,73.98875365296955,0.0,0.0,True,True,True,True,True,False,False,False,,
0.6885954971441097,0.8898238843028583,70.36182616876835,1419.747850301121,14.552685635445863,127.86272309384395,70.36182616876835,0.0,0.0,True,True,True,True,True,False,False,False,,
1.0411854775160967,1.0334255161058281,94.77383517297821,1790.7500494044216,25.866288819335775,101.44066984540692,94.77383517297821,0.0,0.0,True,True,True,True,True,False,False,False,,
0.923803198183561,0.7482830256741498,58.901371054886646,1790.080961682008,11.318559205809967,142.10167519141817,58.901371054886646,0.0,0.0,True,True,True,True,True,False,False,False,,
1.01312440836982,0.9034233866449981,78.5795537378638,116.3420293580965,7.428120244295636,160.26210649264468,55.27353051179318,0.0,0.0,True,True,True,False,False,False,False,False,,
0.7507804951042756,1.0632146302728782,79.51572015359825,1756.6959010200167,18.940740789886675,115.6953581367441,79.51572015359825,0.0,0.0,True,True,True,True,True,False,False,False,,
0.4897387473800588,0.616345832219227,58.67064294205589,1492.1591881847953,10.68009710988761,152.9667251549544,58.67064294205589,0.0,0.0,True,True,True,False,False,False,False,False,,
1.1435097755895378,0.9362511442700252,77.16561861651678,1407.5234134482773,17.231930240078796,114.44758963155189,77.16561861651678,0.0,0.0,True,True,True,True,True,False,False,False,,
0.48998935228892965,1.0072793133641984,50.458147968846774,578.3419972158822,6.896879267055298,173.46847127933128,50.458147968846774,0.0,0.0,True,True,True,False,False,False,False,False,,
0.5570484588281135,0.9266004254066408,58.45166122348734,559.1199402738971,9.01303782706938,152.91375955622573,58.45166122348735,0.0,0.0,True,True,True,False,False,False,False,False,,
0.8594634421735727,0.961110388056304,108.65713003673916,1185.7821083500448,31.56551750070679,99.74035445021497,108.65713003673916,0.0,0.0,True,True,True,True,True,False,False,False,,
0.5797095325882107,0.604335582319414,72.96546073197128,1042.464169302195,14.694625531886734,133.87248526145783,72.96546073197128,0.0,0.0,True,True,True,True,True,False,False,False,,
1.1859005981652115,0.7702493414872267,86.5042294920762,572.3103848434497,19.101008132427847,110.85902805548072,86.5042294920762,0.0,0.0,True,True,True,True,True,False,False,False,,
1.0896150895096002,0.6538456736278473,86.4400119035673,337.27892814042946,18.452478419537663,115.26164876632714,86.4400119035673,0.0,0.0,True,True,True,True,True,False,False,False,,
0.5778424630897838,0.8265810962370848,67.63816144822948,730.1244479557512,12.183146810164178,137.14769357606002,67.63816144822948,0.0,0.0,True,True,True,True,True,False,False,False,,
0.5753839303273791,0.5609733923296805,67.00914345189663,832.7251053884377,12.173706562993347,142.25224749748426,67.00914345189663,0.0,0.0,True,True,True,True,True,False,False,False,,
0.9383710073803105,0.76558127208205,82.1445320946928,1010.304991524725,18.318466525678694,115.52722591927572,82.1445320946928,0.0,0.0,True,True,True,True,True,False,False,False,,
1.1694490318158879,0.90717418375916,56.97370141437517,1152.6038440801767,9.640546184320366,143.79912882436403,56.97370141437517,0.0,0.0,True,True,True,True,True,False,False,False,,
0.9910411504425228,0.6158609939146539,80.54796546285453,1411.4225512119463,18.62043328420347,118.9419294445117,80.54796546285453,0.0,0.0,True,True,True,True,True,False,False,False,,
0.547365733907461,0.575559478393384,102.83870853249167,108.83671839856176,3.8013591552924106,241.96197619448387,39.29560875060508,0.0,0.0,True,True,True,False,False,False,False,False,,
1.1833296246050011,0.6935456197368763,64.12972573872086,1479.5962252394934,12.507118271174644,132.94777352057497,64.12972573872086,0.0,0.0,True,True,True,True,True,False,False,False,,
0.5991271845023988,0.5922676377694382,99.24861287289932,633.1008189295961,24.698957456911838,119.6041237677554,99.1547329029005,0.0,0.0,True,True,True,True,True,False,False,False,,
0.6787251506273979,0.7623704248192511,85.14298682221826,460.791036247932,18.112377778383415,119.89890381260643,85.14298682221826,0.0,0.0,True,True,True,True,True,False,False,False,,
0.5759572752669488,1.016174531096996,72.60493048033393,1726.3790322452658,16.008660048642,126.69008244645254,72.60493048033393,0.0,0.0,True,True,True,True,True,False,False,False,,
0.4981272679885057,0.762128492055248,84.3197236149499,1684.6076387562282,20.6132017522067,124.27854839465229,84.3197236149499,0.0,0.0,True,True,True,True,True,False,False,False,,
0.9658450425570655,0.7103090653446805,101.00199178841603,1303.7747513732252,27.94120002444511,105.65847098020944,101.00199178841603,0.0,0.0,True,True,True,True,True,False,False,False,,
1.0804490231434891,1.0734608948978461,87.40112659003587,707.5682399613712,19.81590082962747,106.6783775402734,87.40112659003587,0.0,0.0,True,True,True,True,True,False,False,False,,
1.156869646555878,1.0620230009134803,91.3325107824021,1684.8945221426347,24.254829774251796,101.83532455238552,91.3325107824021,0.0,0.0,True,True,True,True,True,False,False,False,,
1.1474394714061293,0.6698792474351397,98.38682603252134,1494.4815752779723,27.078371680399254,105.56105849415309,98.38682603252134,0.0,0.0,True,True,True,True,True,False,False,False,,
0.949028394433702,0.8004913839867582,83.92501178376929,1736.2336059908992,20.681498903900547,112.68174534548895,83.92501178376929,0.0,0.0,True,True,True,True,True,False,False,False,,
0.7482765715424287,0.6596358914244383,95.77742784949092,953.5148939667733,24.17660364857302,113.56841602953115,95.77742784949092,0.0,0.0,True,True,True,True,True,False,False,False,,
0.6843352237629532,0.7362908914394592,78.51903925851337,1347.5040656593785,17.55660645028244,122.67093112498893,78.51903925851337,0.0,0.0,True,True,True,True,True,False,False,False,,
0.6111939813902649,0.7412135036398942,83.89607515086985,1178.006733104684,19.355896858759046,120.98589887106348,83.89607515086985,0.0,0.0,True,True,True,True,True,False,False,False,,
0.9461886989588947,0.7008795292630908,103.53524225517167,1231.1946643251406,29.02360046298769,105.344634431419,103.53524225517167,0.0,0.0,True,True,True,True,True,False,False,False,,
0.9319479973349335,0.5743977398155106,57.724234252709174,456.58533149660434,8.664751292303237,154.2221650464933,57.72423425270917,0.0,0.0,True,True,True,False,False,False,False,False,,
0.6799132594189168,0.9240487588571413,87.16794577528177,1471.9453621616237,21.5733493862951,113.66370364988899,87.16794577528177,0.0,0.0,True,True,True,True,True,False,False,False,,
0.41334040401031896,1.0943974614673029,92.96523792979744,572.8774846248836,15.558266614552005,131.0953617847266,78.34338013929148,0.0,0.0,True,True,True,True,True,False,False,False,,
0.6421032507133487,0.999628165996368,86.54681656705829,1127.0096679846051,20.385163073777115,114.57124290054357,86.54681656705829,0.0,0.0,True,True,True,True,True,False,False,False,,
0.9575047525411338,0.5725178520506011,82.30596959194688,295.4522351769674,16.653836608049804,122.41430680423898,82.30596959194688,0.0,0.0,True,True,True,True,True,False,False,False,,
0.5486783270541984,0.6939220678739386,85.57638794365707,1793.423309190224,21.087335931362414,122.97071515895867,85.57638794365707,0.0,0.0,True,True,True,True,True,False,False,False,,
0.8585489669214414,0.7715137370828882,54.47140557789952,1602.0025986269927,9.635356358559779,151.083996149922,54.47140557789952,0.0,0.0,True,True,True,False,False,False,False,False,,
0.9609503859948826,0.9820680649457115,100.17717696234537,1126.219834210794,26.96396834550118,100.8458269052562,100.17717696234537,0.0,0.0,True,True,True,True,True,False,False,False,,
1.1273283391881757,0.5888292065668408,95.9551882847027,279.21275707160333,19.947240859988185,114.43759612586969,90.32549274792204,0.0,0.0,True,True,True,True,True,False,False,False,,
0.697333510085455,1.0641894445654283,77.88630895407238,431.5362355751078,15.214286787327149,121.87569685828642,77.88630895407238,0.0,0.0,True,True,True,True,True,False,False,False,,
0.43096892886435983,1.028512838721809,63.824124614977435,361.91074584973194,10.14133126899912,149.34075076148886,63.58302969856544,0.0,0.0,True,True,True,True,True,False,False,False,,
0.7944496327927522,0.50118650350288,96.08677045499847,391.8897308953435,19.941373292062895,122.35378791951764,89.83232180405389,0.0,0.0,True,True,True,True,True,False,False,False,,
0.7755172137558585,0.711997109609479,108.66871706315217,1114.3678677106125,31.255201392664997,107.07622873227643,108.66871706315217,0.0,0.0,True,True,True,True,True,False,False,False,,
0.9060306923443631,0.5536673332396672,56.93996298781292,907.0479752450563,9.204408143195423,152.4575637396995,56.93996298781292,0.0,0.0,True,True,True,False,False,False,False,False,,
0.4595850599977255,0.5020430217231326,107.690151301355,1599.964793895978,30.232255295184014,129.21696321327954,107.690151301355,0.0,0.0,True,True,True,True,True,False,False,False,,
0.7186081671626535,0.9153911357842879,64.07035012865802,709.095375433579,11.005239221345876,138.2961932911111,64.07035012865802,0.0,0.0,True,True,True,True,True,False,False,False,,
0.7305325498343811,0.543060076762517,95.73740030769989,598.2262407464272,23.109755887341393,118.77316788093363,95.73740030769989,0.0,0.0,True,True,True,True,True,False,False,False,,
0.7857246630178726,0.8028771854659746,77.83591005899163,1311.7167191619642,17.22685796114526,120.09307083666164,77.83591005899163,0.0,0.0,True,True,True,True,True,False,False,False,,
1.0908098395707868,0.5661098779881437,62.51984983994413,1111.8709530372118,11.285547838073882,139.76318909641643,62.51984983994413,0.0,0.0,True,True,True,True,True,False,False,False,,
0.8548860332846429,0.9538940249215286,103.77510997944495,790.4864008002843,27.667811918314825,102.07819148631677,103.77510997944495,0.0,0.0,True,True,True,True,True,False,False,False,,
0.9668283267224829,0.9069753799228066,97.15242062714864,1730.6345821455864,26.854058937512946,103.02070214049445,97.15242062714864,0.0,0.0,True,True,True,True,True,False,False,False,,
0.5065449643791823,0.9515333991602304,52.88132567600321,288.5953326696879,7.053222697430037,171.06743948647878,52.88132567600321,0.0,0.0,True,True,True,False,False,False,False,False,,
1.0889965462803768,0.5063887265121999,95.12772562931502,1573.8500168139738,25.03537603749414,113.97542608879702,95.12772562931502,0.0,0.0,True,True,True,True,True,False,False,False,,
0.9262631177842435,0.7917895692653636,50.638499782404175,850.2562896268416,7.389170566429131,164.12997893198684,50.638499782404175,0.0,0.0,True,True,True,False,False,False,False,False,,
0.5593232627933818,0.8334895247835429,95.37053308165494,609.0358172983363,22.200343293422538,117.08554393543652,93.96591712256028,0.0,0.0,True,True,True,True,True,False,False,False,,
0.7639247074236901,1.0379203433030377,62.35505395743796,647.8982598753894,10.359658101494471,139.89472467219215,62.35505395743795,0.0,0.0,True,True,True,True,True,False,False,False,,
0.5845651499538411,0.7390183304528896,72.13196009353005,1093.3356207513607,14.497775085782324,131.49047675073274,72.13196009353005,0.0,0.0,True,True,True,True,True,False,False,False,,
1.0766808887059403,0.9424505781336322,70.87524716350671,1534.8835998303862,15.03511556124626,121.34954454524613,70.87524716350671,0.0,0.0,True,True,True,True,True,False,False,False,,
0.7478145712652766,0.7799524890669525,97.2384407093753,1690.0303126913957,26.5927137085335,109.48958159909866,97.2384407093753,0.0,0.0,True,True,True,True,True,False,False,False,,
0.5694282145568715,0.9450932640051317,94.44885399412102,502.2578081231043,18.546932004259382,119.70487565803094,86.09944226731344,0.0,0.0,True,True,True,True,True,False,False,False,,
0.8850003121586725,0.7320050817262047,89.27601202224629,1481.5402908027131,22.65091235062088,111.64282075957762,89.27601202224629,0.0,0.0,True,True,True,True,True,False,False,False,,
0.9829949569411012,0.6310794924169871,72.62265430547092,783.3477005368279,14.101238513115357,127.27961644185926,72.62265430547092,0.0,0.0,True,True,True,True,True,False,False,False,,
0.4636813271112666,0.9981156042981876,54.14991153381794,595.7679970918311,7.870685086685422,164.30667220735805,54.14991153381794,0.0,0.0,True,True,True,False,False,False,False,False,,
0.5420409459678366,0.6833490059332248,53.92435279196126,494.92199271751593,7.658865940893683,166.72803691622107,53.92435279196126,0.0,0.0,True,True,True,False,False,False,False,False,,
0.7848199124726087,1.0575891324144577,57.518521999740734,911.0701020144774,9.371852649289266,146.5259296678423,57.518521999740734,0.0,0.0,True,True,True,True,True,False,False,False,,
0.5799484620213925,0.8873456493735017,66.56571156844076,129.6992637920711,4.79695529834334,207.26921604429936,44.15510832864696,0.0,0.0,True,True,True,False,False,False,False,False,,
0.404434105905535,1.0611636972523986,96.60403957094094,1281.5747177132857,25.14173465934777,120.6173553923519,96.60403957094094,0.0,0.0,True,True,True,True,True,False,False,False,,
1.066513612217416,0.8892337799980222,50.86510136673846,749.0577025342976,7.294918929215738,162.92777665529474,50.86510136673846,0.0,0.0,True,True,True,False,False,False,False,False,,
0.8802498581227021,0.666739245711589,88.72428739315384,1319.80080344434,21.963413640419883,113.73069922497966,88.72428739315384,0.0,0.0,True,True,True,True,True,False,False,False,,
0.4686853859539332,0.9712887580572426,98.63280842113025,438.30621749335796,13.362945983073217,135.0615064911557,72.97044928607798,0.0,0.0,True,True,True,True,True,False,False,False,,
1.121495599259383,1.0199845123673539,90.45519939664374,450.3006490159689,20.466744198866053,105.48385568713435,90.45519939664374,0.0,0.0,True,True,True,True,True,False,False,False,,
1.0874159624104558,0.9104234289113706,61.40698987655287,1311.263399700558,11.287882299754918,135.369568954722,61.40698987655288,0.0,0.0,True,True,True,True,True,False,False,False,,
1.1433811846254978,0.8197253048278472,80.60060458313615,902.5645043866167,17.459373718530987,114.00511779594166,80.60060458313615,0.0,0.0,True,True,True,True,True,False,False,False,,
0.5327200178322269,0.7836603113912936,55.757880563178965,1328.5088068994012,9.533646448858143,154.62850253799246,55.757880563178965,0.0,0.0,True,True,True,False,False,False,False,False,,
1.0598719932689848,0.7350579967146631,74.18756361342831,730.6441463206833,14.57075022995672,123.02174533461242,74.18756361342831,0.0,0.0,True,True,True,True,True,False,False,False,,
0.8352179191036506,0.5720201743338985,76.90477226663586,1681.0409926737714,17.512548845415036,125.14455681469013,76.90477226663586,0.0,0.0,True,True,True,True,True,False,False,False,,
0.8435756317413892,0.621656632663236,82.95773967663459,1784.3440089359747,20.008325570217174,119.0823571873016,82.95773967663459,0.0,0.0,True,True,True,True,True,False,False,False,,
0.5932117205409009,0.6388007398736749,60.41062276744965,1418.5393274491848,11.116047197418542,146.94809026110843,60.41062276744965,0.0,0.0,True,True,True,True,True,False,False,False,,
0.6086988522489385,1.013829362577373,84.25897496000746,1106.9423008858034,19.33170198251205,116.94178299406552,84.25897496000746,0.0,0.0,True,True,True,True,True,False,False,False,,
0.6690061854301631,1.091845973755599,88.50306537907417,972.4854408180768,20.854157620425188,111.90922702083253,88.50306537907417,0.0,0.0,True,True,True,True,True,False,False,False,,
0.5575821611600351,0.6802679503072783,61.28751261473508,1086.6823647128115,10.793296821407761,146.930746665189,61.28751261473508,0.0,0.0,True,True,True,True,True,False,False,False,,
0.879486595439104,0.959790700592072,63.65757705158839,833.9339405447511,11.124191157328546,135.44428536258533,63.65757705158839,0.0,0.0,True,True,True,True,True,False,False,False,,
0.69935781358973,1.0115669382992754,107.89883307780909,1049.817348177813,30.543618485070805,103.29717109844796,107.89883307780909,0.0,0.0,True,True,True,True,True,False,False,False,,
0.7099132831287415,0.7450158755910316,109.22690249012305,1003.1470831247133,31.10320574670694,107.87166383213514,109.22690249012305,0.0,0.0,True,True,True,True,True,False,False,False,,
0.9138207919576029,0.9650306641681448,52.200207834034934,871.3786914713878,7.83013210178811,158.3891201729805,52.200207834034934,0.0,0.0,True,True,True,False,False,False,False,False,,
0.43060199711129976,0.7349575944857221,105.04438579633809,1700.4512518873312,29.833006078446328,122.28490835407247,105.04438579633809,0.0,0.0,True,True,True,True,True,False,False,False,,
0.6845839995943949,0.5970541730708385,64.35571451224365,1770.7518440833996,13.013885416176807,139.95635340449135,64.35571451224365,0.0,0.0,True,True,True,True,True,False,False,False,,
0.5248735279896629,1.0390317312334418,51.95516902722512,644.0528765229585,7.381947159431091,167.15284604975383,51.95516902722512,0.0,0.0,True,True,True,False,False,False,False,False,,
1.032743361819478,0.8605077100377234,59.85097807970165,511.88113463158953,9.379986066318859,144.356281085235,59.85097807970165,0.0,0.0,True,True,True,True,True,False,False,False,,
0.6796074650098461,0.5807565799749587,93.92872811684126,1084.518042029817,23.637258675823844,118.52763718937818,93.92872811684126,0.0,0.0,True,True,True,True,True,False,False,False,,
1.113363578765692,1.0474371851814848,100.27548177634719,619.0625794176112,25.499515469119192,98.97854865213634,100.27548177634719,0.0,0.0,True,True,True,True,True,False,False,False,,
1.1842862273226613,0.648377938923036,75.80332002228042,947.0061292021715,15.667154520582244,121.1920802827975,75.80332002228042,0.0,0.0,True,True,True,True,True,False,False,False,,
0.7380184913671075,0.5451245646912688,79.71179022188704,174.29886007254828,8.174088144866587,160.6115797191383,57.74287370023121,0.0,0.0,True,True,True,False,False,False,False,False,,
0.49481688742581464,1.064064242869292,108.40531753210712,1203.1966539482166,31.016747537086953,111.18191313652744,108.40531753210712,0.0,0.0,True,True,True,True,True,False,False,False,,
0.9545899627637374,0.6399850792877945,64.9933146490551,769.8340811606348,11.44203116917791,137.20235961595856,64.9933146490551,0.0,0.0,True,True,True,True,True,False,False,False,,
0.9572349867965682,0.5507660861650078,77.38463465506993,506.12132274086474,15.253498377272308,126.25549281980389,77.38463465506993,0.0,0.0,True,True,True,True,True,False,False,False,,
1.1909653929176578,0.8630758642921683,87.61578222940074,206.01812002696818,15.488438889334883,116.98637249718799,79.74799619311266,0.0,0.0,True,True,True,True,True,False,False,False,,
0.6294195887275781,0.7700615182555993,90.64952955695144,290.97809837288037,11.740113765691994,137.94082297633966,68.8997707178396,0.0,0.0,True,True,True,True,True,False,False,False,,
1.1300669736763886,0.5637937093545019,68.44515217473104,1376.2155715450385,13.82014974552196,130.74863923258565,68.44515217473104,0.0,0.0,True,True,True,True,True,False,False,False,,
1.1269443452625723,1.008627611124524,89.11059574448446,1610.2117835504203,22.978972964899217,104.10376778593884,89.11059574448446,0.0,0.0,True,True,True,True,True,False,False,False,,
1.1148025125267216,0.5697866492566979,97.7191367827994,1714.89553543008,26.459469178769105,109.76110524605821,97.7191367827994,0.0,0.0,True,True,True,True,True,False,False,False,,
1.135265195114264,1.0757216522711015,69.5210395046681,792.9669772515558,13.030295955100337,123.81589862202271,69.5210395046681,0.0,0.0,True,True,True,True,True,False,False,False,,
0.5873768728258879,0.8739111283366924,94.0432930698205,282.712311319859,10.659453608977586,142.6096163422615,65.60671316852239,0.0,0.0,True,True,True,True,True,False,False,False,,
0.7039590552372414,0.7364333132316638,73.29615962962203,844.3125242837267,14.429331746532602,128.327712149241,73.29615962962203,0.0,0.0,True,True,True,True,True,False,False,False,,
0.7528188912108136,0.8722806371132872,65.89193361617461,749.9238678824231,11.676474002385316,135.1117435893671,65.89193361617461,0.0,0.0,True,True,True,True,True,False,False,False,,
0.7897197462026884,0.6832165039649791,84.7664419440441,213.58378156954578,10.722153857155977,140.98721555835317,66.1208051050877,0.0,0.0,True,True,True,True,True,False,False,False,,
0.9213928925898819,0.9219473998430681,99.14557760382748,1623.534050771594,27.835428832885206,102.54097138796244,99.14557760382748,0.0,0.0,True,True,True,True,True,False,False,False,,
0.4217498690457585,0.6797285231570322,75.65686585637886,1305.2456286053289,16.19721792360731,135.88287575589973,75.65686585637886,0.0,0.0,True,True,True,True,True,False,False,False,,
0.9360818587956191,1.0463812341430936,70.07455451190816,139.44180145795957,8.244897323231834,152.11447084706467,58.16622854381042,0.0,0.0,True,True,True,False,False,False,False,False,,
0.5192102457870397,0.8303856924556337,70.58298635888816,1771.665122278296,15.302093856982692,132.71517055088185,70.58298635888816,0.0,0.0,True,True,True,True,True,False,False,False,,
0.4264177616409577,0.5951891100239832,56.44268298655493,1394.013291493636,9.824347671667514,159.74203652868937,56.44268298655493,0.0,0.0,True,True,True,False,False,False,False,False,,
0.7358504718957474,0.7532135017617463,82.58778198501551,668.8796833691596,17.615400706069458,119.82903321121928,82.58778198501551,0.0,0.0,True,True,True,True,True,False,False,False,,
0.48937852097607504,0.5794490345991172,99.19542940991226,1022.9056756596144,25.764035634931176,124.745925569712,99.19542940991226,0.0,0.0,True,True,True,True,True,False,False,False,,
1.1357527152440583,0.8318448024184428,101.6430795513607,642.8200527857499,26.254526490608747,101.27004167813276,101.6430795513607,0.0,0.0,True,True,True,True,True,False,False,False,,
0.8210922135701098,0.9402041319399883,67.98003996619798,1326.7601936250044,13.52529699761809,128.06009246814108,67.98003996619798,0.0,0.0,True,True,True,True,True,False,False,False,,
0.8203702866911875,0.5433635124420237,74.54899042295388,807.6719732204432,14.837282884359947,129.7644537936096,74.54899042295388,0.0,0.0,True,True,True,True,True,False,False,False,,
0.799900298300745,0.8968826184391976,70.40159244434031,1518.5706563520007,14.79064162777788,125.57686705669394,70.40159244434031,0.0,0.0,True,True,True,True,True,False,False,False,,
0.5555114834614584,1.0148458801408862,93.33683089400128,469.02213944821784,16.884164489969944,122.39569242123277,82.17896945832918,0.0,0.0,True,True,True,True,True,False,False,False,,
0.5899635609776978,0.5611936160025549,100.92942815482184,1354.809435881391,27.608336973904127,120.17394815622171,100.92942815482184,0.0,0.0,True,True,True,True,True,False,False,False,,
0.70364703039859,0.6028649274226959,92.44994304393865,1083.8137965061821,22.9604919180877,117.66221943846391,92.44994304393865,0.0,0.0,True,True,True,True,True,False,False,False,,
0.46344213919240596,0.6817895925332846,92.07419346377281,409.006817742419,12.319278108117674,142.50058686070994,70.09394966018684,0.0,0.0,True,True,True,True,True,False,False,False,,
0.7687062350297356,0.6120462127670804,83.16059335016129,1638.9530229935824,20.053970100565632,120.55893766366705,83.16059335016129,0.0,0.0,True,True,True,True,True,False,False,False,,
1.0662516345471738,1.076208658653072,67.04586037427617,255.27312364484385,11.124576251999525,131.91544054438478,67.04586037427617,0.0,0.0,True,True,True,True,True,False,False,False,,
0.4959968206818533,0.989559458846988,79.00582066998294,184.04000416692082,5.861762531303674,187.12296808997925,48.64218354490443,0.0,0.0,True,True,True,False,False,False,False,False,,
0.7461904786215963,1.0129822480991688,104.53386217222281,157.367733151477,7.454412752804581,161.82137074811303,55.1696456648734,0.0,0.0,True,True,True,False,False,False,False,False,,
0.611400671864054,1.0748723820092287,109.15871433521355,1162.7972491090454,31.493555851437492,105.07009348956018,109.15871433521355,0.0,0.0,True,True,True,True,True,False,False,False,,
0.8477715145088816,0.7699361747937636,103.73077916317104,725.2808708289809,27.429354402194953,105.80072188021978,103.73077916317104,0.0,0.0,True,True,True,True,True,False,False,False,,
1.1926740971690752,0.5409460815466225,108.32561117072834,774.6775074571028,30.14855485295336,107.11785442203065,108.32561117072834,0.0,0.0,True,True,True,True,True,False,False,False,,
0.5203580321885106,1.0899691204745336,108.10567030602749,274.19834725297176,9.186106047866751,151.35469567275695,60.813646639228,0.0,0.0,True,True,True,False,False,False,False,False,,
0.8521642678632808,0.9773311736309659,100.4521262206272,1592.2187285117914,28.49700166004787,102.37770382065439,100.4521262206272,0.0,0.0,True,True,True,True,True,False,False,False,,
0.4066145132784686,0.7343254295856567,86.75725901141283,1532.0354898806488,21.31600681678558,129.1352318642238,86.75725901141283,0.0,0.0,True,True,True,True,True,False,False,False,,
0.6126143145073464,0.7348707120622804,103.59374505484487,955.5747390175393,27.897498285022042,112.91199096954847,103.59374505484487,0.0,0.0,True,True,True,True,True,False,False,False,,
0.9495703366435239,0.7255835978092424,86.20187827865693,1143.2339569909595,20.389565594641468,113.07220220315709,86.20187827865693,0.0,0.0,True,True,True,True,True,False,False,False,,
0.8159519004500251,1.0066863648753066,60.56928201906134,838.3886140070022,10.159648649426295,141.06999808381553,60.56928201906133,0.0,0.0,True,True,True,True,True,False,False,False,,
0.47750155593655996,0.7201641292298011,91.16640336987965,1509.2404066463023,23.348897831761683,123.09598062964119,91.16640336987965,0.0,0.0,True,True,True,True,True,False,False,False,,
0.4864771207689492,0.7331439375151728,88.01074391864842,1397.22125898907,21.61780336833632,123.69944509478324,88.01074391864842,0.0,0.0,True,True,True,True,True,False,False,False,,
0.5432058056408572,0.9987845216019213,77.69479184492226,1174.3875899245193,16.772535179422743,124.11512295642233,77.69479184492226,0.0,0.0,True,True,True,True,True,False,False,False,,
0.4072456443625207,1.0673890096424548,79.45916921367996,204.73228295752006,5.394505533726699,197.67451352875017,46.48778857319818,0.0,0.0,True,True,True,False,False,False,False,False,,
0.6403007097537105,0.5964387941930989,57.21543325977211,1555.3962895916295,10.363660136217806,151.82879551013846,57.21543325977211,0.0,0.0,True,True,True,False,False,False,False,False,,
0.500464365545873,0.5294170249375554,102.31995152828884,851.5368140934755,26.766051231602226,125.89059960723729,102.31995152828884,0.0,0.0,True,True,True,True,True,False,False,False,,
0.7952201152290967,0.7726795803671461,63.983704089091304,1201.4911225116857,11.908103588898115,136.26456221187746,63.98370408909131,0.0,0.0,True,True,True,True,True,False,False,False,,
0.7302312000486955,0.6423741098437964,82.04114547824254,1195.0975109905319,18.666421417162997,121.39975231297161,82.04114547824254,0.0,0.0,True,True,True,True,True,False,False,False,,
0.49264333042963726,0.6466245683919476,72.10846588873896,1687.3295948099092,15.702090451065096,135.6941157452819,72.10846588873896,0.0,0.0,True,True,True,True,True,False,False,False,,
0.6550969804048983,0.9084291518842558,102.90339590944753,1491.7175559818913,29.317221605049152,107.59520513107492,102.90339590944753,0.0,0.0,True,True,True,True,True,False,False,False,,
1.0191455043960502,0.8953697776960019,72.87088111006828,205.35090512730514,12.967502508116288,125.91300740012232,72.87088111006828,0.0,0.0,True,True,True,True,True,False,False,False,,
0.5373016234323547,0.9257055709601674,54.22683554063425,903.8900367710901,8.403007401750454,159.12116294852586,54.22683554063425,0.0,0.0,True,True,True,False,False,False,False,False,,
0.8730624544866727,0.7042712690093135,99.57016957644832,1291.8663143964704,27.124767947914908,107.87161519224765,99.57016957644832,0.0,0.0,True,True,True,True,True,False,False,False,,
0.8377099047731467,1.0544473192081165,101.26868290939797,1753.5466741584535,29.014716043438092,101.29598385496986,101.26868290939797,0.0,0.0,True,True,True,True,True,False,False,False,,
0.8184928599832291,0.8860136377144818,107.77814022309795,639.4611345942831,29.18943781268978,102.86761636249761,107.77814022309795,0.0,0.0,True,True,True,True,True,False,False,False,,
1.1720137520890401,0.8280392329501013,57.58152612662657,429.81460884312594,8.58905558887502,149.50364822501024,57.58152612662657,0.0,0.0,True,True,True,True,True,False,False,False,,
0.9841779578765573,0.831998174699994,98.36415229390072,1570.997922104002,27.339476026218264,103.59479591076129,98.36415229390072,0.0,0.0,True,True,True,True,True,False,False,False,,
0.8449633792355173,0.543912057096967,108.41097377996,608.0087209188812,29.430394216320874,112.36930009188382,108.41097377996,0.0,0.0,True,True,True,True,True,False,False,False,,
1.0867733992984074,0.6601530414626537,77.77387587403703,1273.58489487389,17.167858242584987,119.20652454115572,77.77387587403703,0.0,0.0,True,True,True,True,True,False,False,False,,
0.5309950636123557,0.7536809603621345,52.40091334435912,1013.7009675707276,8.08333851656102,164.14766614353294,52.40091334435912,0.0,0.0,True,True,True,False,False,False,False,False,,
0.7050538484984082,1.024023956000479,105.14626319087529,1780.1998549964133,30.864816882686117,103.45208524777031,105.14626319087529,0.0,0.0,True,True,True,True,True,False,False,False,,
1.1520709453203883,0.9877954994725824,79.8241753695409,167.67090814489057,12.178853803996665,127.04775274916591,70.75969771238134,0.0,0.0,True,True,True,True,True,False,False,False,,
0.964946744602505,0.890979067510479,50.43555190567728,735.3474346110002,7.161248360637406,165.03402450124509,50.43555190567728,0.0,0.0,True,True,True,False,False,False,False,False,,
1.157765310218171,0.9502806774337832,105.0780870557204,625.5071429982838,27.93673225776941,97.5029997140853,105.0780870557204,0.0,0.0,True,True,True,True,True,False,False,False,,
0.501162544504352,0.8497654455175543,69.30980167370066,1594.045320482593,14.467520158857182,134.53460825803631,69.30980167370066,0.0,0.0,True,True,True,True,True,False,False,False,,
0.890184030784241,1.0504377247213164,92.46720784678051,134.0692967755146,7.543133099783728,159.1330127491246,55.618857543537246,0.0,0.0,True,True,True,False,False,False,False,False,,
1.018104209402222,0.7572490652484656,101.39464678032826,1782.4695441191263,28.702623854422374,103.51933195937139,101.39464678032826,0.0,0.0,True,True,True,True,True,False,False,False,,
0.5376077711002363,0.598620711406042,101.55795400743295,1263.4124216209902,27.751581862923373,120.78541821230807,101.55795400743295,0.0,0.0,True,True,True,True,True,False,False,False,,
0.4422205452368073,0.9042943562069976,55.83933962060014,1491.6958966265215,9.812974001203395,155.67632927778376,55.83933962060014,0.0,0.0,True,True,True,False,False,False,False,False,,
0.6963256923121033,1.0779571631909777,92.720766831944,1175.4794601138478,23.338625141230313,108.49307266925521,92.720766831944,0.0,0.0,True,True,True,True,True,False,False,False,,
0.8089473660660457,0.6295339818203557,86.85622844752135,1741.4730894314241,21.65543860709419,116.99121909143645,86.85622844752135,0.0,0.0,True,True,True,True,True,False,False,False,,
0.9021283292256396,0.6597353675546845,66.49387108985279,1077.8191320131382,12.52885289803198,133.75123671135216,66.49387108985279,0.0,0.0,True,True,True,True,True,False,False,False,,
1.0348557604907613,0.8185659112844923,74.60895360187877,1003.8013145175903,15.31907493042675,120.39789514494926,74.60895360187877,0.0,0.0,True,True,True,True,True,False,False,False,,
0.42785760935355016,0.787322572246474,76.5855021093461,1253.5776149841417,16.44563538201238,132.85152856467553,76.5855021093461,0.0,0.0,True,True,True,True,True,False,False,False,,
1.0824840873959483,0.8660526123947763,72.46740960012244,476.7211020259798,13.407697135731675,124.2029831587592,72.46740960012244,0.0,0.0,True,True,True,True,True,False,False,False,,
1.1658601765333572,0.632767737752612,99.61413373053162,1341.0644429811146,27.41181327768672,106.03173642869976,99.61413373053162,0.0,0.0,True,True,True,True,True,False,False,False,,
1.1050683735025228,0.6140772206790122,100.0838197598624,1115.9169652754872,26.939390067165093,107.29140335184988,100.0838197598624,0.0,0.0,True,True,True,True,True,False,False,False,,
0.5744246568447304,0.8078296197174704,77.60070493094881,823.713922653277,15.953352749406786,126.56095148376937,77.60070493094881,0.0,0.0,True,True,True,True,True,False,False,False,,
0.5911835925435305,0.6458584513017185,94.1934726840762,1491.2253977490673,24.78998000310046,118.87683519536886,94.1934726840762,0.0,0.0,True,True,True,True,True,False,False,False,,
0.4962864205466483,0.5227220986945981,71.6884135280216,221.85623353964266,7.08229694768436,176.0913982728578,53.42192244408279,0.0,0.0,True,True,True,False,False,False,False,False,,
1.0685423522018112,0.5140673079057952,66.82400643636204,1249.048810724356,12.989865240248443,134.98525232615182,66.82400643636204,0.0,0.0,True,True,True,True,True,False,False,False,,
1.198461713145778,0.9702825209697179,84.23675952051079,679.367106252263,18.421289136686628,109.21591604026831,84.23675952051079,0.0,0.0,True,True,True,True,True,False,False,False,,
0.9055272937974551,0.5587127946471686,63.590359952335426,114.53078218282938,6.547161974289355,175.3407330578386,51.84768674174252,0.0,0.0,True,True,True,False,False,False,False,False,,
0.763147304451957,0.5905048375277645,109.81028303079518,1031.6074003462923,31.573143153903295,111.49277257630574,109.81028303079518,0.0,0.0,True,True,True,True,True,False,False,False,,
0.8746246555028694,0.9343967281732458,60.1214316180833,298.6906969851118,9.073006588136892,146.9429555023359,60.12143161808331,0.0,0.0,True,True,True,True,True,False,False,False,,
0.4783053280716677,0.8121094375331941,68.19168013218766,665.0295944735176,12.20707351948917,140.37580122853836,68.19168013218766,0.0,0.0,True,True,True,True,True,False,False,False,,
0.781055623973363,0.5456939363130602,63.67957082917616,400.996336877801,10.315112100693835,146.11151365318872,63.67957082917616,0.0,0.0,True,True,True,True,True,False,False,False,,
0.6012819161623666,0.9734539411235816,72.29408411282837,778.2362617120327,13.898449638995368,129.04090309408807,72.29408411282837,0.0,0.0,True,True,True,True,True,False,False,False,,
0.47112089228631154,0.7577311400636983,52.26875318427504,1139.2714124030929,8.238787289554738,165.2425613553625,52.26875318427504,0.0,0.0,True,True,True,False,False,False,False,False,,
0.8284429071002843,0.9665804069987858,57.1376140033759,1050.6646832320992,9.500518832045753,146.40932400530392,57.1376140033759,0.0,0.0,True,True,True,True,True,False,False,False,,
0.9463991458531749,0.6288739886945289,74.83968221886671,1453.379344965664,16.37777840246281,123.83689416122918,74.83968221886671,0.0,0.0,True,True,True,True,True,False,False,False,,
0.42263535804899643,0.7104151858922334,105.43839081022264,1207.3764557198365,29.3096184905397,123.60650371565498,105.43839081022264,0.0,0.0,True,True,True,True,True,False,False,False,,
0.8742155330793596,0.5146254525692777,79.08670335207441,801.2019112470392,16.570977844265048,126.08863824350487,79.08670335207441,0.0,0.0,True,True,True,True,True,False,False,False,,
0.6190082814134042,0.6583667464678089,55.04835046389409,1108.8677663941385,8.976835262458275,156.92688732416713,55.04835046389409,0.0,0.0,True,True,True,False,False,False,False,False,,
0.44814400556947714,0.9112757694654157,53.90248882140912,295.25856220346503,7.316032508679975,170.33813567736217,53.90248882140912,0.0,0.0,True,True,True,False,False,False,False,False,,
0.7977391382500014,0.927210728528428,67.24782235613156,1055.2422493200795,12.731098936161041,130.42142342867047,67.24782235613156,0.0,0.0,True,True,True,True,True,False,False,False,,
0.492548930399703,0.6067712389998593,52.29663016537401,451.4137239606622,7.161435605876485,173.9711421205451,52.29663016537401,0.0,0.0,True,True,True,False,False,False,False,False,,
1.1625832921127945,0.9484093954814421,75.50933736906843,1045.556714395523,15.769543708192261,116.60602144399634,75.50933736906843,0.0,0.0,True,True,True,True,True,False,False,False,,
0.9781777917131073,0.584629395949175,60.27969027440606,1178.1301072063716,10.68515590249778,143.46952689318607,60.27969027440605,0.0,0.0,True,True,True,True,True,False,False,False,,
1.074690035759609,0.7173888942474609,104.43506938249779,1021.1533739000031,28.871872199992843,102.91418964800563,104.43506938249779,0.0,0.0,True,True,True,True,True,False,False,False,,
0.9617203482184608,0.5940284405738159,52.86118887670261,1769.2747432350525,9.440078105974601,156.2255163455071,52.86118887670261,0.0,0.0,True,True,True,False,False,False,False,False,,
0.8642143185138764,0.9901943167140898,100.33350724674686,1750.002213537718,28.48425377340402,102.02134591074712,100.33350724674686,0.0,0.0,True,True,True,True,True,False,False,False,,
0.8164183483131868,0.7671432534895544,85.1890248785152,1712.0727952175882,21.15225212244304,114.43585902685953,85.1890248785152,0.0,0.0,True,True,True,True,True,False,False,False,,
1.0237299429402102,0.8798207550882512,89.53515464197207,245.6489774897514,15.93629371449066,117.12338597933426,80.73608424573756,0.0,0.0,True,True,True,True,True,False,False,False,,
0.4947333130157413,1.0532378461542709,85.68668421577217,1461.2848032132872,20.760871298337715,119.5103581757276,85.68668421577217,0.0,0.0,True,True,True,True,True,False,False,False,,
0.6053579683169827,0.648231152173684,101.1885670967014,1695.0813788458768,28.046490260483942,116.10856719454983,101.1885670967014,0.0,0.0,True,True,True,True,True,False,False,False,,
0.7761632699182653,0.6515741121566615,51.00145982711066,471.7752771547398,6.889170244450888,171.30243812471434,51.00145982711066,0.0,0.0,True,True,True,False,False,False,False,False,,
0.4613667252658023,0.9159449968503419,105.42533273723609,159.44684722661952,4.729310140854676,211.2751999166795,43.6665219149722,0.0,0.0,True,True,True,False,False,False,False,False,,
0.8918604389312881,0.751982191028371,80.1373853111055,1546.9532538186709,18.74785660101024,117.22630614704856,80.1373853111055,0.0,0.0,True,True,True,True,True,False,False,False,,
0.46640536569539637,0.6150483383012264,66.76675761057483,1542.3126729633539,13.440744546380827,142.97925329825196,66.76675761057483,0.0,0.0,True,True,True,True,True,False,False,False,,
0.7780708201808102,0.8136127328771219,73.75654099105537,1241.9818923594619,15.470584484320417,123.96104562739964,73.75654099105537,0.0,0.0,True,True,True,True,True,False,False,False,,
0.9773898284367337,0.6613638587466009,71.66888237253264,408.1147487019389,12.972477866680084,129.8691490238465,71.66888237253264,0.0,0.0,True,True,True,True,True,False,False,False,,
0.9353240246513609,1.053562005455447,104.94141134785636,1266.2858058021484,29.878179201677266,98.21236682164354,104.94141134785636,0.0,0.0,True,True,True,True,True,False,False,False,,
0.6884946355542212,1.0296434837233965,78.83119887400242,724.3703982545434,16.244028231567654,120.0306468067991,78.83119887400242,0.0,0.0,True,True,True,True,True,False,False,False,,
0.5723255296915364,0.5913716626351734,90.78973992334755,467.410070042782,17.320123939287896,128.4224370649821,83.26990907078374,0.0,0.0,True,True,True,True,True,False,False,False,,
0.5818820217824929,0.6124106678746126,71.56950727867589,926.3619443066831,13.943485054153152,135.27519850706085,71.56950727867589,0.0,0.0,True,True,True,True,True,False,False,False,,
0.9422433003085984,0.5114706988448013,109.75978246187191,1209.900708369171,31.89711040288992,111.59559529924687,109.75978246187191,0.0,0.0,True,True,True,True,True,False,False,False,,
0.7090992899571208,0.8588139089718398,100.78634580308473,652.2699250960637,25.641817726924913,108.4972254183961,100.78634580308473,0.0,0.0,True,True,True,True,True,False,False,False,,
1.0589569416222813,0.6250678644094185,96.3189292661175,630.2994961678131,23.619412798424133,109.76900583970182,96.3189292661175,0.0,0.0,True,True,True,True,True,False,False,False,,
0.5041919145720457,0.6939599246509807,52.655581665222726,251.50138643872586,6.936828299250836,174.7414219196347,52.655581665222726,0.0,0.0,True,True,True,False,False,False,False,False,,
0.7493991225882966,1.008521109836817,99.17827031768421,244.7576099101512,11.688044573912203,133.32706172947283,68.951257420741,0.0,0.0,True,True,True,True,True,False,False,False,,
1.0282083265061952,1.0180802901875468,64.37150984945642,382.99044557674523,10.518075071698888,135.94049523781985,64.37150984945642,0.0,0.0,True,True,True,True,True,False,False,False,,
0.659442833420669,0.573043201139466,104.04883976781747,492.5855385017892,20.97852741694174,121.42796815757895,91.75862642414772,0.0,0.0,True,True,True,True,True,False,False,False,,
0.8703900978354453,0.8035297895052529,58.10466939987718,469.50529747798015,8.791197640698757,150.55890070702267,58.104669399877174,0.0,0.0,True,True,True,False,False,False,False,False,,
0.9718574559474734,0.730384063797527,67.1881865772047,1215.655983818701,13.04389032469186,130.39130037022952,67.1881865772047,0.0,0.0,True,True,True,True,True,False,False,False,,
0.9795494301649557,0.5126928702072044,97.62974681234502,1521.9826278035716,26.159897430954764,114.09602933696245,97.62974681234502,0.0,0.0,True,True,True,True,True,False,False,False,,
1.1406836055066745,0.8572332053625829,51.57465456305673,1479.5108189619052,8.6235389347989,155.05565063761392,51.57465456305673,0.0,0.0,True,True,True,False,False,False,False,False,,
0.4989475560326526,0.6153702506602731,91.219877119536,1222.5468687445937,22.61173418054771,125.07839727834867,91.219877119536,0.0,0.0,True,True,True,True,True,False,False,False,,
0.6018606542148429,0.8427078289078518,96.36690317057331,399.0330058295166,15.483936879396351,126.00920810353936,78.89870679049925,0.0,0.0,True,True,True,True,True,False,False,False,,
0.9076489267121945,0.5495972180950159,90.44485447062284,706.4684752636128,21.1014407416044,117.20658957036166,90.44485447062284,0.0,0.0,True,True,True,True,True,False,False,False,,
1.0522722831975677,0.8025687173856743,73.49453745048788,1241.7143313619304,15.410636903682544,121.00155188770282,73.49453745048788,0.0,0.0,True,True,True,True,True,False,False,False,,
0.7079852847735583,0.6330809343878949,91.15368136163497,834.6131241539927,21.68227061361456,117.55794177856527,91.15368136163497,0.0,0.0,True,True,True,True,True,False,False,False,,
1.1201834923847866,0.6266359339648,66.02897384018215,614.069365958623,11.494398002942969,135.4756752084816,66.02897384018215,0.0,0.0,True,True,True,True,True,False,False,False,,
0.454293897343623,0.6903845283371,55.190261288069465,1725.7314979853466,10.010647135922984,158.57471218200172,55.190261288069465,0.0,0.0,True,True,True,False,False,False,False,False,,
0.6747552704511737,0.5045367686690825,99.34085209397828,1756.1731574844102,26.72746136701845,120.35547095144301,99.34085209397828,0.0,0.0,True,True,True,True,True,False,False,False,,
0.9320348185886346,0.9426274002437693,81.00323791893206,1380.1293089847836,18.727303973399604,113.210398393156,81.00323791893206,0.0,0.0,True,True,True,True,True,False,False,False,,
0.6133818128341315,0.9158241123459789,80.93371504408785,854.2092124405422,17.347487375710045,121.04465977336642,80.93371504408785,0.0,0.0,True,True,True,True,True,False,False,False,,
0.8604763216359983,0.9383764959990123,72.19336823256334,1412.0395113786606,15.252585972318078,122.4302828528089,72.19336823256334,0.0,0.0,True,True,True,True,True,False,False,False,,
0.8544808545449902,1.0308173684081612,50.179715768510434,1691.751489323603,8.560551657327506,158.67499798908796,50.179715768510434,0.0,0.0,True,True,True,False,False,False,False,False,,
0.9509261340592527,1.0349673169148665,95.16712456430582,715.4957598552355,23.292234956542952,103.60617997947195,95.16712456430582,0.0,0.0,True,True,True,True,True,False,False,False,,
0.6030588990183287,0.9557246018673572,70.15393907885212,1269.3837604669588,14.14811514031551,129.71253124653006,70.15393907885212,0.0,0.0,True,True,True,True,True,False,False,False,,
0.9840559279161113,0.6480521512593951,69.21948384480872,948.9393575586507,13.226824625759225,130.14165040169456,69.21948384480872,0.0,0.0,True,True,True,True,True,False,False,False,,
0.5061207919767295,0.5093313879228133,80.90134069015996,172.88899059369714,5.612725782516208,195.77939301284712,47.624261851490836,0.0,0.0,True,True,True,False,False,False,False,False,,
0.6839061842801679,0.6584696264826491,99.30724092539135,856.8589456959662,25.536435669781472,114.09450954232751,99.30724092539135,0.0,0.0,True,True,True,True,True,False,False,False,,
1.1113933484093312,0.5089681662245847,78.00108026880595,1426.2066189305979,17.611830959389152,123.39186762873973,78.00108026880595,0.0,0.0,True,True,True,True,True,False,False,False,,
0.6384077696282952,0.8845101435495827,109.06588422353188,134.36539008429074,5.458566869752214,191.9899521804283,47.153104258921466,0.0,0.0,True,True,True,False,False,False,False,False,,
1.0244624703319278,0.9400973658317586,90.49401493405051,1519.3299689992882,23.36738770172728,105.29414277302521,90.49401493405051,0.0,0.0,True,True,True,True,True,False,False,False,,
0.6056860683465395,0.5287926323744387,96.12985385974974,1104.504460394287,24.679238134331033,122.3228382586438,96.12985385974974,0.0,0.0,True,True,True,True,True,False,False,False,,
0.8216892025131055,0.561876331442029,67.95394793550831,1757.9724553893914,14.218855715917272,134.30821780756364,67.95394793550831,0.0,0.0,True,True,True,True,True,False,False,False,,
0.8601541537937814,0.589406408771714,63.773933887092596,236.4093406065547,10.045500923680748,145.42354837191584,63.773933887092596,0.0,0.0,True,True,True,True,True,False,False,False,,
0.8874644571961317,0.6751582766498954,60.243238802014076,1759.5612615920556,11.698397142169393,141.40361072565574,60.24323880201408,0.0,0.0,True,True,True,True,True,False,False,False,,
0.6893557874863239,0.7248540030727764,95.87367019467084,833.095621666265,23.831460103365647,113.45867854382615,95.87367019467084,0.0,0.0,True,True,True,True,True,False,False,False,,
0.9065075895396517,1.0065110615739268,74.2242860347016,1614.6960201783418,16.479619653489294,118.69479921355743,74.2242860347016,0.0,0.0,True,True,True,True,True,False,False,False,,
0.6359772304110147,1.0551472397062782,85.49682023231728,739.171561467353,18.941902553504875,115.85807339706737,85.49682023231728,0.0,0.0,True,True,True,True,True,False,False,False,,
0.49362941851181713,0.9605633781772234,97.82944406478478,697.7789100278424,22.61293163262571,117.70964974012276,94.48806063185815,0.0,0.0,True,True,True,True,True,False,False,False,,
0.9534476172560417,0.6896427205912238,82.81165067636974,1358.1354619953413,19.450919889567714,115.82510392885196,82.81165067636974,0.0,0.0,True,True,True,True,True,False,False,False,,
0.5125675537520588,0.9810633555357626,76.37950376986011,936.5497581389774,15.711674031284518,127.24837660100894,76.37950376986011,0.0,0.0,True,True,True,True,True,False,False,False,,
1.0368243781385669,0.5352934904936277,92.28079445371486,915.4969121923754,22.546857115470054,114.72785959187247,92.28079445371486,0.0,0.0,True,True,True,True,True,False,False,False,,
1.006805384742095,0.816034461198041,72.41974466285767,840.5486144584677,14.151127885555848,123.67022791961281,72.41974466285767,0.0,0.0,True,True,True,True,True,False,False,False,,
0.4747567872979537,0.9818210514230201,91.91823934238288,1280.2132654291445,23.061747311485398,118.46733557673332,91.91823934238288,0.0,0.0,True,True,True,True,True,False,False,False,,
0.4671673316329318,0.960198186345522,94.50431637797216,1446.5788079386614,24.73286204853435,118.04247862170527,94.50431637797216,0.0,0.0,True,True,True,True,True,False,False,False,,
0.47868893404925383,0.5237410844756668,98.27949884895999,1084.314053798685,25.4922834036421,127.98740934949225,98.27949884895999,0.0,0.0,True,True,True,True,True,False,False,False,,
0.656454541800594,0.7871572171079925,99.91972591842134,1089.0358034157407,26.526235824507925,111.09170593593109,99.91972591842134,0.0,0.0,True,True,True,True,True,False,False,False,,
0.4392696095256882,0.9760518159823732,87.09009572785428,212.5439383955876,6.026688184738091,186.27695574444493,49.19346792056867,0.0,0.0,True,True,True,False,False,False,False,False,,
0.6243128758032266,1.0624902145229242,90.32761664284781,407.106845284289,16.377048412429325,120.8473126032892,81.16575765171501,0.0,0.0,True,True,True,True,True,False,False,False,,
1.1633940363358468,0.9392943500727816,53.327151109008724,458.2974734946891,7.477802300494761,158.9579106842407,53.327151109008724,0.0,0.0,True,True,True,False,False,False,False,False,,
1.1905010037249195,1.0563959934965443,68.62203967713506,662.0803972979337,12.460226503606089,125.5263818122252,68.62203967713506,0.0,0.0,True,True,True,True,True,False,False,False,,
1.1246758379230002,1.0315469858198285,62.329282539583566,1312.234698265341,11.591693323023348,132.55925196822716,62.329282539583566,0.0,0.0,True,True,True,True,True,False,False,False,,
0.6558698748216149,0.6925431473708922,60.11376248083196,759.3764658210797,9.86470234055559,148.34525781724832,60.11376248083196,0.0,0.0,True,True,True,True,True,False,False,False,,
0.7483463850233583,0.7722976000350807,69.06391153661241,589.135426780086,12.417883315929982,133.15070863451433,69.06391153661241,0.0,0.0,True,True,True,True,True,False,False,False,,
1.1294026259044156,0.5800952055284575,59.369637350063265,1675.8418606821722,11.28019359503022,142.86246473115293,59.36963735006326,0.0,0.0,True,True,True,True,True,False,False,False,,
0.8061954830068301,0.7839655345556376,89.40782145407547,336.2757417632578,17.318452780571118,118.31932761685476,83.82729428227829,0.0,0.0,True,True,True,True,True,False,False,False,,
0.4561008126146315,0.9304647121993621,53.18702675183757,177.76640164674885,5.218854186456103,200.19764085985366,45.84297170116112,0.0,0.0,True,True,True,False,False,False,False,False,,
0.7254591523756051,1.0211426493823383,74.59223096863383,575.1522690520364,14.32664896622092,124.25707468947292,74.59223096863383,0.0,0.0,True,True,True,True,True,False,False,False,,
0.5382127767435537,0.6593578980642735,56.617837234776715,1794.2874252027668,10.570862446182666,153.71100216917316,56.617837234776715,0.0,0.0,True,True,True,False,False,False,False,False,,
0.4486857538665519,0.5112225402073594,85.4000278981253,682.572437895343,18.616196332003863,135.01762852764293,85.4000278981253,0.0,0.0,True,True,True,True,True,False,False,False,,
0.43295552539890936,0.7768902248970009,108.23985397585733,900.3903958308828,25.917095352911783,122.32905355765516,100.52048348181243,0.0,0.0,True,True,True,True,True,False,False,False,,
1.0512794079373995,0.9864623423845111,96.8034264976887,135.00554113997052,8.946920657054545,145.97420573217983,60.65301225558925,0.0,0.0,True,True,True,True,True,False,False,False,,
0.5047315296937347,0.961581198876146,61.7351284803449,1570.4520802136185,11.79856708449242,142.83829928878316,61.7351284803449,0.0,0.0,True,True,True,True,True,False,False,False,,
0.5505848409226863,0.8542252573556742,100.66816956039517,1004.393471850905,26.514770155984657,113.73832694715483,100.66816956039517,0.0,0.0,True,True,True,True,True,False,False,False,,
0.867388701677061,0.7527808724817624,98.68933372099428,829.4029456069109,25.271863752435763,107.63270156931029,98.68933372099428,0.0,0.0,True,True,True,True,True,False,False,False,,
0.8088113717567043,1.0811590774211748,74.86645222471684,415.3268166150111,14.09555205109657,122.92224867715075,74.86645222471684,0.0,0.0,True,True,True,True,True,False,False,False,,
0.8777258396020315,0.9795236713289773,56.796323417217415,1717.104441144463,10.527481232437337,143.94580840010792,56.796323417217415,0.0,0.0,True,True,True,True,True,False,False,False,,
1.0004943378859523,0.8393639300805329,66.39997352095324,1614.1291681894427,13.544323732449259,128.73414093941955,66.39997352095324,0.0,0.0,True,True,True,True,True,False,False,False,,
0.9975210533779586,1.0251502125275547,67.02948979334163,1572.0609582748734,13.68729776759689,126.01921462460515,67.02948979334163,0.0,0.0,True,True,True,True,True,False,False,False,,
1.140303373808306,0.6909564035251385,106.37722450988183,800.4972030698157,29.18538051264751,102.41029328139716,106.37722450988183,0.0,0.0,True,True,True,True,True,False,False,False,,
1.0124741213418587,1.088892385183727,92.58140502190962,908.6013806582083,22.659812788158646,103.20806835631828,92.58140502190962,0.0,0.0,True,True,True,True,True,False,False,False,,
0.45103396409257157,0.8487969992817347,74.04261775848055,1034.972945245424,15.017041196946717,133.29404179992952,74.04261775848055,0.0,0.0,True,True,True,True,True,False,False,False,,
0.9418810059794315,0.7258186934223029,96.49787905415745,1741.6744509815449,26.240203466327767,107.32607772464469,96.49787905415745,0.0,0.0,True,True,True,True,True,False,False,False,,
0.7129135695466344,0.9274319232695649,77.34402579485057,872.9694090581957,16.016376643737974,121.30590407650878,77.34402579485057,0.0,0.0,True,True,True,True,True,False,False,False,,
0.85334933688887,0.8956816882981895,59.708277494871474,140.30510285456575,7.575128564032528,160.1497131755154,55.70801187657967,0.0,0.0,True,True,True,False,False,False,False,False,,
0.43184417850635004,0.9970945319623747,107.07080462795976,1781.6301944755944,31.346613376719016,116.690443497033,107.07080462795976,0.0,0.0,True,True,True,True,True,False,False,False,,
0.956383040622418,0.8420151698799325,104.11616230842563,1342.8530570431137,29.699401680996434,101.5232257325197,104.11616230842563,0.0,0.0,True,True,True,True,True,False,False,False,,
0.6728725268234176,0.9840830220490264,52.793387216085186,923.3165641894383,8.058179751800061,159.15274906768602,52.793387216085186,0.0,0.0,True,True,True,False,False,False,False,False,,
1.1380879922707077,0.7735098025775549,61.05251870646655,1488.1296988302327,11.493231489660314,136.68929541470263,61.05251870646654,0.0,0.0,True,True,True,True,True,False,False,False,,
1.1788612685352802,0.9168387817026774,70.11232184144302,1075.5896795467102,13.818330862047937,122.89467500882596,70.11232184144302,0.0,0.0,True,True,True,True,True,False,False,False,,
0.4814355409089724,0.6391092847444573,52.36008785391324,229.16765905165383,6.824274018558488,177.32360335104008,52.36008785391324,0.0,0.0,True,True,True,False,False,False,False,False,,
0.5940956579364711,0.5338142040589374,58.00422248736797,1175.2906721669988,9.948161364944896,154.05436430636553,58.004222487367976,0.0,0.0,True,True,True,False,False,False,False,False,,
0.9270388342812691,0.9090756846057775,104.25996580215042,1573.0922376619842,30.39918077627289,100.61629314481843,104.25996580215042,0.0,0.0,True,True,True,True,True,False,False,False,,
0.9092243329120042,1.0171747319711646,106.08974850393892,1718.6236224110219,31.49768292531656,98.63413268544252,106.08974850393892,0.0,0.0,True,True,True,True,True,False,False,False,,
0.8640821042680983,0.7907000948170075,77.46748091746419,1424.9569605963038,17.352509023762263,119.16741165990881,77.46748091746419,0.0,0.0,True,True,True,True,True,False,False,False,,
0.8181415170376183,0.6202271006482916,67.4584747591044,948.5832214122231,12.596602391889473,134.8836223006515,67.4584747591044,0.0,0.0,True,True,True,True,True,False,False,False,,
0.6455232091634339,0.8693113897529077,72.03738647861503,1677.1883215412017,15.707184700521275,127.00474145754275,72.03738647861503,0.0,0.0,True,True,True,True,True,False,False,False,,
0.4500981711228592,1.066454938213583,73.01696841797914,134.6460541970871,3.894817678432673,237.42921478793863,39.63400302642954,0.0,0.0,True,True,True,False,False,False,False,False,,
1.0854252340589396,1.0179042996975043,70.63565444190232,763.0091260777203,13.356902220654094,123.36368280077993,70.63565444190232,0.0,0.0,True,True,True,True,True,False,False,False,,
0.781473704563341,0.8806685434819082,62.21796215444439,1232.4903943310812,11.385197842757636,137.70480659938724,62.21796215444439,0.0,0.0,True,True,True,True,True,False,False,False,,
0.631524661545761,0.5703963278028481,83.8607719958396,405.5266544071029,16.496150297645052,128.71182536417842,81.4746227719053,0.0,0.0,True,True,True,True,True,False,False,False,,
0.7532261297453648,0.7485439263892266,50.279846752041195,755.7672592651219,7.14507289818284,168.52314612837392,50.279846752041195,0.0,0.0,True,True,True,False,False,False,False,False,,
0.4087989799469779,0.5565242729096359,68.35579548505646,575.9215694588362,12.052018291488503,148.92914662169204,68.35579548505646,0.0,0.0,True,True,True,True,True,False,False,False,,
0.6768678518601849,0.728752402800018,58.588946857869175,265.02995216399245,8.559321352034145,155.47546744663893,58.58894685786917,0.0,0.0,True,True,True,False,False,False,False,False,,
0.5638194877119895,0.8591019291562203,97.53552435799128,200.1698711334057,7.226002843401399,168.3875242071865,54.08625292259816,0.0,0.0,True,True,True,False,False,False,False,False,,
0.6881828673436488,0.644856876079463,60.90329494223083,1750.8320903073136,11.88135191662757,143.71652335241635,60.903294942230836,0.0,0.0,True,True,True,True,True,False,False,False,,
1.1963573947789286,0.8608285924849666,108.88604135774193,123.87417876514408,9.320714629503023,143.3430691196957,61.978114776919426,0.0,0.0,True,True,True,True,True,False,False,False,,
0.6874098113008611,0.7148329148400543,92.08247160260127,1742.440073451569,24.047973774699688,114.7815539416286,92.08247160260127,0.0,0.0,True,True,True,True,True,False,False,False,,
0.8343864020256426,0.7179738648510314,64.23369137993095,1363.336076959816,12.29922220360715,135.7819998203642,64.23369137993095,0.0,0.0,True,True,True,True,True,False,False,False,,
0.6640886533987176,1.0660586916633332,53.617396656984155,632.1796463768699,7.811433449862649,159.86435740956836,53.617396656984155,0.0,0.0,True,True,True,False,False,False,False,False,,
1.1077856853116734,1.063044538308973,85.73819216221725,1735.8345219326955,21.720038505304274,105.95315642711837,85.73819216221725,0.0,0.0,True,True,True,True,True,False,False,False,,
0.40448327872891554,0.8329585191194713,92.7817266243539,1744.4505124460593,24.246600684167543,125.00297502438562,92.7817266243539,0.0,0.0,True,True,True,True,True,False,False,False,,
0.6524615034003316,0.6225480647444454,80.59309930739582,1316.2906153946733,18.3237106484308,124.6486138118604,80.59309930739582,0.0,0.0,True,True,True,True,True,False,False,False,,
0.952502694084259,0.9685277794906498,50.689162668617826,192.5797017532356,6.386420081875382,172.97711498668613,50.689162668617826,0.0,0.0,True,True,True,False,False,False,False,False,,
0.8567561902213794,0.7689050287314132,96.51644357798122,1644.7360222633486,26.294017898058733,107.69737472892076,96.51644357798122,0.0,0.0,True,True,True,True,True,False,False,False,,
0.9392536712090691,0.781446578787719,109.65721842412276,510.7502861940767,29.809123333831113,102.31678747860713,109.65721842412276,0.0,0.0,True,True,True,True,True,False,False,False,,
0.7406405698885835,1.0424612856641393,95.29968039524607,934.8599292324146,23.891541860569102,106.89780251067769,95.29968039524607,0.0,0.0,True,True,True,True,True,False,False,False,,
0.8868356987014021,0.6764136118960088,106.3124042978776,104.06636172081849,5.825449972337849,184.4544967515316,48.90961764969362,0.0,0.0,True,True,True,False,False,False,False,False,,
0.6564047397774101,0.8435282293043813,53.75042657955443,1033.8720043801554,8.494813546060334,157.24897839934772,53.75042657955443,0.0,0.0,True,True,True,False,False,False,False,False,,
0.9496864489920084,0.5003753913688673,101.68219714076258,1661.4546998511487,27.96695942880036,113.91771091616154,101.68219714076258,0.0,0.0,True,True,True,True,True,False,False,False,,
1.0296669886552183,0.9018420773645881,87.56871378588488,1477.7091631540884,21.889154607388605,107.61287199559403,87.56871378588488,0.0,0.0,True,True,True,True,True,False,False,False,,
0.7378637757791614,0.7940235899883297,104.09878614468428,935.4411339905857,28.217474400025704,107.37544365308649,104.09878614468428,0.0,0.0,True,True,True,True,True,False,False,False,,
0.7124895465661255,0.8095053736072694,96.86811456554457,865.3396195705003,24.412304313144592,110.54285793247037,96.86811456554457,0.0,0.0,True,True,True,True,True,False,False,False,,
0.6479788507626161,0.6875960872242215,56.39227148767487,1390.6200267794575,9.838329148360508,151.91853501887553,56.39227148767487,0.0,0.0,True,True,True,False,False,False,False,False,,
0.9206632132356468,0.7322520739757754,73.15885268174334,1380.4003866956266,15.562576713836082,123.66223134496407,73.15885268174334,0.0,0.0,True,True,True,True,True,False,False,False,,
0.47601089034455757,0.7245902463507868,80.18855637363657,1659.5217331183837,18.863786188528326,128.57674575038448,80.18855637363657,0.0,0.0,True,True,True,True,True,False,False,False,,
1.1892115043475808,0.9117735853725311,73.5733938713725,1603.1845505057104,16.229875275056347,117.81270198552912,73.5733938713725,0.0,0.0,True,True,True,True,True,False,False,False,,
1.1056215019711244,0.8111618417543696,51.45884835589867,1301.100214037564,8.311893597780392,156.79064658303443,51.45884835589867,0.0,0.0,True,True,True,False,False,False,False,False,,
0.5461403084587813,0.9382472758787295,81.15327270409371,1219.4467603213664,18.272619086613695,121.89153060533746,81.15327270409371,0.0,0.0,True,True,True,True,True,False,False,False,,
1.1954038865037195,0.911353065179302,57.35538999688369,688.1568197475257,8.96538251022062,146.35431570000662,57.35538999688369,0.0,0.0,True,True,True,True,True,False,False,False,,
1.0267825323961701,1.009991443710588,84.2975961081764,393.7649362351887,17.704966001475427,111.59646654875463,84.2975961081764,0.0,0.0,True,True,True,True,True,False,False,False,,
0.7901484863843315,0.6528992345953728,64.26926364262364,208.24424420485934,10.136972332723024,144.62686801478742,64.26926364262364,0.0,0.0,True,True,True,True,True,False,False,False,,
0.7667932489154348,0.7329497180689482,103.83320159340231,143.0726105957244,6.956038641709841,169.30786480031816,53.32549428457706,0.0,0.0,True,True,True,False,False,False,False,False,,
0.6682396717189865,0.9289100542367404,75.27290709284344,1354.4684250438393,16.273557474972225,122.94666980685041,75.27290709284344,0.0,0.0,True,True,True,True,True,False,False,False,,
1.149182409303824,0.7881093988656013,92.37734099036871,1411.2309002487539,24.00195669212087,105.43804645788184,92.37734099036871,0.0,0.0,True,True,True,True,True,False,False,False,,
0.5088452973313492,0.8443955322231125,87.62469762504709,1565.6393079196616,21.907272537832696,120.53266250986238,87.62469762504709,0.0,0.0,True,True,True,True,True,False,False,False,,
0.7569131751034807,0.5285818559232337,53.86921339976665,1353.370533862682,9.051669879698032,158.5947125042079,53.86921339976665,0.0,0.0,True,True,True,False,False,False,False,False,,
0.8024268296180578,0.6651795615927124,88.3318225023031,395.1663012040667,19.316162586478235,117.42047266027312,88.3318225023031,0.0,0.0,True,True,True,True,True,False,False,False,,
0.45902703388854743,1.0683618697572073,65.70262932078583,1574.3103172487251,13.12883016334872,138.22125379507193,65.70262932078583,0.0,0.0,True,True,True,True,True,False,False,False,,
1.1866286250571174,0.7679180978478302,68.28406011949792,454.37824432160926,11.931546333741233,130.49848209344037,68.28406011949792,0.0,0.0,True,True,True,True,True,False,False,False,,
1.0114047521484058,0.7541657422666771,86.58591816927847,726.1913388981574,19.499002012421812,112.37565033476785,86.58591816927847,0.0,0.0,True,True,True,True,True,False,False,False,,
0.44885537049236507,1.0559936490229742,92.2285979168064,927.3250239355664,22.186931468109254,119.66671284215779,92.2285979168064,0.0,0.0,True,True,True,True,True,False,False,False,,
0.5281241774236055,0.951648734519057,58.898014715133904,250.61531634252572,8.508831703287385,156.90423096906952,58.57190215451888,0.0,0.0,True,True,True,False,False,False,False,False,,
0.6694158202492942,0.6188565211520125,89.08134986891264,1219.842734536935,21.76951226629234,119.4497164672924,89.08134986891264,0.0,0.0,True,True,True,True,True,False,False,False,,
0.7562615008739315,0.743015735712159,104.3813438534709,271.516236415781,13.097389691977819,130.75132935762727,72.95438441884349,0.0,0.0,True,True,True,True,True,False,False,False,,
0.41999069045780946,0.7492914674984632,90.6059500156257,1011.2430834800299,21.654611747140667,126.77307734996754,90.6059500156257,0.0,0.0,True,True,True,True,True,False,False,False,,
0.7348046819291655,0.9559596489375466,65.48883835111444,1581.5745765564109,13.131645645578978,132.0958316791155,65.48883835111444,0.0,0.0,True,True,True,True,True,False,False,False,,
0.73913757589866,1.0515017392494757,79.76067812124153,185.60881470655977,8.721821030365106,150.3930738339727,59.632008582714725,0.0,0.0,True,True,True,False,False,False,False,False,,
0.7889761596759968,0.6784803031009785,107.8418718041203,814.2554209436364,29.795423376061468,108.1977079503779,107.8418718041203,0.0,0.0,True,True,True,True,True,False,False,False,,
0.9398925098870273,0.6253119190600689,97.41007612334576,1691.07486465218,26.425626704289567,110.02864948969287,97.41007612334576,0.0,0.0,True,True,True,True,True,False,False,False,,
0.6355495534971353,0.9993755054383995,109.43958537350483,1606.231516354328,32.98140830887967,104.97944587284202,109.43958537350483,0.0,0.0,True,True,True,True,True,False,False,False,,
0.9860433260660743,0.8930001587294187,86.99450004411409,336.0781587524323,18.657373964641412,111.60346515986448,86.99450004411409,0.0,0.0,True,True,True,True,True,False,False,False,,
1.1846910844274414,0.6794840060840165,106.79059185513441,458.9545391206518,28.26753036776708,102.76010707490707,106.79059185513441,0.0,0.0,True,True,True,True,True,False,False,False,,
0.7332807924609295,0.9965034740904501,92.9841570797549,340.8666115714819,16.001067599259283,119.81125114573575,80.49054814291694,0.0,0.0,True,True,True,True,True,False,False,False,,
0.745000847589343,0.7518514549391646,68.01858306765226,1392.584213184861,13.658402856951573,131.45306980151193,68.01858306765226,0.0,0.0,True,True,True,True,True,False,False,False,,
0.6852450997087599,0.7187771087299439,104.81345131359063,1132.6922447866032,29.182588121365875,110.36216034216419,104.81345131359063,0.0,0.0,True,True,True,True,True,False,False,False,,
0.711981953040264,0.5108739885015434,86.70678957668315,500.56349715526375,18.873025222125488,125.07040011291124,86.70678957668315,0.0,0.0,True,True,True,True,True,False,False,False,,
0.7538275776700518,0.7024344284960402,95.3100632578612,1016.6703056617529,24.14167236996115,112.29718583653776,95.3100632578612,0.0,0.0,True,True,True,True,True,False,False,False,,
0.4549788987746145,0.9083018377912282,62.62308339172904,302.380345476597,8.905609702298392,156.73759712008186,59.715889488218195,0.0,0.0,True,True,True,False,False,False,False,False,,
0.9914696570298398,0.6926172518607061,64.25755320626452,463.71472709411296,10.631480658240234,139.20445197737376,64.25755320626452,0.0,0.0,True,True,True,True,True,False,False,False,,
0.7100040363698387,0.9583614079060538,108.514482221659,925.9440336081303,30.456426678357808,103.72592652369417,108.514482221659,0.0,0.0,True,True,True,True,True,False,False,False,,
0.8116118358918156,0.5038750110003539,80.44429850537779,640.81609205844,16.71546954573192,126.94835378715621,80.44429850537779,0.0,0.0,True,True,True,True,True,False,False,False,,
0.7524513280536249,0.7719832694239224,55.04041833723036,1468.5487146889434,9.577380921944227,151.47800266171788,55.04041833723036,0.0,0.0,True,True,True,False,False,False,False,False,,
1.0844492379488717,0.7626754785845823,105.23368763256063,1793.892493712054,30.672722397095058,101.13831027836015,105.23368763256063,0.0,0.0,True,True,True,True,True,False,False,False,,
0.8659106782273198,1.0479091023412825,53.21543002798083,193.5202105956165,7.014091211302474,165.16163378930267,53.21543002798083,0.0,0.0,True,True,True,False,False,False,False,False,,
1.009156914899809,0.8891235715366965,59.98491902550838,216.88913732252274,8.897378512933214,147.36602713766754,59.98491902550838,0.0,0.0,True,True,True,True,True,False,False,False,,
0.9802104461095015,0.9172102834530083,55.86590284379498,649.2140477930649,8.470321358271226,151.51659784199728,55.86590284379498,0.0,0.0,True,True,True,False,False,False,False,False,,
0.9752404359367387,0.7949051732660977,77.71186939817377,1583.700328029226,17.83298727897154,117.33789064824182,77.71186939817377,0.0,0.0,True,True,True,True,True,False,False,False,,
1.09020374426558,0.5403718206734871,57.663236275476564,1771.339517067037,10.882528984961748,147.12583798812878,57.66323627547657,0.0,0.0,True,True,True,True,True,False,False,False,,
1.1883114209061427,0.9935835892543908,101.87142573737955,366.44221974199803,25.509939173902684,98.72385735713468,101.87142573737955,0.0,0.0,True,True,True,True,True,False,False,False,,
0.8452898637581774,0.5968548437986587,66.27470949164955,1099.5665018381305,12.490170076522938,136.08870332546408,66.27470949164955,0.0,0.0,True,True,True,True,True,False,False,False,,
0.6322557218973063,0.7928143882885204,74.63313019302325,1603.7305043201993,16.55694395436088,126.02556254645243,74.63313019302325,0.0,0.0,True,True,True,True,True,False,False,False,,
0.8614885678514264,0.7385471006124004,73.64892651274637,1174.9169658975945,15.30059629953822,124.16230534662327,73.64892651274637,0.0,0.0,True,True,True,True,True,False,False,False,,
0.6330950779440943,1.0365254656538938,101.24793700997323,574.1915417790412,23.580200297759383,110.06858840820861,97.0689568514133,0.0,0.0,True,True,True,True,True,False,False,False,,
0.8755578946791305,0.8500903407708883,91.37087264065462,798.5087036410893,21.756482399337518,109.32168970998273,91.37087264065462,0.0,0.0,True,True,True,True,True,False,False,False,,
0.6828707533539919,0.733372204771182,75.24511953139626,878.8137883127116,15.22137553865576,126.74306033584516,75.24511953139626,0.0,0.0,True,True,True,True,True,False,False,False,,
0.5796324742739329,0.8777340395098906,57.84337852323197,880.2483522037634,9.39284019022671,151.11083993041413,57.84337852323197,0.0,0.0,True,True,True,False,False,False,False,False,,
1.0616112716625414,0.9457880657779678,95.71398765010821,1033.2127745632206,24.51210606650895,102.32533853343527,95.71398765010821,0.0,0.0,True,True,True,True,True,False,False,False,,
1.0922402701948468,0.998546954995867,52.72116630045157,567.0835429639812,7.490955071033671,159.12162591273764,52.72116630045157,0.0,0.0,True,True,True,False,False,False,False,False,,
0.9324155950154748,0.5287376901485479,64.30202894488477,432.36013330204946,10.58197023707344,143.43264492638787,64.30202894488477,0.0,0.0,True,True,True,True,True,False,False,False,,
0.9132918325386693,0.5183439277970423,93.31922104525842,1267.3668842801571,23.983429147874478,116.43751105284753,93.31922104525842,0.0,0.0,True,True,True,True,True,False,False,False,,
1.1819938929917986,1.0391982736817376,93.78052576424994,1739.3424395128568,25.43522711390804,100.35000286728588,93.78052576424994,0.0,0.0,True,True,True,True,True,False,False,False,,
1.1079460194145656,0.6475480891588657,77.13287376033915,389.5342824054123,14.916135433235597,122.92630456410664,77.13287376033915,0.0,0.0,True,True,True,True,True,False,False,False,,
1.1861526199768995,0.94675782189601,89.82710969588014,1666.5966250037209,23.482951604213373,103.93846586698999,89.82710969588014,0.0,0.0,True,True,True,True,True,False,False,False,,
0.47967767420927865,0.796697273265211,108.47900688761047,953.6812121924805,30.16051604095908,116.99144300056285,108.47900688761047,0.0,0.0,True,True,True,True,True,False,False,False,,
0.7402063340050282,0.8548288066739695,96.16954001408762,151.60530758236033,7.123186746462995,166.60288878061678,53.932568043409844,0.0,0.0,True,True,True,False,False,False,False,False,,
1.02642903054205,0.9933567040832125,57.95976375028073,121.82502383889472,7.880735231956205,155.04314857955387,56.93118380723794,0.0,0.0,True,True,True,False,False,False,False,False,,
0.7785126714411348,0.5053467460784516,107.2910464191805,272.2448044348223,13.51142425733393,134.76638809169833,74.11910075851331,0.0,0.0,True,True,True,True,True,False,False,False,,
0.8340408093347886,0.9790294504353197,109.29414155251379,968.7909755401322,31.13857408853983,99.94754124840681,109.29414155251379,0.0,0.0,True,True,True,True,True,False,False,False,,
0.572474100458559,0.9779891648668053,72.75465930280758,1145.9752677638287,14.8341468821901,127.89725543309578,72.75465930280758,0.0,0.0,True,True,True,True,True,False,False,False,,
0.7142356356513275,0.5969841182530544,71.07223835648006,1604.0412625865347,15.203042680811473,131.71204521226574,71.07223835648006,0.0,0.0,True,True,True,True,True,False,False,False,,
0.6831062114532557,0.6491263596821704,94.83822070743079,1068.4026950569928,24.022346572163567,115.76393081915427,94.83822070743079,0.0,0.0,True,True,True,True,True,False,False,False,,
0.49375577101527335,0.5367311473953851,98.46004036690624,1733.0732115209228,26.261079293143645,126.35222523106815,98.46004036690624,0.0,0.0,True,True,True,True,True,False,False,False,,
0.43023893494810284,0.62676992997432,60.13882235947389,660.4422134351529,9.652956936936535,156.95231462609743,60.13882235947389,0.0,0.0,True,True,True,False,False,False,False,False,,
1.179747973061212,0.7167069438843128,102.14939207514172,1383.1269081224418,28.872287684526853,102.40161918440921,102.14939207514172,0.0,0.0,True,True,True,True,True,False,False,False,,
0.46050930699121406,0.9231779186190552,86.66749661852563,211.70128731339054,6.282885267015507,182.1785345700745,50.26879258353989,0.0,0.0,True,True,True,False,False,False,False,False,,
0.5005151946664419,0.5227746044891199,50.80224991555327,137.9998971905447,4.424804527969446,222.02184126648976,42.312190878405445,0.0,0.0,True,True,True,False,False,False,False,False,,
0.9286244874565691,0.5461885363857044,88.4532619720166,687.4811970890647,20.182245460972844,118.12261431930574,88.4532619720166,0.0,0.0,True,True,True,True,True,False,False,False,,
0.8744697385350411,0.87069187532813,76.4206604546217,1218.8229099688263,16.471345601379642,119.12492701945442,76.4206604546217,0.0,0.0,True,True,True,True,True,False,False,False,,
0.6167229514638609,0.9513162110943506,70.58611378218916,154.33041635943835,6.067305662538896,181.56305413080364,49.6693318661886,0.0,0.0,True,True,True,False,False,False,False,False,,
0.7756623239252002,0.981269618338988,92.52387851037341,213.01771395410782,10.50684978774319,138.90843906173154,65.44277504745192,0.0,0.0,True,True,True,True,True,False,False,False,,
0.5245507067959346,0.5484198466671706,58.7290568585028,893.1108453759688,9.666228228838234,155.8465976673564,58.7290568585028,0.0,0.0,True,True,True,False,False,False,False,False,,
1.092913385080608,0.6366137018029236,90.72285443319309,1201.1051067082003,22.625225933562973,110.84663419417275,90.72285443319309,0.0,0.0,True,True,True,True,True,False,False,False,,
0.5329685170199476,0.8070717774092315,93.35398281581482,876.6176513158352,22.656534932651827,118.32677960791855,93.35398281581482,0.0,0.0,True,True,True,True,True,False,False,False,,
1.1105192929729268,0.5310080989567613,53.95023075526781,358.6389519492162,7.479322324072595,164.06205642764303,53.95023075526781,0.0,0.0,True,True,True,False,False,False,False,False,,
0.7197103116931364,0.6539183947426405,83.43277681190216,427.135016063539,17.35601577059971,122.58404639133852,83.43277681190216,0.0,0.0,True,True,True,True,True,False,False,False,,
0.4776667533030685,0.9220798439040185,62.90313233552918,734.715282106347,10.637937403897794,146.0646401865286,62.90313233552918,0.0,0.0,True,True,True,True,True,False,False,False,,
0.733384667994231,1.0523263392033368,68.94895688265439,705.4298965181238,12.610036640037036,129.88714573049808,68.94895688265439,0.0,0.0,True,True,True,True,True,False,False,False,,
0.7720820984897023,0.8177891427666426,78.60626768376257,1629.3516516745046,18.267795293785273,119.10761374386728,78.60626768376257,0.0,0.0,True,True,True,True,True,False,False,False,,
0.6926510613063338,0.8984295872372527,65.1128310215303,1546.5976692824026,12.927966567661114,133.93731861118798,65.1128310215303,0.0,0.0,True,True,True,True,True,False,False,False,,
0.9811592526103701,0.8341142155549459,73.2400095340042,326.23290204196604,13.349696452513944,125.65608283022353,73.2400095340042,0.0,0.0,True,True,True,True,True,False,False,False,,
1.0545609100680733,0.8354740661287017,104.00750993599304,1416.5291307526093,29.926652327820182,100.23088057467145,104.00750993599304,0.0,0.0,True,True,True,True,True,False,False,False,,
1.1827422069131788,1.0192930868409793,85.30794546770937,737.850754705997,19.01617993902052,107.68661229836617,85.30794546770937,0.0,0.0,True,True,True,True,True,False,False,False,,
0.8853888090147803,0.5501283312406238,83.574653286546,1385.9622570365684,19.834183888512754,120.47661151507829,83.574653286546,0.0,0.0,True,True,True,True,True,False,False,False,,
0.594594562285733,0.9030410842556409,59.78091671644319,1101.8445215401305,10.359484924928553,145.5520610430074,59.78091671644318,0.0,0.0,True,True,True,True,True,False,False,False,,
0.42039842407366806,0.8446860571949182,94.15571275395071,724.6183444433077,20.129229579744198,126.35500768159827,88.8592616935619,0.0,0.0,True,True,True,True,True,False,False,False,,
0.45360142132072756,0.8115050152063863,92.32102598792311,1458.0276268054988,23.714241151060538,122.15355424474724,92.32102598792311,0.0,0.0,True,True,True,True,True,False,False,False,,
0.7894030916805768,1.0573059325141725,55.40169298521838,671.1981287249846,8.367920460822512,153.23668785687437,55.40169298521838,0.0,0.0,True,True,True,False,False,False,False,False,,
0.696107415959807,0.9492740384501451,52.454117127820304,1016.3890805779624,8.116421645397466,158.99262042827007,52.454117127820304,0.0,0.0,True,True,True,False,False,False,False,False,,
0.4154449010769371,0.5354432115115074,85.79195084524466,1217.2682356273806,20.100325023117684,135.03998504800614,85.79195084524466,0.0,0.0,True,True,True,True,True,False,False,False,,
0.9552474164373852,0.8021873674961555,63.951949166379336,1755.215207044914,12.947589934148644,132.98087891007992,63.95194916637933,0.0,0.0,True,True,True,True,True,False,False,False,,
0.9693795454782703,0.834012176063869,51.045504009914694,911.7317743635388,7.591277790856189,161.61873486969333,51.045504009914694,0.0,0.0,True,True,True,False,False,False,False,False,,
1.018764493443029,0.5073779015407668,93.9603958138913,1047.6907660084496,23.700956445211652,115.32127329858808,93.9603958138913,0.0,0.0,True,True,True,True,True,False,False,False,,
0.7420679970889981,0.9330540027003578,77.56955528999688,1170.6773186772746,16.788056728246602,119.56043837019273,77.56955528999688,0.0,0.0,True,True,True,True,True,False,False,False,,
0.43462729742397366,0.789138039013787,104.67821446865025,963.3564868001756,27.903582149377396,121.07970885513477,104.17643976472867,0.0,0.0,True,True,True,True,True,False,False,False,,
0.5447368089656707,0.6779426899685779,77.84831137113925,785.237767127652,15.946296067420239,129.87806983408686,77.84831137113925,0.0,0.0,True,True,True,True,True,False,False,False,,
0.9679369843526576,0.6758146555009044,58.658911961624376,1635.734307059035,10.975814723559818,143.3543010153457,58.65891196162438,0.0,0.0,True,True,True,True,True,False,False,False,,
0.5181692275074598,1.0824024945209099,64.48197803176099,973.2896261732143,11.59542726458731,139.47684865900567,64.48197803176099,0.0,0.0,True,True,True,True,True,False,False,False,,
1.1317214466308458,0.7788240039061954,53.63210551247203,515.4136087771104,7.6492299162124455,158.90327518055412,53.63210551247203,0.0,0.0,True,True,True,False,False,False,False,False,,
1.0105593043372139,0.5161022240118613,90.24720146941374,297.4410470900549,19.09426444315467,119.58132191108376,88.26709870010902,0.0,0.0,True,True,True,True,True,False,False,False,,
0.9936275433271573,0.9897654370394893,64.66454317262111,1775.283530923018,13.237351233404748,129.5218059168061,64.66454317262111,0.0,0.0,True,True,True,True,True,False,False,False,,
0.5556161197846481,0.5241987871217315,100.05265135272717,935.1657893440062,26.005732926143075,123.69956355116383,100.05265135272717,0.0,0.0,True,True,True,True,True,False,False,False,,
0.6988931754075536,0.9618736496559694,89.85638170505726,604.3030229315557,20.478827654230134,112.76295335392251,89.85638170505726,0.0,0.0,True,True,True,True,True,False,False,False,,
0.8167871163306475,0.9291105160860855,77.41902335186577,922.7243356223732,16.18441810755811,119.19172973154369,77.41902335186577,0.0,0.0,True,True,True,True,True,False,False,False,,
0.5749542268850616,0.8122058249709181,50.02097874799775,1435.4323600562861,8.109305014737965,165.65680615384383,50.02097874799775,0.0,0.0,True,True,True,False,False,False,False,False,,
0.7473848969811911,0.8643914709119587,82.52271535520305,1470.5093367977233,19.545554420243754,116.02479657991292,82.52271535520305,0.0,0.0,True,True,True,True,True,False,False,False,,
0.633776070167754,0.8959140089862035,62.75477480784224,1762.1734317578896,12.51360308956034,138.28760856347475,62.75477480784224,0.0,0.0,True,True,True,True,True,False,False,False,,
0.533558224372503,0.6723719596371616,85.21392559712407,342.77948491642235,11.801671970972803,141.88427822517878,68.85188248218549,0.0,0.0,True,True,True,True,True,False,False,False,,
1.0218790459448677,0.9443501171407951,66.34004641419392,1190.4365478934942,12.704802059806623,128.3966786239752,66.34004641419392,0.0,0.0,True,True,True,True,True,False,False,False,,
0.9886845459321598,1.0005375609018436,72.27123168764166,477.0973435805561,13.329277247823734,124.0148483768922,72.27123168764166,0.0,0.0,True,True,True,True,True,False,False,False,,
1.0989499576323545,1.0808909570326746,106.1471080383765,192.93778124190516,13.3915735376338,121.98916535011605,74.1336011012317,0.0,0.0,True,True,True,True,True,False,False,False,,
0.9400074976629994,1.091580783159078,84.69588758783055,1717.9606974560181,21.172487579233994,108.3594759355839,84.69588758783055,0.0,0.0,True,True,True,True,True,False,False,False,,
0.5763237889489291,0.8562628824633505,84.82263484521457,122.96731946936367,4.518870877668018,214.84226589030254,42.85935439309046,0.0,0.0,True,True,True,False,False,False,False,False,,
0.990625266126752,0.6142160518205366,90.0324965167571,1427.429231930664,22.891150952225512,112.99255716081247,90.0324965167571,0.0,0.0,True,True,True,True,True,False,False,False,,
0.7739364049799833,0.9547281105872433,96.32557346651828,1445.7793506746066,25.900900752307095,106.1772706925593,96.32557346651828,0.0,0.0,True,True,True,True,True,False,False,False,,
0.41051999288227947,0.9267265663429267,93.04883053475145,1103.994532980296,22.98912774098282,123.30128531212486,93.04883053475145,0.0,0.0,True,True,True,True,True,False,False,False,,
1.1544351563431845,1.0666671683099653,84.97639228870291,1475.236115366742,20.729902934817762,106.15391028805313,84.97639228870291,0.0,0.0,True,True,True,True,True,False,False,False,,
0.5673084509409735,0.8719526953132173,109.81613810552054,640.2915339387066,23.694284488978138,114.6237820528877,97.03222831174466,0.0,0.0,True,True,True,True,True,False,False,False,,
0.8413728009821062,0.616957538882199,98.5675565844142,1413.3138403503804,26.898403065891774,111.59269519293922,98.5675565844142,0.0,0.0,True,True,True,True,True,False,False,False,,
0.8082755493342404,0.7292286155764394,60.333731069355565,1051.1587918106004,10.464753680216209,143.1378264245685,60.333731069355565,0.0,0.0,True,True,True,True,True,False,False,False,,
0.9903315709091874,0.5407028552297174,80.10957957499029,146.40306900766947,9.152736420864716,150.80519861479016,61.30316556033839,0.0,0.0,True,True,True,False,False,False,False,False,,
1.1779828336956286,0.60751321378564,73.87220445654717,1391.9691636109312,15.89158208531661,123.27644533771853,73.87220445654717,0.0,0.0,True,True,True,True,True,False,False,False,,
0.8805542827186844,0.8729059541834189,105.75618105851298,401.6241314830452,22.617161304117065,107.60366584362141,95.74265468751689,0.0,0.0,True,True,True,True,True,False,False,False,,
0.7542524597791909,0.7612882755426935,82.86531199471577,1632.3099203287982,20.091841205749393,117.36376963039261,82.86531199471577,0.0,0.0,True,True,True,True,True,False,False,False,,
0.6862507182712038,0.6081999018940283,72.81411438689359,1578.183917446277,15.807514335040633,130.35388457851226,72.81411438689359,0.0,0.0,True,True,True,True,True,False,False,False,,
0.7395556515290882,0.8344043343467606,88.918911723723,582.3082095820814,20.03550940343638,114.26264502449935,88.918911723723,0.0,0.0,True,True,True,True,True,False,False,False,,
1.04503259491305,0.9861432531310304,58.802067000524374,616.9814150003514,9.25659365953493,144.38083132980196,58.802067000524374,0.0,0.0,True,True,True,True,True,False,False,False,,
0.6032915118502338,0.577241457339105,72.45757680788685,1487.2372643735323,15.455406513736596,133.54989783834753,72.45757680788685,0.0,0.0,True,True,True,True,True,False,False,False,,
1.164640260161102,0.7931476784795941,83.50829807094891,767.9002345290918,18.332735696735636,112.23071823966727,83.50829807094891,0.0,0.0,True,True,True,True,True,False,False,False,,
1.1778338033915667,0.7393515515433102,89.05252490626283,394.5820728460815,19.720553644944967,110.43745247185198,89.05252490626283,0.0,0.0,True,True,True,True,True,False,False,False,,
0.4213045796252216,1.0892478110874437,104.55671945474307,1150.9112712379692,28.672566469847425,116.96695478296095,104.55671945474307,0.0,0.0,True,True,True,True,True,False,False,False,,
0.7503686577755512,0.9121261823946597,94.30344945026994,596.4199376354668,22.460451558114997,109.75094277391534,94.30344945026994,0.0,0.0,True,True,True,True,True,False,False,False,,
0.9528297094214621,0.6931869441425682,58.6359744345266,1342.5900511986754,10.460068078204019,143.9345671814458,58.635974434526595,0.0,0.0,True,True,True,True,True,False,False,False,,
0.5023843638379698,1.0721257687694399,90.77306714738155,897.3405108261451,21.524607550920045,117.23979417370647,90.77306714738155,0.0,0.0,True,True,True,True,True,False,False,False,,
0.8427988231559007,0.8920664412649608,109.8707502319906,993.323903647429,31.54334721610276,101.09794412981458,109.8707502319906,0.0,0.0,True,True,True,True,True,False,False,False,,
0.7023390816193045,0.8381221455876732,95.38303837234935,682.3911903080314,23.173056980772913,111.316674400277,95.38303837234935,0.0,0.0,True,True,True,True,True,False,False,False,,
1.0623598545355688,0.8934950647100819,71.50355097215788,1725.288022654354,15.668821924038168,121.19198564671998,71.50355097215788,0.0,0.0,True,True,True,True,True,False,False,False,,
0.6159015613227465,0.877421525073792,69.58863030233134,1783.3916661205337,14.98972701999727,130.2672642688933,69.58863030233134,0.0,0.0,True,True,True,True,True,False,False,False,,
0.5703412115493038,0.9154576407582253,83.78031412909175,1766.830575759749,20.585980517418804,119.07808555851933,83.78031412909175,0.0,0.0,True,True,True,True,True,False,False,False,,
1.1946844389253393,1.0165280318245389,81.37381897563498,1371.0092529487738,18.904698772884093,109.33628644638537,81.37381897563498,0.0,0.0,True,True,True,True,True,False,False,False,,
0.5410660984525919,1.051995064209903,100.910080437794,302.9473853636067,10.554596387749976,142.90515897970224,65.18178726397299,0.0,0.0,True,True,True,True,True,False,False,False,,
0.940475312058748,1.0199518214627818,100.19274100436294,1205.5100311029346,27.20820119045022,100.59486992391204,100.19274100436294,0.0,0.0,True,True,True,True,True,False,False,False,,
1.0372725978579906,0.7893742483053174,67.99761062969554,153.98386867770014,10.07921187670016,140.35872520850745,64.34303827906142,0.0,0.0,True,True,True,True,True,False,False,False,,
0.6997993980823248,0.7507815561166459,67.76748324779979,1239.940378581332,13.259857188752882,133.03087136088385,67.76748324779979,0.0,0.0,True,True,True,True,True,False,False,False,,
1.0438361669165244,0.7477454941024908,67.91450159810981,180.05394393473736,11.255295970711462,134.69017956502563,67.91450159810981,0.0,0.0,True,True,True,True,True,False,False,False,,
0.7967662063063436,1.0228189022243557,81.99054669973552,1454.5139122559954,19.29345495790559,113.46255799806902,81.99054669973552,0.0,0.0,True,True,True,True,True,False,False,False,,
0.4095243777222325,0.8415671732440636,77.42418750313684,1471.99505990301,17.25221279623958,132.18886909834342,77.42418750313684,0.0,0.0,True,True,True,True,True,False,False,False,,
0.6832664139407953,0.7793709631700034,76.07781666205517,1541.1481506333798,17.009299067222216,123.73182077222202,76.07781666205517,0.0,0.0,True,True,True,True,True,False,False,False,,
1.1231564366842948,0.5752118124110834,101.44650183422797,848.7055524934198,26.800937671741593,108.29352379616238,101.44650183422797,0.0,0.0,True,True,True,True,True,False,False,False,,
0.7980701822119047,0.7957437306957382,106.24992049110888,1335.163546966755,30.718701785371465,104.89814120130706,106.24992049110888,0.0,0.0,True,True,True,True,True,False,False,False,,
1.0001402045944732,0.5120953257189566,100.20371956418997,790.9652904157779,25.955724691974897,113.28836469348698,100.20371956418997,0.0,0.0,True,True,True,True,True,False,False,False,,
1.1865772157968444,0.5351790953511697,103.1178462620719,111.71903726241993,8.333742223551436,155.6559144143393,58.61774311341303,0.0,0.0,True,True,True,False,False,False,False,False,,
0.9045580407464667,1.0540554115490293,83.08615324521858,400.48119714153773,17.207596994058164,113.69890524911106,83.08615324521858,0.0,0.0,True,True,True,True,True,False,False,False,,
0.6235360944803446,0.745864201566099,89.56341921263584,1589.622207026539,22.93571059850309,117.07992696786829,89.56341921263584,0.0,0.0,True,True,True,True,True,False,False,False,,
0.43376458912773774,0.5539401378365124,81.48426781767603,587.3307977372599,16.72018623924302,136.80362572668753,81.26170556943666,0.0,0.0,True,True,True,True,True,False,False,False,,
0.521514195365193,0.6982751645077687,99.41999755066516,1242.5464799094857,26.594932234909024,118.8166047365057,99.41999755066516,0.0,0.0,True,True,True,True,True,False,False,False,,
1.0190342267257955,0.5820403516943096,66.52517490513736,1142.42896072046,12.675293402074681,134.08550000132382,66.52517490513736,0.0,0.0,True,True,True,True,True,False,False,False,,
0.8990545331813944,0.7217961972235504,105.33418920622213,1563.1172333591558,30.531687620777596,104.90774995767471,105.33418920622213,0.0,0.0,True,True,True,True,True,False,False,False,,
0.7224570141981513,1.0248039893338938,90.17649533286573,710.4138954964856,20.91764442689416,110.93996057311044,90.17649533286573,0.0,0.0,True,True,True,True,True,False,False,False,,
0.7826871659344308,0.8799781405178211,100.05579099930796,1255.5363544139734,27.207022718486588,105.69080994092704,100.05579099930796,0.0,0.0,True,True,True,True,True,False,False,False,,
0.811915357711581,0.9375827326793604,54.11333088550525,431.3750789430676,7.6281440066193715,159.98286180891762,54.11333088550525,0.0,0.0,True,True,True,False,False,False,False,False,,
0.8774893248056079,0.8331271947985506,89.6032172872209,587.1628255474177,20.39903652541792,111.25490615365068,89.6032172872209,0.0,0.0,True,True,True,True,True,False,False,False,,
0.5933988760075715,0.8546424914466004,52.228621043272305,1333.865624986472,8.54944925511147,159.94613656061827,52.228621043272305,0.0,0.0,True,True,True,False,False,False,False,False,,
0.9057954946897077,0.8252186277299103,108.00441208268009,1146.8947605917042,31.108920806676597,101.60095274611844,108.00441208268009,0.0,0.0,True,True,True,True,True,False,False,False,,
0.8716881653832917,0.8866174495374917,70.29706691792616,1665.8897484991712,15.063853570586772,124.73398067654139,70.29706691792616,0.0,0.0,True,True,True,True,True,False,False,False,,
0.8818579451399557,0.9048217119311321,89.29871555550528,1041.4708198555884,21.483350192789977,109.05010873667509,89.29871555550528,0.0,0.0,True,True,True,True,True,False,False,False,,
0.524979796349165,0.9648961570188542,94.62288697988824,1385.5298775916626,24.69003561825836,114.8736552113305,94.62288697988824,0.0,0.0,True,True,True,True,True,False,False,False,,
0.6150748832286076,1.0452711847866638,96.45367159167489,1706.8452846915388,26.465799265312068,109.29447228262063,96.45367159167489,0.0,0.0,True,True,True,True,True,False,False,False,,
1.0022398629593448,0.918209640619455,66.87009382233484,434.18215963475916,11.411916790267242,132.43435268293484,66.87009382233484,0.0,0.0,True,True,True,True,True,False,False,False,,
1.005358644822807,0.8093192782500169,58.57159123552808,1104.556149339558,10.031064903165506,143.0122445221345,58.571591235528075,0.0,0.0,True,True,True,True,True,False,False,False,,
0.5465290406253515,0.7059983416253205,96.55949783482751,490.0059197884412,17.377596740291928,126.34284931990537,83.31530411089753,0.0,0.0,True,True,True,True,True,False,False,False,,
1.0290901206161869,0.8833179430058652,105.86422064768587,1667.1523322088542,31.22847133968765,99.02329391271303,105.86422064768587,0.0,0.0,True,True,True,True,True,False,False,False,,
0.7984220655360097,1.030632808221756,80.35711678385327,779.9070663746835,17.00630294135594,116.2150003420967,80.35711678385327,0.0,0.0,True,True,True,True,True,False,False,False,,
0.9986420816863691,0.6219658686671948,76.2403737713258,1656.6038572178725,17.357344142717604,122.07630382285457,76.2403737713258,0.0,0.0,True,True,True,True,True,False,False,False,,
0.7914145255457936,0.9132247231448057,81.0107271179641,775.0897848377189,17.254154058986845,117.1087884341044,81.0107271179641,0.0,0.0,True,True,True,True,True,False,False,False,,
0.6257441577536746,0.5385206755331988,94.75893470877611,1537.7564610810864,24.77092829866601,121.46456190916886,94.75893470877611,0.0,0.0,True,True,True,True,True,False,False,False,,
0.8991813500782153,0.5458441822713574,58.830527894449524,599.4026874129177,9.226507452384915,151.4757078391183,58.83052789444952,0.0,0.0,True,True,True,False,False,False,False,False,,
1.039243669282654,0.5709594278364596,89.33309114788598,490.7212117936149,20.069218538714672,115.84550539820883,89.33309114788598,0.0,0.0,True,True,True,True,True,False,False,False,,
1.0447936232521915,0.7763027938886397,50.51772613558203,185.7466856940183,6.336848213139887,174.50689489796844,50.51772613558203,0.0,0.0,True,True,True,False,False,False,False,False,,
1.1602690268770837,1.099903606846485,59.1860078358755,248.3769371533137,8.7306908172673,146.23759456200045,59.1860078358755,0.0,0.0,True,True,True,True,True,False,False,False,,
0.9144510252696972,0.7822766993890282,105.09766927328184,1134.1686064958396,29.51378029676635,103.27042229588872,105.09766927328184,0.0,0.0,True,True,True,True,True,False,False,False,,
0.4683661147973952,0.642451319615437,57.64758018163611,663.4652282045523,8.946468792295287,159.53097718849196,57.6475801816361,0.0,0.0,True,True,True,False,False,False,False,False,,
0.5134175826498185,1.0410290014207475,68.64266960598952,1214.0777413741887,13.469125246288256,133.5809283065459,68.64266960598952,0.0,0.0,True,True,True,True,True,False,False,False,,
0.5889817566352697,0.7136963327034179,95.91546197875587,1235.639616427388,24.944541148717466,116.4748324333177,95.91546197875587,0.0,0.0,True,True,True,True,True,False,False,False,,
0.8863446763739471,0.7882257761472041,69.48975555265616,155.17036778626928,8.701597785745262,150.93925684853687,59.70671997793511,0.0,0.0,True,True,True,False,False,False,False,False,,
0.7936622054909153,0.7290676751206344,62.90133588279373,402.2963335162127,10.080041534462499,143.7202495672994,62.90133588279373,0.0,0.0,True,True,True,True,True,False,False,False,,
0.46832680649832975,0.6010193681889405,67.74088826353609,594.4162808623287,11.914075971564762,145.43411266502653,67.74088826353609,0.0,0.0,True,True,True,True,True,False,False,False,,
0.5383824724585863,0.7266615170522712,92.24020714774592,371.48109858183096,12.918134395452807,136.78338392467057,71.99980421843526,0.0,0.0,True,True,True,True,True,False,False,False,,
0.8556633090255152,0.8407913808240495,61.04000499207153,1661.726079496501,11.783395147994321,138.04187900882732,61.04000499207152,0.0,0.0,True,True,True,True,True,False,False,False,,
0.6616347554665769,0.895522522108843,87.34193391893247,373.13740894836945,15.862668588299476,122.79083626882435,79.99466971107353,0.0,0.0,True,True,True,True,True,False,False,False,,
0.9643731453348788,0.9820985342782168,54.19952678874484,977.6506147951164,8.545857110871287,151.93400381004287,54.19952678874484,0.0,0.0,True,True,True,False,False,False,False,False,,
1.1761292602373241,0.7796066543162621,56.65291266387115,515.2031098362436,8.473008404739947,151.1044097668426,56.65291266387115,0.0,0.0,True,True,True,False,False,False,False,False,,
1.1955875870319956,0.561806276471991,94.3839511116464,1695.451444893088,24.918409493360254,110.66831092994751,94.3839511116464,0.0,0.0,True,True,True,True,True,False,False,False,,
1.1112770283544768,0.8528218384779274,100.35741527364686,828.2568468752551,26.187983449414034,101.30987398604096,100.35741527364686,0.0,0.0,True,True,True,True,True,False,False,False,,
1.0322602893145583,0.6791224681346171,109.72444483856759,597.5176228612495,30.203433516916732,103.47072492614859,109.72444483856759,0.0,0.0,True,True,True,True,True,False,False,False,,
0.9831453553718325,0.6035877895934352,61.719830750492314,1177.2059638188387,11.1405315481271,140.73756954376478,61.719830750492314,0.0,0.0,True,True,True,True,True,False,False,False,,
0.7368226044933497,1.0829101358313196,61.44082964302615,340.5704188009421,9.522228943430227,144.6483831334098,61.44082964302615,0.0,0.0,True,True,True,True,True,False,False,False,,
0.9755222884185538,0.5051949576815312,94.98783286151775,155.72663360693102,9.596312160051497,149.02137842241535,62.75055113243251,0.0,0.0,True,True,True,True,True,False,False,False,,
0.50001674813575,0.5474135793990044,85.29287474751919,1144.218775113776,19.790197318917826,129.99059327316846,85.29287474751919,0.0,0.0,True,True,True,True,True,False,False,False,,
0.7579963494114847,0.6512078322825161,69.16944624732015,585.5362915311897,12.448032659545506,134.95222818782608,69.16944624732015,0.0,0.0,True,True,True,True,True,False,False,False,,
0.7568746486431479,0.6290553146311869,61.114895190813755,468.17076871264004,9.657011307456676,148.44027205035036,61.11489519081376,0.0,0.0,True,True,True,True,True,False,False,False,,
1.1994736789822413,0.5363383499403332,90.23539931963234,775.6702898836953,21.26785160305557,114.30583467175849,90.23539931963234,0.0,0.0,True,True,True,True,True,False,False,False,,
0.9524626931591517,0.5569161757605001,80.30550313390285,1660.7258569999785,18.845087573576688,121.41523292977459,80.30550313390285,0.0,0.0,True,True,True,True,True,False,False,False,,
0.8784748992307801,0.5805034585419114,62.46912428387267,1112.5724478943307,11.25624250535729,141.39414232373778,62.46912428387267,0.0,0.0,True,True,True,True,True,False,False,False,,
1.0355357068485314,0.9315627122418955,66.01017478790875,850.6298888664577,11.938041400328064,130.49431255974756,66.01017478790875,0.0,0.0,True,True,True,True,True,False,False,False,,
0.8347198689390258,0.8015634991265509,79.77437179246834,1554.8538115712852,18.600189314332628,117.39819212180366,79.77437179246834,0.0,0.0,True,True,True,True,True,False,False,False,,
0.937504825684819,0.9189299302616828,63.88992390536291,337.6608707303592,10.276764319765595,138.80826235209662,63.88992390536292,0.0,0.0,True,True,True,True,True,False,False,False,,
0.9661629407951172,0.8625857886634651,67.11897277744508,1709.4436809258611,13.985484011203631,127.82494672731997,67.11897277744508,0.0,0.0,True,True,True,True,True,False,False,False,,
0.4886414082630274,1.0492901541637338,55.272814439536816,1482.8198157667823,9.640554889529712,153.937771819469,55.272814439536816,0.0,0.0,True,True,True,False,False,False,False,False,,
0.7264996424479444,0.8325181477217171,71.20596956648805,1521.1949168798494,15.084236876422112,126.82339808941599,71.20596956648805,0.0,0.0,True,True,True,True,True,False,False,False,,
0.8903493989377138,0.9379473254617277,64.52050595407754,1770.2345335100233,13.168734770994151,131.30328084570502,64.52050595407754,0.0,0.0,True,True,True,True,True,False,False,False,,
0.7911324298181401,0.922754463454144,51.09376808718485,1602.5419389283716,8.671035771165363,158.03723488961134,51.09376808718485,0.0,0.0,True,True,True,False,False,False,False,False,,
0.70275154662444,0.9904796642648523,81.29380300694204,170.87980108405213,7.637594291924508,160.69957742311058,55.79095153702028,0.0,0.0,True,True,True,False,False,False,False,False,,
0.8247572856309662,0.7893265697848004,97.44700398095972,512.957963318062,23.705326438173866,108.89549424261381,97.44700398095972,0.0,0.0,True,True,True,True,True,False,False,False,,
0.5979823041111114,0.554523007140215,88.12298951149702,708.7027602059472,19.94943828916901,125.1926491387058,88.12298951149702,0.0,0.0,True,True,True,True,True,False,False,False,,
1.0140330735653653,1.0860251319200145,52.25031804452795,330.2228753088335,6.991649174019138,164.2699147940359,52.25031804452795,0.0,0.0,True,True,True,False,False,False,False,False,,
1.0321662557388822,0.6923857282765287,85.60431976211703,1371.5758782801008,20.726187196378298,112.8969726588036,85.60431976211703,0.0,0.0,True,True,True,True,True,False,False,False,,
0.8345504204685245,1.0403287275397035,86.37187923293067,1536.9608341166627,21.443345237686117,109.36577001872355,86.37187923293067,0.0,0.0,True,True,True,True,True,False,False,False,,
1.173681332097638,0.6373029719206219,54.90089206888238,256.00646932846513,7.564835598183507,160.80061443773434,54.90089206888238,0.0,0.0,True,True,True,False,False,False,False,False,,
0.8943014936062805,0.9832018467616763,101.06915323173013,1222.4363705432033,27.686637766459118,101.40460958420394,101.06915323173013,0.0,0.0,True,True,True,True,True,False,False,False,,
0.6764922437805606,0.5185056156162219,78.11263951424063,1670.6871286939395,17.8429756353462,129.1491666591933,78.11263951424063,0.0,0.0,True,True,True,True,True,False,False,False,,
0.6864908529579402,1.0287967955732342,102.63984285119834,1697.1326302100977,29.5692366856781,104.79639562948445,102.63984285119834,0.0,0.0,True,True,True,True,True,False,False,False,,
0.7588898493681022,0.5529986023704728,54.69644590884909,347.0739696368895,7.641924534504149,165.01311864001605,54.69644590884909,0.0,0.0,True,True,True,False,False,False,False,False,,
1.0399716962071732,0.8971078436269685,103.622291838298,893.552468611815,28.01999911456082,99.93010502256328,103.622291838298,0.0,0.0,True,True,True,True,True,False,False,False,,
0.5156288994798275,0.8297010426761002,91.23069314613653,951.7409040990526,21.89109608696188,119.42560576658009,91.23069314613653,0.0,0.0,True,True,True,True,True,False,False,False,,
1.1442373304978202,0.855775313809976,53.495228054496344,1346.0479429087995,8.949606997116256,150.9812300789833,53.495228054496344,0.0,0.0,True,True,True,False,False,False,False,False,,
0.8148220662399721,0.8987204482581738,103.44959462014295,1199.8749136134634,28.799381970915842,103.38008453287637,103.44959462014295,0.0,0.0,True,True,True,True,True,False,False,False,,
0.6698419622668215,0.8715057871621652,98.25035134959415,1372.1001676743203,26.569610352652198,109.39784742142825,98.25035134959415,0.0,0.0,True,True,True,True,True,False,False,False,,
1.0976412164481535,0.7511717993108991,75.15466715520286,1473.1019884307075,16.56470578637506,119.34625959963152,75.15466715520286,0.0,0.0,True,True,True,True,True,False,False,False,,
0.6576729404460873,1.0268684288072358,105.99373251942762,1594.9928962575357,31.255578860699917,104.65708944971308,105.99373251942762,0.0,0.0,True,True,True,True,True,False,False,False,,
0.8364866544426421,0.6093239792099393,77.86246363737507,101.72901271324992,5.376313392388663,193.7410363517332,46.964469572117906,0.0,0.0,True,True,True,False,False,False,False,False,,
0.8223516690140746,0.7216188718243398,70.89764567913741,1421.6451968855085,14.779576796910684,127.40860066380694,70.89764567913741,0.0,0.0,True,True,True,True,True,False,False,False,,
1.0619343710788673,0.5411854320639892,71.53663468878385,1211.612737518397,14.610607154459695,128.83682659299186,71.53663468878385,0.0,0.0,True,True,True,True,True,False,False,False,,
0.550325288119383,0.5694339261496699,106.59724899102383,923.0856401138424,29.229633935118333,120.6226899290785,106.59724899102383,0.0,0.0,True,True,True,True,True,False,False,False,,
0.648541098187635,1.034326824304731,52.01683844061223,584.9524297430885,7.316201721461704,165.23200282258142,52.01683844061223,0.0,0.0,True,True,True,False,False,False,False,False,,
0.4031850789464603,0.9729698111382498,96.39607740246754,1002.1402703408897,24.217571298562095,122.22607780245137,96.39607740246754,0.0,0.0,True,True,True,True,True,False,False,False,,
1.0034276382264906,0.7020568856226296,87.28013635292045,624.8516120448693,19.53176376435498,113.39443090575901,87.28013635292045,0.0,0.0,True,True,True,True,True,False,False,False,,
0.9373421284657267,0.6555775467535215,52.805022480758794,1255.1891107426188,8.603998890466526,156.92432965244421,52.805022480758794,0.0,0.0,True,True,True,False,False,False,False,False,,
0.8104531538108186,1.0964546669103807,99.17110005276709,1053.423522208182,26.159413688359347,102.69263261232632,99.17110005276709,0.0,0.0,True,True,True,True,True,False,False,False,,
0.5713119823057963,1.0325766711827384,81.61162279807424,518.9870068756585,16.791988603793982,121.91655260489242,81.61162279807424,0.0,0.0,True,True,True,True,True,False,False,False,,
1.1952207527334353,0.9939072690111672,68.9306905670845,901.7187162998869,13.04746144427478,124.27648989348349,68.9306905670845,0.0,0.0,True,True,True,True,True,False,False,False,,
1.0483423834912793,0.9847034335593591,90.86108009787569,1638.3207927955864,23.873652098042236,104.18111393998711,90.86108009787569,0.0,0.0,True,True,True,True,True,False,False,False,,
0.8236142747683924,0.878249478950285,64.67657055169003,990.8127036789898,11.744318004415991,134.51065145100384,64.67657055169003,0.0,0.0,True,True,True,True,True,False,False,False,,
0.4180127296284648,0.5231392747564345,71.42707643103425,1737.9604241283707,15.27136890679311,143.50421956937174,71.42707643103425,0.0,0.0,True,True,True,True,True,False,False,False,,
0.9079041955509941,0.5898858807784597,57.34654433928613,1627.6968777589489,10.547849415518877,147.95793930785766,57.34654433928613,0.0,0.0,True,True,True,True,True,False,False,False,,
0.44954752690031863,1.0355373448238105,55.93372092399559,1517.8284317824387,9.88591378213964,154.08742907126495,55.93372092399559,0.0,0.0,True,True,True,False,False,False,False,False,,
0.7646807625647958,0.8789459048146128,69.34964718435168,845.7523898088114,13.03614689719363,129.7160345872137,69.34964718435168,0.0,0.0,True,True,True,True,True,False,False,False,,
0.7052217363494722,1.0480165687216716,91.00784036174572,1540.156491815251,23.547149509395076,109.16581898128182,91.00784036174572,0.0,0.0,True,True,True,True,True,False,False,False,,
0.773539847260412,0.592181775050803,93.23241965497125,1584.8106751497448,24.349563910218116,115.85271133465865,93.23241965497125,0.0,0.0,True,True,True,True,True,False,False,False,,
0.8471161416663489,0.8817393910931968,54.62569761080059,1613.7172837370827,9.699285493074319,149.66473824870445,54.62569761080059,0.0,0.0,True,True,True,True,True,False,False,False,,
1.061859463327822,0.8825556221446127,87.22770543109802,566.1217952939571,19.36953252948571,109.74643393880902,87.22770543109802,0.0,0.0,True,True,True,True,True,False,False,False,,
0.9891665983120991,0.552141671558093,92.67724043608197,924.3276762471562,22.741326008932997,114.39364590748279,92.67724043608197,0.0,0.0,True,True,True,True,True,False,False,False,,
0.9518036249039217,0.5796214305548588,99.21389077327657,1351.383951470644,27.140800347907636,110.84096652965415,99.21389077327657,0.0,0.0,True,True,True,True,True,False,False,False,,
0.9689900062752207,1.070012269208724,52.9875582361636,644.84507158356,7.681095855675362,157.8329447876028,52.9875582361636,0.0,0.0,True,True,True,False,False,False,False,False,,
0.9363255101358489,0.6339839688464076,51.70444891007434,1127.971638648125,8.102275717296278,160.75315840273694,51.70444891007434,0.0,0.0,True,True,True,False,False,False,False,False,,
0.9359274275674763,0.7921113344269273,109.6384584866606,1279.5388131944717,32.486421532741836,101.27069470266288,109.6384584866606,0.0,0.0,True,True,True,True,True,False,False,False,,
0.6068592487749698,0.5194829412048851,51.528997170861295,252.17501806743064,6.66748316220383,178.31817349915315,51.528997170861295,0.0,0.0,True,True,True,False,False,False,False,False,,
0.9922004171639816,0.6655155098034764,51.663262904284245,1797.2056298661264,9.141956705264878,157.4771537992366,51.663262904284245,0.0,0.0,True,True,True,False,False,False,False,False,,
0.4171010328607221,0.7652258492444978,60.05295330100922,441.56106145647254,9.236754629080526,157.6552113474985,60.05295330100922,0.0,0.0,True,True,True,False,False,False,False,False,,
0.4799045352603445,0.5646263546637434,77.03472882652821,1731.3717651121708,17.424637416683368,134.72867774518207,77.03472882652821,0.0,0.0,True,True,True,True,True,False,False,False,,
0.8760139590761078,0.5728445713414293,66.50538068105908,280.3705244499164,10.983321480791655,140.84411880529137,66.50538068105908,0.0,0.0,True,True,True,True,True,False,False,False,,
0.6739595974284789,0.5836544968666848,79.90307702185714,1543.7631170387406,18.580808831183656,125.63955172564899,79.90307702185714,0.0,0.0,True,True,True,True,True,False,False,False,,
0.8510493448518257,0.7191155940050222,65.63120003513107,1544.1279361341042,13.124103258043204,133.24990852365758,65.63120003513107,0.0,0.0,True,True,True,True,True,False,False,False,,
0.9147692181945764,0.6076646030895654,89.12255680879014,729.2597516725581,20.581346902767176,115.6610723694277,89.12255680879014,0.0,0.0,True,True,True,True,True,False,False,False,,
0.7256702062850123,0.748174534261139,65.82071347972959,717.8694132707946,11.587634626973047,137.43469058618012,65.82071347972959,0.0,0.0,True,True,True,True,True,False,False,False,,
0.6154162087749347,1.0593363423035456,92.3618832172699,623.559007208437,21.576351070271688,112.5973281445792,92.3618832172699,0.0,0.0,True,True,True,True,True,False,False,False,,
1.1588714408160414,0.8525521257856307,80.28895295237656,436.6831071718176,16.235125170515712,115.57982793761542,80.28895295237656,0.0,0.0,True,True,True,True,True,False,False,False,,
0.9603066638626649,0.5910979036894863,101.79874685039242,1459.1373035986308,28.407851260419296,109.45557234759944,101.79874685039242,0.0,0.0,True,True,True,True,True,False,False,False,,
0.45575190896428225,0.514840963438493,104.93682246402008,638.9121260069123,19.119242550420296,133.8775262013403,86.87649920780132,0.0,0.0,True,True,True,True,True,False,False,False,,
0.5464470122724479,0.5556632423944114,50.718687461974845,1332.5069371405511,8.13412601251228,168.73929108264826,50.718687461974845,0.0,0.0,True,True,True,False,False,False,False,False,,
0.5885356271188009,1.0547394727492017,79.66791034076404,312.3753985778619,11.81574295955358,135.77770441417346,69.03070189758576,0.0,0.0,True,True,True,True,True,False,False,False,,
1.196710781621575,0.6091534776817124,103.65398523842904,1286.4336956685602,29.367111457370743,105.18053873212428,103.65398523842904,0.0,0.0,True,True,True,True,True,False,False,False,,
0.42412408010119296,0.7761383628408116,87.95089673702061,1156.5203638532976,20.88572517003347,126.83311194953123,87.95089673702061,0.0,0.0,True,True,True,True,True,False,False,False,,
0.6686807479068368,1.0438058001900754,107.57709258687596,686.1275281076532,29.098535127656575,104.54122828808063,107.57709258687596,0.0,0.0,True,True,True,True,True,False,False,False,,
0.7428320199013125,0.9742045983187856,97.2885600172935,604.8541664312463,23.857116037742703,107.55045207466252,97.2885600172935,0.0,0.0,True,True,True,True,True,False,False,False,,
0.9591228186643833,0.7964924080051454,103.82662207065181,1480.5280832631763,29.9840083149979,102.49275252160194,103.82662207065181,0.0,0.0,True,True,True,True,True,False,False,False,,
0.5126637153695497,0.8752057368605239,92.48201966173826,1322.3944822911756,23.485602445376525,117.7746801352719,92.48201966173826,0.0,0.0,True,True,True,True,True,False,False,False,,
0.5159619919914302,0.8004397168810066,99.85706817007996,196.31612187772043,6.500409098556704,178.59623537217894,51.239435567941655,0.0,0.0,True,True,True,False,False,False,False,False,,
0.960362412605488,0.9779314403632919,80.14867287350316,1505.0501227779037,18.667408411401645,113.00446007874987,80.14867287350316,0.0,0.0,True,True,True,True,True,False,False,False,,
0.9722225981928491,0.5614558534659307,58.49743075394344,867.3277667220746,9.596902559995183,148.9294460075019,58.49743075394344,0.0,0.0,True,True,True,True,True,False,False,False,,
1.1326196789617669,1.002446013571639,84.39535639429393,1702.4145391110903,21.0350447135685,107.39791949742225,84.39535639429393,0.0,0.0,True,True,True,True,True,False,False,False,,
0.6313344906366457,1.038704448349517,93.8209019720193,1149.7124600479851,23.736956663844886,110.39337802702725,93.8209019720193,0.0,0.0,True,True,True,True,True,False,False,False,,
1.0103917586385145,0.788615083766841,95.82834824768128,1057.555573612171,24.62233278541127,105.54811078278371,95.82834824768128,0.0,0.0,True,True,True,True,True,False,False,False,,
1.0210479991852828,0.675353302974546,97.48766946430068,465.13641996813374,23.665973431055114,108.56768107800258,97.48766946430068,0.0,0.0,True,True,True,True,True,False,False,False,,
0.8653504101045006,0.8592269310460914,102.56464720731701,287.6422064327301,15.846602599853144,119.4770929269115,80.32297883976952,0.0,0.0,True,True,True,True,True,False,False,False,,
0.42328743151760884,1.0280420543151503,76.48902669662363,1643.0781395417712,17.276131350989274,129.63665330674124,76.48902669662363,0.0,0.0,True,True,True,True,True,False,False,False,,
0.8816329705120085,1.0002292850787011,101.36711261579941,793.6181428931,26.48472020811739,101.89488512933431,101.36711261579941,0.0,0.0,True,True,True,True,True,False,False,False,,
0.40996227417791326,0.9925775318275485,61.77019025155547,1637.8399732235348,11.9040634120887,146.35060956926887,61.77019025155547,0.0,0.0,True,True,True,True,True,False,False,False,,
0.5117888170202398,0.5464801799673389,79.03467173813041,588.38868828474,15.92752908104168,134.5655935022951,79.03467173813041,0.0,0.0,True,True,True,True,True,False,False,False,,
0.9047750581394588,0.8552692491497746,101.603945606613,1367.411875417316,28.42467948887011,103.01527899810335,101.603945606613,0.0,0.0,True,True,True,True,True,False,False,False,,
0.7673757934035146,0.7224632588658082,67.93245504723201,1572.182028248834,13.986738587481405,131.4655078211576,67.93245504723201,0.0,0.0,True,True,True,True,True,False,False,False,,
0.8411004299904912,0.5870584855747831,71.58393230819142,1568.060792205853,15.344978485045964,129.45238546373608,71.58393230819142,0.0,0.0,True,True,True,True,True,False,False,False,,
0.8500178022913512,0.5892979598840038,81.69876978987688,817.102974712925,17.6481781748938,121.77926335796361,81.69876978987688,0.0,0.0,True,True,True,True,True,False,False,False,,
0.5822508551721766,0.8485691641035686,107.63333715783476,426.03759527878765,16.02537212014842,125.22450938696798,80.18562681999799,0.0,0.0,True,True,True,True,True,False,False,False,,
0.800511667640265,0.8767043849409422,97.02105120259898,1522.408744591538,26.490721591160337,106.50681737012222,97.02105120259898,0.0,0.0,True,True,True,True,True,False,False,False,,
0.6197764511092524,1.027773584398595,61.851965567658596,184.85287715531712,7.312451874875204,165.2074117160602,54.493931477574925,0.0,0.0,True,True,True,False,False,False,False,False,,
0.4047353380768808,0.8386326462825577,86.65571930826727,932.6066935806,19.722302244729384,128.1235725188575,86.65571930826727,0.0,0.0,True,True,True,True,True,False,False,False,,
0.8507712985908542,0.9869177581304185,99.54672360014999,1202.5425910450763,26.82681063567236,102.82285187393221,99.54672360014999,0.0,0.0,True,True,True,True,True,False,False,False,,
0.5436421301758916,0.5934297695841636,59.68403018185119,1014.8758994185417,10.168426438311192,151.86528931062782,59.68403018185119,0.0,0.0,True,True,True,False,False,False,False,False,,
0.6456795991912845,0.6349673675243731,87.80756191760437,1321.5127763772227,21.450661486301062,120.25136270987429,87.80756191760437,0.0,0.0,True,True,True,True,True,False,False,False,,
1.017712922534937,0.5791568419061368,101.02153729983064,199.28290142413465,12.827634056629822,131.75977655195652,72.50453338783731,0.0,0.0,True,True,True,True,True,False,False,False,,
0.5591478593667916,0.5186811329458573,82.39188764343706,661.2091172337755,17.43703465442991,131.29038096532713,82.39188764343706,0.0,0.0,True,True,True,True,True,False,False,False,,
0.6964452071909171,0.9580636953031108,54.931138566362506,228.3382877325285,7.504686978092184,162.34868772437733,54.931138566362506,0.0,0.0,True,True,True,False,False,False,False,False,,
1.1402085804347164,0.8090006998709278,62.57075220899155,1398.2599027876129,11.829462055624509,133.9653530807802,62.57075220899155,0.0,0.0,True,True,True,True,True,False,False,False,,
0.6927395909913447,0.675604077364886,58.48476995179588,1283.7241899126377,10.29209698889021,147.84409666409007,58.48476995179589,0.0,0.0,True,True,True,True,True,False,False,False,,
0.7477383405518006,0.7469186103823965,98.53066079390462,288.10294862757695,13.753966739800626,128.72522226089998,74.72504325143817,0.0,0.0,True,True,True,True,True,False,False,False,,
1.1756749519243024,0.7848164108930598,60.93417122096733,1466.6813466019248,11.417932180178697,136.54802954264903,60.93417122096733,0.0,0.0,True,True,True,True,True,False,False,False,,
0.9459137306238842,0.9607788092499473,85.72697460869148,1264.2522621200028,20.488283385189444,109.32922939651839,85.72697460869148,0.0,0.0,True,True,True,True,True,False,False,False,,
0.6181897302763314,0.9614293439493073,98.4948163358163,825.3736203688185,24.989799740120795,110.29263231023843,98.4948163358163,0.0,0.0,True,True,True,True,True,False,False,False,,
0.7706235626839665,0.6526768050040438,85.48416783744796,1089.5999958320544,19.885608183979365,118.2830906390663,85.48416783744796,0.0,0.0,True,True,True,True,True,False,False,False,,
0.9705987315241308,0.6914973744514645,53.356759683238685,1320.0522491321217,8.863225566343305,154.503695089969,53.356759683238685,0.0,0.0,True,True,True,False,False,False,False,False,,
1.1600074280166193,0.7171312280980751,101.79030958930606,772.4646083976912,26.74542969286888,103.25938403053875,101.79030958930606,0.0,0.0,True,True,True,True,True,False,False,False,,
0.46810051671166353,0.5607834862123156,71.74808535129313,746.9733202252776,13.586628686535754,141.3865603443923,71.74808535129313,0.0,0.0,True,True,True,True,True,False,False,False,,
0.7607818583667654,1.0792492693896991,74.84636532114368,396.45741641944056,14.03697109818198,123.86318965777181,74.84636532114368,0.0,0.0,True,True,True,True,True,False,False,False,,
0.8560411861479931,1.010889719267536,83.48929448903749,425.13480804200714,17.417420406480385,114.38710916089555,83.48929448903749,0.0,0.0,True,True,True,True,True,False,False,False,,
0.4804857690102775,0.577029165590643,98.23502937688573,971.114650288941,25.13230982722495,125.57718768884912,98.23502937688573,0.0,0.0,True,True,True,True,True,False,False,False,,
1.0654077548302374,0.9698849557694852,63.75770675991122,598.5372674762021,10.731217873355922,135.1767958825795,63.75770675991122,0.0,0.0,True,True,True,True,True,False,False,False,,
0.9991833756025779,1.0118934501630203,61.47544243221367,1443.6364885817848,11.543929102993301,134.72185912930547,61.47544243221367,0.0,0.0,True,True,True,True,True,False,False,False,,
0.8306156115603573,1.0555528819881312,80.99508746153262,970.4432897015631,17.724102816639498,114.30636671355298,80.99508746153262,0.0,0.0,True,True,True,True,True,False,False,False,,
0.5864647538534237,0.8809898597879162,72.9450204921185,1020.8059499097778,14.643345555397277,128.80487183629586,72.9450204921185,0.0,0.0,True,True,True,True,True,False,False,False,,
0.48900868181352525,0.5883781415707209,98.13322503235537,711.3403195595273,22.85608228033438,125.9935754498399,94.95426933184709,0.0,0.0,True,True,True,True,True,False,False,False,,
0.6146216823563214,0.7982266216553797,56.30713361769652,191.67819970524533,7.523243265127956,164.81380610570108,55.25960776837536,0.0,0.0,True,True,True,False,False,False,False,False,,
0.5692400342917228,0.5343062464303812,68.42595009931802,1662.55452598882,14.301866806292358,139.7464750449257,68.42595009931802,0.0,0.0,True,True,True,True,True,False,False,False,,
0.6561792054022295,1.078482242752393,67.49274113866723,790.7312636093071,12.271695242921693,132.61259423433916,67.49274113866723,0.0,0.0,True,True,True,True,True,False,False,False,,
0.5495098209567586,0.6958536459556472,88.53651078925313,933.3143174069197,20.684335534170014,122.01115626972467,88.53651078925313,0.0,0.0,True,True,True,True,True,False,False,False,,
0.48841543082011435,1.070379425627162,71.89185827330849,1210.4245596694745,14.618178884481052,130.7796235735008,71.89185827330849,0.0,0.0,True,True,True,True,True,False,False,False,,
0.6510583571059689,0.8112061338414419,71.31177765092659,487.5967863118638,12.95898133006016,132.38771556305298,71.31177765092659,0.0,0.0,True,True,True,True,True,False,False,False,,
0.9608279911323311,0.5022075156299153,83.84734789857423,1252.0742223561024,19.638718930011187,121.32262833688851,83.84734789857423,0.0,0.0,True,True,True,True,True,False,False,False,,
0.9102519934935215,0.8808222785747395,82.70043244433211,1067.6369932954515,18.68419793925253,113.46387587898637,82.70043244433211,0.0,0.0,True,True,True,True,True,False,False,False,,
0.6879136542014272,0.8049117659722858,57.07887181202716,702.5808635485627,8.882659388983534,152.725622771322,57.07887181202716,0.0,0.0,True,True,True,False,False,False,False,False,,
1.046729085558331,1.0567749695961761,100.12525074491593,788.1551798221846,25.92622396913224,99.27109771448173,100.12525074491593,0.0,0.0,True,True,True,True,True,False,False,False,,
1.1411855354954032,0.6359642878756764,96.33833370423824,1326.308010833775,25.69970503864277,107.59744284749907,96.33833370423824,0.0,0.0,True,True,True,True,True,False,False,False,,
0.6776949678456526,0.9311968917752604,85.0368894235028,226.25015895197976,9.783819925009778,145.03610620203932,63.0418683222607,0.0,0.0,True,True,True,True,True,False,False,False,,
1.0280238474007493,0.6122659553276505,57.746629473851506,1715.750951544375,10.828708072143417,145.6600542404079,57.746629473851506,0.0,0.0,True,True,True,True,True,False,False,False,,
0.8607083122690219,0.7801327845504178,76.77466042813396,1599.298797123172,17.46336300883982,119.9520543888548,76.77466042813396,0.0,0.0,True,True,True,True,True,False,False,False,,
0.7997019155458926,0.9804792904635684,100.53270141449384,227.37294122101622,11.56283471053486,133.3299196640688,68.65164634916249,0.0,0.0,True,True,True,True,True,False,False,False,,
0.4822615191620488,0.9500865965149317,58.81572355766595,144.08287568760983,4.457684709231131,218.00022730783212,42.438984898932155,0.0,0.0,True,True,True,False,False,False,False,False,,
0.5500661188933895,0.9417115314846636,99.37826621643362,987.7761803815985,25.832832024042848,112.76192247864144,99.37826621643362,0.0,0.0,True,True,True,True,True,False,False,False,,
0.5668197212565742,0.5312120096757958,82.5246727831758,643.0381389641294,17.450365145343785,130.49794818450928,82.5246727831758,0.0,0.0,True,True,True,True,True,False,False,False,,
0.6000787777188455,0.7541435956010504,68.14926885107968,635.1359610774556,12.17165796265336,137.45451065766414,68.14926885107968,0.0,0.0,True,True,True,True,True,False,False,False,,
1.0486348739354083,0.8855678968457892,74.37292329934775,1498.847939401209,16.305881539691626,118.52143398013013,74.37292329934775,0.0,0.0,True,True,True,True,True,False,False,False,,
0.7132229126236165,0.7462094232539465,84.93566176312078,347.5895276943379,15.884376410979355,123.80780489375948,80.16106594602564,0.0,0.0,True,True,True,True,True,False,False,False,,
1.0819138865424511,0.9806809844241823,73.16885507403072,131.40301643780623,8.956738830871227,145.7275514631632,60.70388878647654,0.0,0.0,True,True,True,True,True,False,False,False,,
0.9032149264192773,0.9738974498819783,77.38239693909549,1020.3510470846609,16.408599196297157,117.16592570148485,77.38239693909549,0.0,0.0,True,True,True,True,True,False,False,False,,
0.4758201460404352,0.9963817732394922,81.62869035359434,1264.8406240301822,18.529067964628084,123.91372587237679,81.62869035359434,0.0,0.0,True,True,True,True,True,False,False,False,,
0.7854164990693392,0.7374741499290108,64.10128799602356,1297.2294636267095,12.125415433663758,136.4816205292248,64.10128799602356,0.0,0.0,True,True,True,True,True,False,False,False,,
0.9409523498825496,0.6437044548672205,58.878903547504535,1072.7251874288131,10.065686356709373,145.5865103029136,58.87890354750453,0.0,0.0,True,True,True,True,True,False,False,False,,
0.45721802668560296,0.7140437469478219,84.33750836965812,1386.4547792156538,19.951232396550402,127.54053644246109,84.33750836965812,0.0,0.0,True,True,True,True,True,False,False,False,,
0.6013412982328266,0.5564719347707371,60.219206564501334,696.0825645823807,9.776567567326671,152.4627993201169,60.219206564501334,0.0,0.0,True,True,True,False,False,False,False,False,,
1.1022574159188987,0.9995394414991946,55.8042347134456,435.95144354834537,8.103220057789231,152.71074741698416,55.8042347134456,0.0,0.0,True,True,True,False,False,False,False,False,,
1.1830603073902242,0.5138770907355947,109.67510091308415,1329.361653256623,31.99295429278702,108.19689309709233,109.67510091308415,0.0,0.0,True,True,True,True,True,False,False,False,,
1.1991831624877811,0.663114121777106,66.15646415682964,1550.9790980298537,13.349038040354221,130.55031167079014,66.15646415682964,0.0,0.0,True,True,True,True,True,False,False,False,,
0.7469098523478368,0.5125051517361143,59.084561659467056,249.4030506125257,8.678953227322369,157.37843179592517,59.08456165946706,0.0,0.0,True,True,True,False,False,False,False,False,,
0.9464877328283761,0.8894439106365999,71.42895869984449,1464.9398288513003,15.085633600668883,122.71840437827359,71.42895869984449,0.0,0.0,True,True,True,True,True,False,False,False,,
1.151959101474955,1.0431212410297097,88.47138378452004,1530.3186922389882,22.470968177895806,103.96908247881788,88.47138378452004,0.0,0.0,True,True,True,True,True,False,False,False,,
0.8678086563158297,0.507098904877329,81.17879709706658,550.7198109814364,16.805043967202497,125.65001946234548,81.17879709706658,0.0,0.0,True,True,True,True,True,False,False,False,,
1.0107586657644925,0.6441070572985295,81.87827191238398,324.6522022985219,16.566843232983747,119.95247216081397,81.87827191238398,0.0,0.0,True,True,True,True,True,False,False,False,,
0.4949553066791492,0.9593706362156724,52.43458147569524,973.5486408076524,8.024273085004488,163.6007719098623,52.43458147569524,0.0,0.0,True,True,True,False,False,False,False,False,,
1.1826892177773982,0.5276634476396315,51.10190439536988,1688.0228868431998,8.818527794588809,160.4384231056758,51.10190439536988,0.0,0.0,True,True,True,False,False,False,False,False,,
0.6446860480358518,1.0517540864313797,70.85653578189374,1740.508014526081,15.387625647875526,126.3122758690413,70.85653578189374,0.0,0.0,True,True,True,True,True,False,False,False,,
0.5140873860702834,0.6259561910054492,54.59324471975117,397.465088285262,7.67307960232946,167.96521949898576,54.59324471975117,0.0,0.0,True,True,True,False,False,False,False,False,,
1.1257109555030083,0.5873569294127168,70.59948251943085,1120.0554086124125,14.08199102991557,128.1354657897714,70.59948251943085,0.0,0.0,True,True,True,True,True,False,False,False,,
0.4125020857732596,0.581330306517931,62.14268742726103,122.6274703146367,3.258841171909861,272.1895486860414,36.2096608965453,0.0,0.0,True,True,True,False,False,False,False,False,,
1.0397585007558807,0.7449203916087233,88.31336178170903,1620.6837644925395,22.543384273217626,109.85573369058953,88.31336178170903,0.0,0.0,True,True,True,True,True,False,False,False,,
0.7845150021790521,0.9849954557916673,91.7992582848619,958.9756881930865,22.356333501648916,108.4022397388081,91.7992582848619,0.0,0.0,True,True,True,True,True,False,False,False,,
1.0980850731750529,0.5750059986736735,92.94592823749713,613.3692315275484,22.022187211052994,112.7176554547429,92.94592823749713,0.0,0.0,True,True,True,True,True,False,False,False,,
1.0790782236918308,0.6639361321216821,102.47196369840282,1421.0718498888584,29.026513762007212,104.92624230353802,102.47196369840282,0.0,0.0,True,True,True,True,True,False,False,False,,
0.5395754766946104,0.7510076518984117,79.06694032347185,1169.021862232963,17.303163889830998,126.56367085900459,79.06694032347185,0.0,0.0,True,True,True,True,True,False,False,False,,
0.9764313367779778,0.8474104003260721,77.8122545049145,1539.7601703860937,17.774532350085327,116.50782296677684,77.8122545049145,0.0,0.0,True,True,True,True,True,False,False,False,,
0.9083573244484412,0.7717752446994016,97.71137891741529,283.6564962222146,16.386802597536665,118.91874564585515,81.72260971581824,0.0,0.0,True,True,True,True,True,False,False,False,,
0.4464764956813156,0.696623538369634,90.28229923855926,1307.7204121108146,22.35377608262056,125.95577973238522,90.28229923855926,0.0,0.0,True,True,True,True,True,False,False,False,,
1.0266591794079538,0.8590703401271237,100.79260114617666,928.3025519998488,26.68648831648755,101.8577845460112,100.79260114617666,0.0,0.0,True,True,True,True,True,False,False,False,,
1.0951066354397234,0.6451151402690112,95.07370752833228,357.80969969113664,22.25953411675425,110.07021465779127,95.07370752833228,0.0,0.0,True,True,True,True,True,False,False,False,,
0.7732448032865475,1.0962753933809806,50.55769999560204,496.2711896047762,6.816163874430173,168.78925706621231,50.55769999560204,0.0,0.0,True,True,True,False,False,False,False,False,,
0.9529047404502126,0.9139370872535106,88.84618110422852,1277.8217050892163,21.929528272869295,107.78677024154476,88.84618110422852,0.0,0.0,True,True,True,True,True,False,False,False,,
0.600489163532345,0.7933222919715681,60.82917137648473,1310.544928962959,11.057718244518629,143.96219298227308,60.82917137648472,0.0,0.0,True,True,True,True,True,False,False,False,,
0.4401452548463256,0.887893438894048,51.247496398112304,920.3596260914195,7.620558616650239,169.41364039288445,51.247496398112304,0.0,0.0,True,True,True,False,False,False,False,False,,
0.506905322911282,0.8901668632351998,105.32609102835687,1494.9701922809409,30.397485129945274,113.72900145750314,105.32609102835687,0.0,0.0,True,True,True,True,True,False,False,False,,
0.896212371497223,0.5028768805063878,88.26517447753471,550.2684547788621,19.729185637293895,120.86102381578904,88.26517447753471,0.0,0.0,True,True,True,True,True,False,False,False,,
0.6274703655481739,0.7652766204231471,95.01404945608526,1025.5515643787824,23.939235798288795,114.45023176743436,95.01404945608526,0.0,0.0,True,True,True,True,True,False,False,False,,
0.9073555185779518,1.0401279215394421,76.50658650980704,1291.2971941026829,16.67327449828549,116.570984577221,76.50658650980704,0.0,0.0,True,True,True,True,True,False,False,False,,
0.49405779507056896,0.7737989297310639,90.80303403863218,1249.515442268197,22.490206763792848,121.3250544541434,90.80303403863218,0.0,0.0,True,True,True,True,True,False,False,False,,
0.5358221520048336,0.8601452307708228,73.41900668946369,1352.930702962252,15.510198752073618,129.37417341240408,73.41900668946369,0.0,0.0,True,True,True,True,True,False,False,False,,
1.0785139777641035,0.7970761450233119,80.25619940029338,536.6722713405904,16.44738305988606,116.66533554832473,80.25619940029338,0.0,0.0,True,True,True,True,True,False,False,False,,
0.7168103859915677,0.6586579021497232,92.79130778560119,1732.480017054199,24.27859580189061,115.1869495499659,92.79130778560119,0.0,0.0,True,True,True,True,True,False,False,False,,
0.8763204923948222,1.0132645927256188,63.37210385110388,759.8096068391499,10.895106962683744,136.0685158981663,63.37210385110388,0.0,0.0,True,True,True,True,True,False,False,False,,
1.1997987361264548,0.8625455920983516,85.62494243878466,539.3524435593567,18.648620338730673,110.02429495349918,85.62494243878466,0.0,0.0,True,True,True,True,True,False,False,False,,
1.0776434562557435,0.6942146861411679,95.4179187667615,1668.5912932055676,25.707628306804505,106.91505019306477,95.4179187667615,0.0,0.0,True,True,True,True,True,False,False,False,,
0.9949017523804684,0.5681507008131645,87.5537298296482,1012.645131517484,20.65963450133597,116.29291703290484,87.5537298296482,0.0,0.0,True,True,True,True,True,False,False,False,,
0.5177609669571734,1.0204709996673444,100.77064557780653,666.8717080839689,22.60612400666951,115.77521757266021,94.60264922045994,0.0,0.0,True,True,True,True,True,False,False,False,,
0.62161934101356,0.8544288319235191,76.12377917740673,384.55639288537793,14.433407763944492,127.96337129102227,76.12377917740673,0.0,0.0,True,True,True,True,True,False,False,False,,
0.44633468459818976,0.550872670026084,66.81408587949844,1136.3593505702495,12.658433503510906,146.23899670636646,66.81408587949844,0.0,0.0,True,True,True,True,True,False,False,False,,
1.020317560899307,0.7934534152717552,80.9261892378008,877.5053023786177,17.513853440731502,115.4374064847719,80.9261892378008,0.0,0.0,True,True,True,True,True,False,False,False,,
1.0167801964896306,0.8518220052495824,101.01470011314748,781.3817171835465,26.334408895114453,102.32638079944677,101.01470011314748,0.0,0.0,True,True,True,True,True,False,False,False,,
1.1627760975124142,0.9036640318019187,72.8808839019093,367.344735554604,13.329386303797248,123.36116297562408,72.8808839019093,0.0,0.0,True,True,True,True,True,False,False,False,,
0.8634081794147677,0.9619054963918303,85.89656781280016,760.3235127371119,19.254726249796203,111.61360342188989,85.89656781280016,0.0,0.0,True,True,True,True,True,False,False,False,,
0.47082590652878686,0.6058229032316969,65.21634174686803,180.54361547946536,5.466571732549979,197.74419292114285,46.939530549043944,0.0,0.0,True,True,True,False,False,False,False,False,,
0.44925306289374817,0.7922541037769482,91.82249013996173,327.0451286346344,9.525097524859447,154.1547683838426,61.71160820521412,0.0,0.0,True,True,True,False,False,False,False,False,,
1.0698066826733508,0.6881014104233548,87.84657835155562,1362.8650015483126,21.724772914421955,111.25180863651713,87.84657835155562,0.0,0.0,True,True,True,True,True,False,False,False,,
0.9283804573202779,0.7124528609927151,58.7607535273395,1415.4324788013084,10.623672827053397,143.33625028493967,58.760753527339496,0.0,0.0,True,True,True,True,True,False,False,False,,
0.5496079616770742,0.6967870110080489,80.21494507746199,1660.9064046859044,18.88558507978544,126.11766950778696,80.21494507746199,0.0,0.0,True,True,True,True,True,False,False,False,,
1.073743597308158,0.6794397830311714,78.9232174711853,860.7171816051361,16.6782368783614,118.80858694163933,78.9232174711853,0.0,0.0,True,True,True,True,True,False,False,False,,
1.1739289544689326,0.8264404084832637,73.82633750996112,966.8344200141987,14.957555832355778,120.08616842647487,73.82633750996112,0.0,0.0,True,True,True,True,True,False,False,False,,
0.6811475663132988,1.0730936937796016,100.22187565821244,1344.5937053332198,27.49026025672188,105.44460599333048,100.22187565821244,0.0,0.0,True,True,True,True,True,False,False,False,,
1.1635300986415373,0.9080068759526143,103.06409689503587,225.31349350705352,16.567866688287616,113.9614125930833,82.43277316673101,0.0,0.0,True,True,True,True,True,False,False,False,,
0.6850229623611432,0.8965359904161583,65.04947374398442,911.3756650521749,11.6983073524063,136.33592058739956,65.04947374398442,0.0,0.0,True,True,True,True,True,False,False,False,,
1.1702435204857329,0.9653978980153527,93.75598318550817,537.8446876361072,22.194669395657037,103.21070978634809,93.75598318550817,0.0,0.0,True,True,True,True,True,False,False,False,,
0.900093815872769,0.6769817865022949,87.53271272845367,212.78654119967348,12.145363834653915,133.36298367593406,70.45851167685525,0.0,0.0,True,True,True,True,True,False,False,False,,
1.1818216721397592,0.6985836986063881,51.12350024372927,1120.4692714986425,7.941779711686646,159.76162802707682,51.12350024372927,0.0,0.0,True,True,True,False,False,False,False,False,,
0.956937633954651,0.7814762941348483,79.22223129685094,291.91125169417023,15.456020895485631,120.41118058496355,79.22223129685094,0.0,0.0,True,True,True,True,True,False,False,False,,
0.6941664146454494,0.8613891132644891,74.25534744238365,1454.7194533510544,16.102914970335952,124.04438104365906,74.25534744238365,0.0,0.0,True,True,True,True,True,False,False,False,,
0.7661185235619088,1.0908985689465953,88.2344291062962,1402.605843503367,21.916376163664875,109.02074820640216,88.2344291062962,0.0,0.0,True,True,True,True,True,False,False,False,,
0.8375149744639099,1.091333680244123,59.28161725253806,1692.187268691967,11.264315642539671,138.9961352695495,59.28161725253807,0.0,0.0,True,True,True,True,True,False,False,False,,
0.8985962804463149,0.633029626449584,64.9687877255435,1728.9126520260504,13.24873644604413,135.12531085812617,64.9687877255435,0.0,0.0,True,True,True,True,True,False,False,False,,
0.7288732498042022,0.9732258626536943,58.70362379691709,839.4191035755858,9.59253887336106,146.10130814246241,58.703623796917086,0.0,0.0,True,True,True,True,True,False,False,False,,
1.0331829533597054,0.6468715064473854,67.3307937863723,1587.53344080551,13.828893060302658,130.5342294605184,67.3307937863723,0.0,0.0,True,True,True,True,True,False,False,False,,
0.5666496225095076,0.6576893685529033,50.94312344913952,527.3689915475311,6.94694121724671,173.88924401921082,50.94312344913952,0.0,0.0,True,True,True,False,False,False,False,False,,
1.1531487122646036,0.6676355828216465,70.42860036043285,1336.59173881456,14.466333006490206,125.71103351826507,70.42860036043285,0.0,0.0,True,True,True,True,True,False,False,False,,
1.0988114341660613,0.7352421100015487,100.46145164270138,1748.174626643453,28.222759768955388,103.43856185169751,100.46145164270138,0.0,0.0,True,True,True,True,True,False,False,False,,
0.47793383652389737,0.6813228551133755,86.2478278974252,1115.135826087123,20.104339913735444,126.53305792680592,86.2478278974252,0.0,0.0,True,True,True,True,True,False,False,False,,
0.551227877165881,0.7614645417833534,55.44404523553957,1271.1834693839248,9.350021021792351,155.3435142602789,55.44404523553957,0.0,0.0,True,True,True,False,False,False,False,False,,
0.7179625844021195,0.746455812410589,107.41491447018211,370.60234710003226,17.062877969381333,121.26526620480601,83.04672059830214,0.0,0.0,True,True,True,True,True,False,False,False,,
0.7370046082827919,0.7145395894229698,81.26998816987995,1762.552858354016,19.415370233569732,119.78717972370488,81.26998816987995,0.0,0.0,True,True,True,True,True,False,False,False,,
0.6983794649006806,1.0702605675191885,63.64877945080639,1100.6205192056236,11.597496141154254,135.74847066843722,63.64877945080639,0.0,0.0,True,True,True,True,True,False,False,False,,
0.8288394799843932,0.8843310028333224,103.95982430765457,176.31942731893935,9.266030287545187,146.54696314854058,61.546420070614744,0.0,0.0,True,True,True,True,True,False,False,False,,
0.6300177577198166,0.5672475376518437,79.07717791669316,1734.5388670626226,18.288454218269827,127.9005804629631,79.07717791669316,0.0,0.0,True,True,True,True,True,False,False,False,,
0.8258342895965218,0.5150803049227466,97.55784407067557,1447.514753782058,26.0653016602996,116.6047378575404,97.55784407067557,0.0,0.0,True,True,True,True,True,False,False,False,,
0.925873929456098,0.7126859166351092,54.527040952471594,118.23180637336843,6.90918150171327,168.49864950488288,53.26728833178397,0.0,0.0,True,True,True,False,False,False,False,False,,
0.5001614267960806,0.7784860843327498,66.65718680046662,612.1664786251938,11.606150925465775,142.2744623209778,66.65718680046662,0.0,0.0,True,True,True,True,True,False,False,False,,
0.9333864248168401,0.9721288581548546,71.51667763389698,1163.3043340538609,14.488471330842199,122.53956242118495,71.51667763389698,0.0,0.0,True,True,True,True,True,False,False,False,,
0.40341786781011085,0.9954525262870836,56.912768875743225,1140.6348533795833,9.529745342737755,156.16634359791558,56.912768875743225,0.0,0.0,True,True,True,False,False,False,False,False,,
0.5444381920376355,1.0413558753657752,66.77512989793891,521.3946208519824,11.481247114331362,138.6089084910084,66.77512989793891,0.0,0.0,True,True,True,True,True,False,False,False,,
0.6630640616522607,0.5787884915779963,80.40775478830422,1113.0195155139522,17.770449764327694,126.11981742790636,80.40775478830422,0.0,0.0,True,True,True,True,True,False,False,False,,
0.7102876165942192,0.5065874331821623,60.36341893763954,710.9938840836606,9.860457348181676,151.28566702467367,60.36341893763953,0.0,0.0,True,True,True,False,False,False,False,False,,
0.8839674269551065,0.9909768618253203,65.0581622098986,714.4565650791421,11.351707147514926,133.73508825057246,65.0581622098986,0.0,0.0,True,True,True,True,True,False,False,False,,
0.8871413349371048,1.027218473141266,51.02127550357956,1257.3583543113882,8.11895168274788,158.08412725719248,51.02127550357956,0.0,0.0,True,True,True,False,False,False,False,False,,
0.5737687384360579,0.5391702263417867,104.24731441855985,613.0477554502215,22.911568451545246,123.96531747518834,95.4845472179098,0.0,0.0,True,True,True,True,True,False,False,False,,
0.6955818514807736,0.609676269098452,52.60759997494177,1224.6752828673339,8.488642684642572,161.03726243417935,52.60759997494177,0.0,0.0,True,True,True,False,False,False,False,False,,
0.5545732415576616,0.5926144842531201,54.82159034431885,1200.5698116694384,9.055692886570355,159.46711557178637,54.82159034431885,0.0,0.0,True,True,True,False,False,False,False,False,,
0.9386304385498337,0.7838175974575399,97.8738123486479,1678.727856271225,27.005325294647623,105.42822208972873,97.8738123486479,0.0,0.0,True,True,True,True,True,False,False,False,,
0.9165959032426845,0.8648073895849887,96.06807785509537,448.37984301916634,22.91812552598999,106.79058449552114,96.06807785509537,0.0,0.0,True,True,True,True,True,False,False,False,,
0.9204987483113282,0.9621494485092066,90.83311266292087,1226.9522253715236,22.700096075924872,106.423820934822,90.83311266292087,0.0,0.0,True,True,True,True,True,False,False,False,,
0.8704995195155241,1.0672378755572822,79.40596441304113,1029.9164441827884,17.22939511108035,114.73885281222694,79.40596441304113,0.0,0.0,True,True,True,True,True,False,False,False,,
0.8186524782455316,0.6805464850132581,64.05818193323678,769.6413587902734,11.126739413256958,139.36383326999555,64.05818193323678,0.0,0.0,True,True,True,True,True,False,False,False,,
0.9587489872423636,0.8574924862091422,72.3202806841262,1483.8039026299775,15.465536687930284,121.95924755029263,72.3202806841262,0.0,0.0,True,True,True,True,True,False,False,False,,
0.894377822783781,0.8063439006757326,73.21298994210133,771.5906096437859,14.27948878468574,124.5453186490136,73.21298994210133,0.0,0.0,True,True,True,True,True,False,False,False,,
0.6362153746956938,0.5762880471858828,106.52049799227477,240.9092634821178,9.800881614354507,150.55098495602215,63.02985797616608,0.0,0.0,True,True,True,False,False,False,False,False,,
1.0551985843822718,1.0668464048025306,97.30397878134538,1779.0289142893307,27.14342603723532,99.48983741824618,97.30397878134538,0.0,0.0,True,True,True,True,True,False,False,False,,
1.095587779990425,0.9542724921900585,50.16752116203864,1006.0577277940666,7.512126221322977,161.4098338935701,50.16752116203864,0.0,0.0,True,True,True,False,False,False,False,False,,
0.41769163422705885,0.8345949958894555,109.38622281583392,464.51526836011897,12.68520814492087,141.11780449048112,70.91618820381228,0.0,0.0,True,True,True,True,True,False,False,False,,
0.9173416334151262,0.7311085981523173,57.9055665089824,687.9044135930312,9.11169416565399,149.04959154799676,57.90556650898241,0.0,0.0,True,True,True,True,True,False,False,False,,
0.930193924962987,0.7146786523272654,106.86259106423486,409.98958499916904,24.37502136141152,108.09139338302079,99.42386920237628,0.0,0.0,True,True,True,True,True,False,False,False,,
0.43405388338030537,1.0450331507427295,95.62787369498693,233.93760788954816,6.563551361923296,178.58396729091052,51.302596272783525,0.0,0.0,True,True,True,False,False,False,False,False,,
0.7002728810091892,0.9115596791413276,63.31536453374475,364.50150590549555,10.125431046426312,142.81059117548094,63.315364533744756,0.0,0.0,True,True,True,True,True,False,False,False,,
0.9338292041703872,0.7151412205411037,72.7960130611687,241.21429125692364,13.007256277012953,129.13789632102853,72.7960130611687,0.0,0.0,True,True,True,True,True,False,False,False,,
0.510983336259952,0.6244461496783266,50.648687409939924,1401.5657526384546,8.218539155281187,168.16863597305482,50.648687409939924,0.0,0.0,True,True,True,False,False,False,False,False,,
0.6161919831305447,0.7725823545237421,81.79944945935651,802.3787647716106,17.572082509954047,122.60125086144554,81.79944945935651,0.0,0.0,True,True,True,True,True,False,False,False,,
0.5366054527343479,0.9059952546334311,88.40550134097344,228.8308973440179,7.882769535875078,162.22409333439018,56.416010461656114,0.0,0.0,True,True,True,False,False,False,False,False,,
0.942979902125408,0.8001922595421928,96.5664831717662,1648.2127629078013,26.404498853154717,105.62006243806707,96.5664831717662,0.0,0.0,True,True,True,True,True,False,False,False,,
1.1719297682180372,0.9828917911950477,92.75637993456402,890.839128875043,22.731198531520104,102.61153792448711,92.75637993456402,0.0,0.0,True,True,True,True,True,False,False,False,,
1.022906719054069,0.8566419552380222,97.20491834836163,1552.4306699105023,26.77024164937093,103.09072354250293,97.20491834836163,0.0,0.0,True,True,True,True,True,False,False,False,,
1.1130094751415678,0.664659394561181,69.17967445873349,1370.3535995364884,14.073452245196624,127.53026137768241,69.17967445873349,0.0,0.0,True,True,True,True,True,False,False,False,,
1.0417711283324838,1.0657213507868792,83.7480531109835,187.27648236950358,12.328895945545272,126.70571757075226,71.11239063950647,0.0,0.0,True,True,True,True,True,False,False,False,,
0.5575602951864405,0.9337734177802974,50.661420890098796,365.29745954045075,6.625354415587918,175.11051422850082,50.661420890098796,0.0,0.0,True,True,True,False,False,False,False,False,,
0.5832666499638036,0.9537693299471567,73.56241502836484,934.1811200304053,14.6842720337762,127.79728060540344,73.56241502836484,0.0,0.0,True,True,True,True,True,False,False,False,,
0.7261226058383069,0.6599358301230396,80.34129630674956,209.46584997769762,9.683418640568211,148.0502637834133,62.788353045870714,0.0,0.0,True,True,True,True,True,False,False,False,,
1.1012303864112316,0.6401581827122842,66.80063200967754,126.20777372982522,8.751963740949197,150.83736315018004,60.020504949666396,0.0,0.0,True,True,True,False,False,False,False,False,,
0.7087323085903428,0.6991270339731028,69.84309078947723,699.2711155729788,12.900066070559912,133.42548363925562,69.84309078947723,0.0,0.0,True,True,True,True,True,False,False,False,,
1.1432442517465216,0.9164108483284168,95.85315792852998,1750.3560226612415,26.294147076084275,101.32979222799166,95.85315792852998,0.0,0.0,True,True,True,True,True,False,False,False,,
1.1354506947223304,0.8746733661602768,69.44105865305865,1274.4189957380038,13.976469255237225,123.91560561266394,69.44105865305865,0.0,0.0,True,True,True,True,True,False,False,False,,
0.622219672231388,1.098152046447801,55.23543986183045,1549.3336633088134,9.756800562680052,150.13493101626204,55.23543986183045,0.0,0.0,True,True,True,False,False,False,False,False,,
0.8016855347963306,0.8187778231114361,105.54777759184358,608.2844716409684,27.93035641830435,105.38542125231106,105.54777759184358,0.0,0.0,True,True,True,True,True,False,False,False,,
0.8646307983841528,0.732080348146798,75.4147699311783,1063.2789595786946,15.73262661181059,122.77025541741106,75.4147699311783,0.0,0.0,True,True,True,True,True,False,False,False,,
0.7436126027892598,0.9284962523934903,70.04873212143839,1776.5921794800904,15.176528021450517,126.38790611852373,70.04873212143839,0.0,0.0,True,True,True,True,True,False,False,False,,
0.5033644299780028,0.7044632222846146,107.20923092299,985.9846193153023,29.66853937626609,118.10817761674315,107.20923092299,0.0,0.0,True,True,True,True,True,False,False,False,,
1.0263006655823577,0.6570445350872862,109.84696684729757,530.4499846633187,30.029808232949144,104.30287087199386,109.84696684729757,0.0,0.0,True,True,True,True,True,False,False,False,,
0.6207952686635395,0.9025727637765144,79.20634035444579,859.0511354955673,16.677402407756933,122.33687562772171,79.20634035444579,0.0,0.0,True,True,True,True,True,False,False,False,,
0.5322443777074224,0.8547262942743996,66.62242813347346,1244.9367797013895,12.834178454371651,137.14808460246823,66.62242813347346,0.0,0.0,True,True,True,True,True,False,False,False,,
0.8768002258542991,1.055180379101099,65.21817983081564,117.1800278942338,6.49049696278391,171.73675698172428,51.60533761163992,0.0,0.0,True,True,True,False,False,False,False,False,,
0.7077344862321274,0.9275348566128263,100.03664258080042,1027.1376108120844,26.437315524126507,107.02721087075359,100.03664258080042,0.0,0.0,True,True,True,True,True,False,False,False,,
0.5015518459069669,0.7861036109924486,82.71943545250457,1079.42778226212,18.55018240878644,125.25751138752068,82.71943545250457,0.0,0.0,True,True,True,True,True,False,False,False,,
0.5174227243812028,0.9246786663702057,60.99688468833566,229.5913430409087,7.634490734145874,164.96195124625197,55.4904187334887,0.0,0.0,True,True,True,False,False,False,False,False,,
0.6712816650404314,0.9837712322038552,77.30357633660377,1105.7033084005498,16.514760484164576,120.99825853570951,77.30357633660377,0.0,0.0,True,True,True,True,True,False,False,False,,
1.1043926921539575,1.0696065236283587,99.89914618242398,619.5230130587411,25.314475677314924,99.01504417149076,99.89914618242398,0.0,0.0,True,True,True,True,True,False,False,False,,
0.5917692094520662,0.6520568946237275,55.120569147811565,824.302643140485,8.525862428766319,159.5845651600397,55.120569147811565,0.0,0.0,True,True,True,False,False,False,False,False,,
0.5067760711360094,0.5349190496788427,100.71854946590952,1745.754062261705,27.295022171746538,125.27267063871899,100.71854946590952,0.0,0.0,True,True,True,True,True,False,False,False,,
0.6219236982870959,0.9331141582135881,106.71783802550327,975.9946541997015,29.577983148457648,107.58516007107916,106.71783802550327,0.0,0.0,True,True,True,True,True,False,False,False,,
0.7642025566728289,0.5604062264268918,87.85011351029019,1083.4235866439112,20.903420113711913,119.95003296255044,87.85011351029019,0.0,0.0,True,True,True,True,True,False,False,False,,
0.963212312477581,0.6727872812213278,84.13372504881497,711.7488626945362,18.417487623148894,116.45345693424328,84.13372504881497,0.0,0.0,True,True,True,True,True,False,False,False,,
1.0675829604829303,0.9270228895322081,78.02201741663835,349.58708118050515,15.153264656199678,118.12510990083253,78.02201741663835,0.0,0.0,True,True,True,True,True,False,False,False,,
1.1615119200512904,0.6634689608446513,79.96745627453288,1457.1601438169444,18.508449917870447,116.41207031984325,79.96745627453288,0.0,0.0,True,True,True,True,True,False,False,False,,
1.1516477642164238,0.6156233640811284,59.80575037858288,886.6224703925596,10.032062797148749,143.88169138137295,59.80575037858288,0.0,0.0,True,True,True,True,True,False,False,False,,
0.5898119159127607,0.8184453442411385,50.591897140943175,1245.2802900042605,7.969508927990646,164.86201822108183,50.591897140943175,0.0,0.0,True,True,True,False,False,False,False,False,,
0.9942129210437823,0.740216541151525,54.89780529964851,1011.8147561619135,8.798555595695369,152.07387869778984,54.89780529964851,0.0,0.0,True,True,True,False,False,False,False,False,,
0.7584853832489233,0.97066893638304,60.97692927522708,1117.4408386788712,10.779009644328884,139.80380159957596,60.97692927522708,0.0,0.0,True,True,True,True,True,False,False,False,,
1.1452470085304758,0.5413561478853675,90.53221471013154,762.4172825741102,21.354488331180473,114.42807543572869,90.53221471013154,0.0,0.0,True,True,True,True,True,False,False,False,,
0.8321435205155108,0.9487047175180713,58.92782144870205,268.8874959080495,8.675522309060304,150.27552719898114,58.92782144870205,0.0,0.0,True,True,True,False,False,False,False,False,,
1.1962047459197893,0.9816003397491904,87.3818621617994,1619.4734395469648,22.2046292544309,104.9855113330768,87.3818621617994,0.0,0.0,True,True,True,True,True,False,False,False,,
0.8764994891514,0.7296386039407923,75.92255487907119,551.6778778135747,14.795193885463323,124.1538316005894,75.92255487907119,0.0,0.0,True,True,True,True,True,False,False,False,,
0.6919470266416243,1.0605521634074897,95.53084235900215,478.97599999965,21.36841993846649,110.60376159851646,92.68528693013407,0.0,0.0,True,True,True,True,True,False,False,False,,
1.1775827085609831,0.6485795972273712,91.06416319655727,534.6944502825684,20.9767811322682,110.82104398371521,91.06416319655727,0.0,0.0,True,True,True,True,True,False,False,False,,
1.1374739152191977,0.7798349668864091,69.89334352541469,722.4749389565462,13.0173267029013,126.79127849122315,69.89334352541469,0.0,0.0,True,True,True,True,True,False,False,False,,
1.1469858679879934,1.0906372212504394,97.13386902270918,1159.1336963416268,25.602412182453477,98.68303555111608,97.13386902270918,0.0,0.0,True,True,True,True,True,False,False,False,,
1.1937717260220677,0.877883954823127,63.69529697960896,1261.0841997304256,11.95261851899194,131.485362795,63.69529697960896,0.0,0.0,True,True,True,True,True,False,False,False,,
0.5200259458980101,0.7791017094048878,54.88176268514616,1575.9998777142955,9.684217243930686,155.9994312829605,54.88176268514616,0.0,0.0,True,True,True,False,False,False,False,False,,
1.1292913468797368,0.9407036634627964,88.38485445482587,558.7376218007805,19.85974079382131,107.39152765782394,88.38485445482587,0.0,0.0,True,True,True,True,True,False,False,False,,
1.1214371203583262,1.0802233740945777,85.15186647459959,787.4409320494435,19.065491768303115,107.59607023275161,85.15186647459959,0.0,0.0,True,True,True,True,True,False,False,False,,
0.8265771800185682,0.7042080601930973,78.9704371767113,819.4044270120626,16.556902550869427,121.46279450360997,78.9704371767113,0.0,0.0,True,True,True,True,True,False,False,False,,
0.7146608509980787,0.7745503769774659,68.53292683315652,286.52424964748514,11.628528728466767,136.59618984216127,68.53292683315652,0.0,0.0,True,True,True,True,True,False,False,False,,
1.0606731297819674,0.631220001286922,102.96512031894056,1075.7176683821226,28.27629558117659,106.17444193742206,102.96512031894056,0.0,0.0,True,True,True,True,True,False,False,False,,
0.9583139289011524,0.9408921595990358,105.77659214578355,131.00603571089096,7.924027824624785,155.47753247573638,57.044929975285605,0.0,0.0,True,True,True,False,False,False,False,False,,
0.9157166382633082,1.0090409086470682,94.21640486991241,1593.0666265471743,25.347108566564103,103.69470071056442,94.21640486991241,0.0,0.0,True,True,True,True,True,False,False,False,,
0.4748247642807516,1.097529940602121,108.80165428797449,725.8386951465457,22.680185643230935,117.12759354733933,94.51576151924483,0.0,0.0,True,True,True,True,True,False,False,False,,
1.1922429435746063,0.5413726472532747,66.00612177682021,607.0118913961561,11.477605071372022,137.1443190955106,66.00612177682021,0.0,0.0,True,True,True,True,True,False,False,False,,
0.7611807359515667,0.7234831903159631,90.63740832672781,1255.0425089357839,22.62364320929488,113.53330763762662,90.63740832672781,0.0,0.0,True,True,True,True,True,False,False,False,,
0.5054183051076243,0.6850786558091838,71.64545744059134,253.73986465196805,8.25632352669067,162.24722105315792,57.655047470365666,0.0,0.0,True,True,True,False,False,False,False,False,,
0.9357011860608,1.0265946730891722,85.43776261974548,279.75795502641756,16.63689729058746,114.7430841093307,82.37156378572642,0.0,0.0,True,True,True,True,True,False,False,False,,
1.1418054128133286,0.9528309540251577,53.660738158788575,1293.914177192751,8.912460899261973,150.074198936925,53.660738158788575,0.0,0.0,True,True,True,False,False,False,False,False,,
1.0133470456657228,0.9073600782675241,105.92127459683412,664.4745275460186,28.437768212267343,99.61962003245792,105.92127459683412,0.0,0.0,True,True,True,True,True,False,False,False,,
0.7883719363614141,1.0134911009306755,55.564660421076255,378.6878992168321,7.928224099207935,156.76614124636154,55.564660421076255,0.0,0.0,True,True,True,False,False,False,False,False,,
1.1930222170419236,0.7397109841197284,52.34501284916786,719.1576108130826,7.636022794426335,159.77172513478462,52.34501284916786,0.0,0.0,True,True,True,False,False,False,False,False,,
0.5407041450391545,0.6765718180605376,95.00531959087215,1295.4833861925335,24.631379568031356,119.81254455963423,95.00531959087215,0.0,0.0,True,True,True,True,True,False,False,False,,
0.914527168071457,0.5014417861724623,109.056082832588,1129.4764332161797,31.467615898868896,112.84215322957671,109.056082832588,0.0,0.0,True,True,True,True,True,False,False,False,,
0.8520181882487592,0.7361333575192195,60.255981286732705,678.2974060701283,9.78327135910024,145.17839293839862,60.255981286732705,0.0,0.0,True,True,True,True,True,False,False,False,,
1.18123024484597,1.0515851554327371,60.681044379776544,738.3457982215974,10.037082730823343,138.1446689324881,60.68104437977654,0.0,0.0,True,True,True,True,True,False,False,False,,
0.8896786722176275,0.7466659235799316,86.52730371088415,1761.7000254194065,21.72649379667845,112.82145753337362,86.52730371088415,0.0,0.0,True,True,True,True,True,False,False,False,,
1.066763181002131,0.6443456985466054,74.72115588327856,1513.381078534366,16.47727124912887,122.2543331148377,74.72115588327856,0.0,0.0,True,True,True,True,True,False,False,False,,
1.1660744836808665,0.7277533719410932,80.32441697362796,1635.8568046350786,19.082013764425252,114.57835595094762,80.32441697362796,0.0,0.0,True,True,True,True,True,False,False,False,,
0.5914372972823009,0.7728569201732134,73.80300528234268,1743.4687925212106,16.482761101704114,128.21400579028665,73.80300528234268,0.0,0.0,True,True,True,True,True,False,False,False,,
0.6553716297760183,0.7688167214664463,73.3523475299037,1184.4389035792326,15.165081031478275,127.70306144865702,73.3523475299037,0.0,0.0,True,True,True,True,True,False,False,False,,
0.8950616848097992,0.8169796109997531,75.51686871259125,419.9277889081955,14.357518219672517,123.72210881225038,75.51686871259125,0.0,0.0,True,True,True,True,True,False,False,False,,
0.6939280509724722,1.076073268185551,108.14341139365581,1251.1134952358132,31.35857695798503,102.38114131366225,108.14341139365581,0.0,0.0,True,True,True,True,True,False,False,False,,
1.1743062841577943,0.637625241539578,63.28453770165086,499.70266819666665,10.405187026308964,140.13090160888552,63.28453770165087,0.0,0.0,True,True,True,True,True,False,False,False,,
1.0442300736120398,1.011968775570795,106.17532461135463,782.0387760987107,28.976903636192368,97.25151221245527,106.17532461135463,0.0,0.0,True,True,True,True,True,False,False,False,,
0.9652451750160821,0.6177526369833991,98.2677395104323,810.1207097630581,25.05293191147908,110.0452035808625,98.2677395104323,0.0,0.0,True,True,True,True,True,False,False,False,,
1.1619277379744686,0.6952779529509965,73.7809754615233,417.08432855387935,13.755931405601451,124.97006557768364,73.7809754615233,0.0,0.0,True,True,True,True,True,False,False,False,,
1.0764610361684572,0.9463490534513915,50.13329739353341,576.5046616691063,6.844016718332661,167.0625474191741,50.13329739353341,0.0,0.0,True,True,True,False,False,False,False,False,,
0.8189240310673837,0.5575078851936055,91.3071321043199,1767.9622835771943,23.421011860295376,117.10947644648499,91.3071321043199,0.0,0.0,True,True,True,True,True,False,False,False,,
0.8548607427050937,0.6015371753921598,50.85520460316061,1250.121133910414,8.062039040799434,163.30862516434212,50.85520460316061,0.0,0.0,True,True,True,False,False,False,False,False,,
0.5755595259201433,1.0384741589835609,88.28200756218078,740.918054535785,20.0863766564919,116.24793819384132,88.28200756218078,0.0,0.0,True,True,True,True,True,False,False,False,,
0.7480247299946481,0.572201361273175,53.34178971106836,1688.50995325858,9.439801261341296,157.9103940419995,53.34178971106836,0.0,0.0,True,True,True,False,False,False,False,False,,
0.6343703524459,0.8246545108381511,94.6587093450583,709.7797895562534,22.869529526531974,113.85251439065539,94.6587093450583,0.0,0.0,True,True,True,True,True,False,False,False,,
1.0893287102043443,1.0597101358813497,90.94201128179533,648.9805461906099,21.21626554902293,104.3507167095661,90.94201128179533,0.0,0.0,True,True,True,True,True,False,False,False,,
0.8055510292124701,0.7752958820115178,105.25669330518242,918.7256800815734,28.813010057678373,105.82199194955851,105.25669330518242,0.0,0.0,True,True,True,True,True,False,False,False,,
0.8665279465147735,0.5471817321198081,83.99097740380085,1026.2720779097085,19.11665919988518,120.92839540737849,83.99097740380085,0.0,0.0,True,True,True,True,True,False,False,False,,
0.9063375011108703,0.7058102453630242,105.70173614732775,315.12746180109207,18.189615792089306,116.67233247284324,86.0410297234102,0.0,0.0,True,True,True,True,True,False,False,False,,
1.0779621735842748,0.6847109249732205,80.73154469955105,658.3756369710262,16.923423652218386,117.78700911813486,80.73154469955105,0.0,0.0,True,True,True,True,True,False,False,False,,
0.4134215782343959,0.9624234188179657,51.083782789342756,270.86759603611335,6.564218611062946,179.8865190974149,51.083782789342756,0.0,0.0,True,True,True,False,False,False,False,False,,
0.4504654694660593,0.7387691141487275,107.36431542257908,1630.5679865900447,31.017714984832896,120.42277574094622,107.36431542257908,0.0,0.0,True,True,True,True,True,False,False,False,,
0.9788452590131383,1.0621299885436701,84.10177224483522,1295.1997172649833,19.86026594475128,108.93847293056423,84.10177224483522,0.0,0.0,True,True,True,True,True,False,False,False,,
1.1156606069588704,1.0242748596860953,54.070261465271706,1463.5264633865286,9.303191589223442,148.06328402832105,54.070261465271706,0.0,0.0,True,True,True,True,True,False,False,False,,
0.4631022432119439,0.8064303153153753,77.90505946261163,798.1778390073191,15.948664066176214,130.96564050558538,77.90505946261163,0.0,0.0,True,True,True,True,True,False,False,False,,
0.8833659694998195,0.8534419881614426,83.06612718630694,1610.883792608225,20.164974872175343,113.28485368793739,83.06612718630694,0.0,0.0,True,True,True,True,True,False,False,False,,
0.9194966021718681,0.587234167771642,99.67870694222125,1539.1245971346655,27.3731343737184,110.86415329552234,99.67870694222125,0.0,0.0,True,True,True,True,True,False,False,False,,
0.8885030750802295,0.7452778355540052,103.76043739297259,588.4247331479505,27.025379684638615,105.88012849615548,103.76043739297259,0.0,0.0,True,True,True,True,True,False,False,False,,
0.44430619062465465,0.7376688085690595,81.71860906386578,239.09462860032434,6.862790002532241,176.85156098724084,52.47392987519904,0.0,0.0,True,True,True,False,False,False,False,False,,
1.1392821338204047,0.5007881660964628,70.31367854511647,718.8270074730347,13.157175167262494,132.61446542907458,70.31367854511647,0.0,0.0,True,True,True,True,True,False,False,False,,
1.1708449285387665,0.6308294184350877,107.06283357163622,855.451782931922,29.74414216407056,103.7973130497724,107.06283357163622,0.0,0.0,True,True,True,True,True,False,False,False,,
0.6749490974104243,0.6366646762671575,87.40921539836901,276.7272675640405,11.945618521813682,138.43836764227078,69.57912877216508,0.0,0.0,True,True,True,True,True,False,False,False,,
0.7106525124722043,1.098628719453995,101.89439439289728,221.673094852454,10.039463976750316,141.6896331815437,63.90026199922581,0.0,0.0,True,True,True,True,True,False,False,False,,
0.41319016349224424,0.8792897126194025,92.12438791477138,1300.6540368410847,23.12231018833759,123.84376681822208,92.12438791477138,0.0,0.0,True,True,True,True,True,False,False,False,,
0.6626350415948857,0.6100245102983994,53.54951681229669,1103.3612128732723,8.55186130065587,160.16263190521792,53.54951681229669,0.0,0.0,True,True,True,False,False,False,False,False,,
0.6467263344852063,1.0585008233505198,88.25230612325059,390.9518707014045,16.266615756923546,120.55685822375479,80.95420630298507,0.0,0.0,True,True,True,True,True,False,False,False,,
0.7135959767779871,0.6346844476671942,88.60871939546871,703.7280801775952,20.211896035646014,119.00502848008996,88.60871939546871,0.0,0.0,True,True,True,True,True,False,False,False,,
1.0949055941720776,1.0047415361843355,59.20184345027341,214.8828693414356,8.674052598319248,147.65857302607267,59.201843450273415,0.0,0.0,True,True,True,True,True,False,False,False,,
0.5893324449966295,0.6884267498104497,74.93960609377167,1511.497486293855,16.461305086018402,128.9815325030723,74.93960609377167,0.0,0.0,True,True,True,True,True,False,False,False,,
1.1327328189586843,0.7628362218943642,64.82566770625746,1457.5525383698432,12.701689191755143,131.21327245803784,64.82566770625746,0.0,0.0,True,True,True,True,True,False,False,False,,
0.593622298074168,0.6649189049637461,92.05914725680317,223.40431382912914,8.488335825368306,158.495884373975,58.62979544544083,0.0,0.0,True,True,True,False,False,False,False,False,,
0.6709681598195256,1.0260868578068512,109.10079780467152,882.1983362216691,30.56937015278582,103.91198053478006,109.10079780467152,0.0,0.0,True,True,True,True,True,False,False,False,,
0.8425166801606431,0.5875898913999735,57.932524611119696,1527.8297554883457,10.554785741081332,147.80210341261179,57.932524611119696,0.0,0.0,True,True,True,True,True,False,False,False,,
0.5894145992000255,1.0810574708321998,78.33435698727965,568.9609421793115,15.65740790099646,123.37123984891228,78.33435698727965,0.0,0.0,True,True,True,True,True,False,False,False,,
0.8176426018535373,0.6828239950086513,75.21877862617964,835.8567199020013,15.148883876927115,125.40332532489866,75.21877862617964,0.0,0.0,True,True,True,True,True,False,False,False,,
1.1876496301659987,0.9751280601530545,56.34788832526428,440.2795915244176,8.262710974620688,150.96912511521504,56.34788832526428,0.0,0.0,True,True,True,False,False,False,False,False,,
0.5715520130062048,0.8357433698652973,75.08624629945433,380.7782134411822,14.032128192945514,130.711501983008,75.08624629945433,0.0,0.0,True,True,True,True,True,False,False,False,,
0.6051770876565494,0.8409522059279766,61.00805809331315,672.2953024960972,9.971605010660035,146.67996332071536,61.00805809331316,0.0,0.0,True,True,True,True,True,False,False,False,,
1.1206899863443818,0.6005885230288959,53.98860935349621,562.6766476502653,7.820276946817536,159.7616064063938,53.98860935349621,0.0,0.0,True,True,True,False,False,False,False,False,,
1.1549868773606882,0.7992758920685252,105.03272853014036,1472.4178530448678,30.682742790598933,99.50012299514232,105.03272853014036,0.0,0.0,True,True,True,True,True,False,False,False,,
0.6296349188709829,1.0275361672966008,105.82444004062546,615.3100639767703,25.176965147253743,108.8124810839399,100.20950354805939,0.0,0.0,True,True,True,True,True,False,False,False,,
0.8952326945670367,0.6978815881397018,92.8135936912901,1720.7630525664783,24.454533161925696,110.44968688633833,92.8135936912901,0.0,0.0,True,True,True,True,True,False,False,False,,
0.968271384096696,0.9704598740546164,55.71667490151256,151.56705804349784,7.601850882600772,158.312189836945,55.71667490151256,0.0,0.0,True,True,True,False,False,False,False,False,,
0.6776239409853106,0.8234436419924676,72.49116844908934,1560.6910166815237,15.644160799633184,126.57436562126891,72.49116844908934,0.0,0.0,True,True,True,True,True,False,False,False,,
0.891208750051603,0.6677250093967937,82.06549376156582,252.93505018809282,14.321927784914628,126.36821593461151,76.43842452319304,0.0,0.0,True,True,True,True,True,False,False,False,,
0.4152647192666719,0.5311750115834625,66.48658433104222,556.8949916921821,11.410266707889546,151.5979095054278,66.48658433104222,0.0,0.0,True,True,True,False,False,False,False,False,,
0.5537149733934743,0.5804255198216977,97.64903350282252,409.1297522813757,14.644564011109685,134.64695776451995,76.62864814011176,0.0,0.0,True,True,True,True,True,False,False,False,,
0.9797760317649572,0.6148487802099848,54.69829363159925,344.19498198373674,7.649083276799038,161.57858081301322,54.69829363159925,0.0,0.0,True,True,True,False,False,False,False,False,,
1.0918669945004438,0.5215106675659974,89.64758293186523,392.6840984232427,19.95410675750072,117.3177055622003,89.64758293186523,0.0,0.0,True,True,True,True,True,False,False,False,,
1.0162270879590265,1.0763316645092715,64.33444111436275,1712.4052404894733,13.004884405184761,129.13337329694582,64.33444111436275,0.0,0.0,True,True,True,True,True,False,False,False,,
0.4212222426575461,0.9264566633591866,73.09694785397521,165.9349805408046,4.508760573411146,218.25713659199005,42.56396927256655,0.0,0.0,True,True,True,False,False,False,False,False,,
0.4276334962447085,0.667842546878573,73.51973701666279,299.44550889657654,8.305629757930674,164.92117309490567,57.611907997542716,0.0,0.0,True,True,True,False,False,False,False,False,,
0.4428312772557402,0.5356268821454793,92.35588874451506,733.1027273301071,21.419797206435952,131.74981246423758,91.73161929954419,0.0,0.0,True,True,True,True,True,False,False,False,,
0.6900331785002539,0.5956043677779381,75.10198865627284,285.61876805014754,12.603551984965739,136.58224581875058,71.47363269886797,0.0,0.0,True,True,True,True,True,False,False,False,,
0.5987877389818574,0.6248047334493214,90.96354788902444,713.8334626275246,21.195384915320005,121.41138676781121,90.96354788902444,0.0,0.0,True,True,True,True,True,False,False,False,,
1.1664029226099006,0.5802165139106817,87.9643641630062,1143.046204752548,21.220145641070033,113.66898442733856,87.9643641630062,0.0,0.0,True,True,True,True,True,False,False,False,,
0.9155192171329286,1.0929116399417922,87.87342503409613,614.4344444231048,19.735808819847463,108.51339762191407,87.87342503409613,0.0,0.0,True,True,True,True,True,False,False,False,,
1.0215141280813418,0.5169034383869209,97.93527376203711,692.1697066927658,24.558559136630606,113.70042774554547,97.93527376203711,0.0,0.0,True,True,True,True,True,False,False,False,,
0.8249163337255607,0.69516937588448,59.04055487326046,1657.9976346895228,11.126630797094249,143.77604003535222,59.04055487326046,0.0,0.0,True,True,True,True,True,False,False,False,,
1.0961481326972478,0.8948307211022051,100.09986922773264,453.89421113650974,24.897347098803987,101.75469602343288,100.09986922773264,0.0,0.0,True,True,True,True,True,False,False,False,,
0.6345038424433364,0.8942943151341686,50.30672842159798,1434.442231537988,8.188431050755995,162.9987589467993,50.30672842159798,0.0,0.0,True,True,True,False,False,False,False,False,,
1.1176082048244533,1.0698069045477325,108.97729421648012,768.7994952444197,30.44502350974265,94.54980500555847,108.97729421648012,0.0,0.0,True,True,True,True,True,False,False,False,,
0.8955959473194692,0.719274445453061,60.865036290401676,1101.263250331669,10.726620855370248,141.16383017619307,60.865036290401676,0.0,0.0,True,True,True,True,True,False,False,False,,
0.6630129527366992,0.939059084341757,88.99286025914118,207.45468148109194,8.773784694215307,151.96697979174482,59.709044983564716,0.0,0.0,True,True,True,False,False,False,False,False,,
0.888397008754901,1.0805805578592036,70.64788701986203,1412.2168300881858,14.676558981881561,122.456529618473,70.64788701986203,0.0,0.0,True,True,True,True,True,False,False,False,,
0.667154729812363,0.8209753571004819,94.31747877949803,549.2390374780844,22.27877797273854,113.5179296013921,94.31747877949803,0.0,0.0,True,True,True,True,True,False,False,False,,
0.5472029074495159,0.5937017257096426,78.43407289531541,216.75867311207958,7.606102393217926,168.1308535863353,55.44724070317833,0.0,0.0,True,True,True,False,False,False,False,False,,
0.7942832980182704,0.7501884349441001,93.98858041450454,417.77476618695914,21.277431751417545,113.03363248319725,92.74196987061106,0.0,0.0,True,True,True,True,True,False,False,False,,
1.1679461776556506,0.8102333131137502,69.45439045339008,1395.82821372121,14.229361783138875,124.2383498773824,69.45439045339008,0.0,0.0,True,True,True,True,True,False,False,False,,
1.0850771630368339,0.6071554357018982,51.80655640963863,398.63084200907963,6.9888715342063445,168.1530521988331,51.80655640963863,0.0,0.0,True,True,True,False,False,False,False,False,,
0.5812578585059234,0.9209378396145097,69.91909654494319,639.8422151333995,12.774580410477979,133.63089637101012,69.91909654494319,0.0,0.0,True,True,True,True,True,False,False,False,,
0.5649320493899767,0.8056424886189263,88.71262417686665,712.4539962133261,20.18752013769981,119.6034478140791,88.71262417686665,0.0,0.0,True,True,True,True,True,False,False,False,,
0.9504884840925741,0.7550551338833049,98.83936301477769,1535.8944471977409,27.423650282747825,105.49094296822022,98.83936301477769,0.0,0.0,True,True,True,True,True,False,False,False,,
0.5719709321742273,1.0800530048623442,77.44476083375972,1212.4133343989902,16.774061052363887,122.41476477297903,77.44476083375972,0.0,0.0,True,True,True,True,True,False,False,False,,
0.5953323519308819,0.9337348928083289,97.34727909649493,1188.090083391135,25.503407121088262,111.403447430766,97.34727909649493,0.0,0.0,True,True,True,True,True,False,False,False,,
0.5144070881606133,0.7382802129168979,69.7459804269109,1216.4647139715887,13.865208351863721,135.94826663827465,69.7459804269109,0.0,0.0,True,True,True,True,True,False,False,False,,
0.570213670706628,0.5841443991573333,102.54449354026801,1193.1308533895417,28.074760202457686,119.62703953368575,102.54449354026801,0.0,0.0,True,True,True,True,True,False,False,False,,
0.7204998753009563,0.9718720527688559,83.70252367170164,173.53428014417094,7.948799736135687,157.6337917522657,56.928152904655676,0.0,0.0,True,True,True,False,False,False,False,False,,
0.4880732166204174,0.9302451756147159,65.8170655873759,1000.1041131748837,12.075889102825233,139.91420481957365,65.8170655873759,0.0,0.0,True,True,True,True,True,False,False,False,,
0.9871690781866761,0.9627494568715296,107.88742805222563,1723.4355544876998,32.40781221141545,97.5724560588271,107.88742805222563,0.0,0.0,True,True,True,True,True,False,False,False,,
0.6115579936950846,0.7114679822019874,94.48710210889757,413.50216893235074,16.30732398104112,126.06720932513396,80.96087964440646,0.0,0.0,True,True,True,True,True,False,False,False,,
0.49843110216008774,0.7645216103265191,70.75111403424519,376.9873833374014,12.167297232519436,140.2254896820009,69.78843731200621,0.0,0.0,True,True,True,True,True,False,False,False,,
1.130600713678767,0.7716559136481883,103.96631469446012,797.5354448043684,27.92086361552044,101.27922661575478,103.96631469446012,0.0,0.0,True,True,True,True,True,False,False,False,,
0.6026338629519656,0.7632211358341792,101.2294793379064,1378.9291956766772,28.032763408836608,112.9276221299673,101.2294793379064,0.0,0.0,True,True,True,True,True,False,False,False,,
0.5312043702006515,0.8471144234368604,70.5422194911632,246.0870472002046,8.400733745005532,158.5950658782187,58.20934277924588,0.0,0.0,True,True,True,False,False,False,False,False,,
1.1784673870197786,0.5088401643406111,53.767172686572124,1665.1321620249437,9.543113401752619,154.99995938245263,53.767172686572124,0.0,0.0,True,True,True,False,False,False,False,False,,
1.1379916430474661,0.8418673950200832,92.46126098063975,1180.6972215003677,23.396170320173077,104.71805329095926,92.46126098063975,0.0,0.0,True,True,True,True,True,False,False,False,,
0.7920612655389161,0.5824822176619056,88.698077727077,1381.5484239849843,22.083532464017765,117.96681347907737,88.698077727077,0.0,0.0,True,True,True,True,True,False,False,False,,
1.0017914023640975,0.7344688679559935,78.75762507162871,1622.4822688163513,18.361940602912355,117.32710861908424,78.75762507162871,0.0,0.0,True,True,True,True,True,False,False,False,,
0.5356009770071651,0.5388104375358184,75.47281873635768,225.8116384872044,7.763569735790077,168.09358131080364,55.99011246899964,0.0,0.0,True,True,True,False,False,False,False,False,,
0.5204850309669293,0.5852681997081199,84.40773723765801,192.2585168699596,6.4190481469690726,182.07405772309423,50.92891387381131,0.0,0.0,True,True,True,False,False,False,False,False,,
0.48200574512987016,0.8835932686383128,91.2560640125746,1433.1599184459174,23.18711559605506,119.69476694438677,91.2560640125746,0.0,0.0,True,True,True,True,True,False,False,False,,
0.4766817639760821,0.5012174497291687,81.03422468030236,373.8552051872103,11.554214459189234,149.13402945162235,67.9647123807113,0.0,0.0,True,True,True,True,True,False,False,False,,
1.0903958621552392,0.9949841538896829,61.14274728119932,515.9540854901788,9.774924677264163,140.21037850239634,61.14274728119933,0.0,0.0,True,True,True,True,True,False,False,False,,
0.4784963759974451,0.62777851762437,96.84675460604566,260.8879772465198,8.052840520918444,165.59559485276742,56.88317876899617,0.0,0.0,True,True,True,False,False,False,False,False,,
0.4692027445458118,0.7108664462822352,106.29136310110181,912.3762862622102,28.396996003607047,120.40101954327703,105.3379264096533,0.0,0.0,True,True,True,True,True,False,False,False,,
1.1723768365763965,1.081678316484492,96.88531234486206,273.5502081369288,20.307719705122967,104.6343377073189,91.17371224732055,0.0,0.0,True,True,True,True,True,False,False,False,,
0.535042688586493,0.8661971997267794,75.74865928652929,441.2668113045109,14.387744474928086,130.59348495075943,75.74865928652929,0.0,0.0,True,True,True,True,True,False,False,False,,
1.0464752633543566,0.936480887792472,70.26730939381456,1361.6377439272037,14.44908902299661,122.71100438973328,70.26730939381456,0.0,0.0,True,True,True,True,True,False,False,False,,
0.9745510535675025,0.6910850973926134,71.95790933380444,1471.307197045632,15.302817176025137,124.94195612473358,71.95790933380444,0.0,0.0,True,True,True,True,True,False,False,False,,
1.0796851572694854,0.6556616888711694,55.092403979488786,1478.8910670326084,9.625510535334485,150.0145218160251,55.092403979488786,0.0,0.0,True,True,True,False,False,False,False,False,,
0.6045367366808863,0.6348455745995087,71.52476415729998,1380.8342671535377,14.881798744279674,132.9715146277059,71.52476415729998,0.0,0.0,True,True,True,True,True,False,False,False,,
0.7471227431605134,0.7841636534005867,98.50904029686231,1298.2219827599856,26.53386907444414,108.92341653582932,98.50904029686231,0.0,0.0,True,True,True,True,True,False,False,False,,
0.9207280440463653,1.0195698889310496,54.060408379952094,931.2352001558493,8.430140095874354,152.7283688152231,54.060408379952094,0.0,0.0,True,True,True,False,False,False,False,False,,
0.8481815219636152,0.849403236532466,75.1689426319549,1309.284398409343,16.175473602917815,120.86320299367564,75.1689426319549,0.0,0.0,True,True,True,True,True,False,False,False,,
1.159571872077057,0.6494089360998577,95.43685674806517,518.1720910390624,22.907877099305544,108.6106596677402,95.43685674806517,0.0,0.0,True,True,True,True,True,False,False,False,,
0.7617718163533614,1.0197242573930372,56.46461030047721,1343.7139236524617,9.791110565240926,146.66477680624766,56.46461030047721,0.0,0.0,True,True,True,True,True,False,False,False,,
0.6876928058047442,0.5513711216196591,55.17781559140666,734.1423943591348,8.402508304180534,160.39066365555666,55.17781559140666,0.0,0.0,True,True,True,False,False,False,False,False,,
0.42829429000732705,0.9695346076067348,86.18626948745927,1507.168764311606,21.028328020735565,123.96350387178772,86.18626948745927,0.0,0.0,True,True,True,True,True,False,False,False,,
0.9106314880671295,1.0906158406681237,77.58047625410674,683.1624798305869,15.721747610749695,117.04505742288535,77.58047625410674,0.0,0.0,True,True,True,True,True,False,False,False,,
0.7093785327158113,0.7861790543779811,94.25892381435813,851.742097443098,23.146243841385466,112.21768378954651,94.25892381435813,0.0,0.0,True,True,True,True,True,False,False,False,,
1.198646483859829,0.9872355836766674,65.30469443314557,476.30413494822216,11.000387591173501,132.47001567005145,65.30469443314557,0.0,0.0,True,True,True,True,True,False,False,False,,
0.5104881890420779,1.0737458795487376,109.42698017413734,1622.885454250416,32.865886585667404,109.79460287658715,109.42698017413734,0.0,0.0,True,True,True,True,True,False,False,False,,
0.4513081196609694,0.892213500041817,104.6437976466882,1013.4837286908082,28.341069403458214,117.67031123931774,104.6437976466882,0.0,0.0,True,True,True,True,True,False,False,False,,
0.5393575889403592,0.9844920052663337,68.08734874382174,447.2977232125936,11.761474821547724,138.03719416588072,68.08734874382174,0.0,0.0,True,True,True,True,True,False,False,False,,
1.0171209092572955,0.8032925782662013,58.16026221512112,482.94008634152044,8.838183864976273,148.91768891626145,58.160262215121115,0.0,0.0,True,True,True,True,True,False,False,False,,
0.45631771369607493,0.9688536823286259,109.64666759959837,559.5618622120849,16.709489738188974,127.51210919867826,81.35330780840138,0.0,0.0,True,True,True,True,True,False,False,False,,
0.9396413708511688,0.8709346854154068,99.72997049112838,123.17217146046505,7.304772657632367,162.42711243271106,54.77152869551964,0.0,0.0,True,True,True,False,False,False,False,False,,
1.1887704834273705,0.550524630229778,72.65482868979979,314.4500384802018,13.139839639388942,130.16493902140155,72.65482868979979,0.0,0.0,True,True,True,True,True,False,False,False,,
1.1856847143517877,0.5177365730852636,72.64247917324546,1314.7540163520337,15.254027861181568,127.39197467688648,72.64247917324546,0.0,0.0,True,True,True,True,True,False,False,False,,
0.8238661808287182,0.5975726842130348,53.200857856757025,1435.1669798714765,8.99745735384203,157.3756442779179,53.200857856757025,0.0,0.0,True,True,True,False,False,False,False,False,,
0.9244324741682013,0.7465940184887961,74.0607951238788,455.3146507133523,13.91168265543781,125.7574905279654,74.0607951238788,0.0,0.0,True,True,True,True,True,False,False,False,,
0.9664501822975844,1.0602019488725067,87.56770778453152,1032.6645054855926,20.711062705201375,107.03939680049251,87.56770778453152,0.0,0.0,True,True,True,True,True,False,False,False,,
1.171630210356788,1.051861003083682,52.16606603462089,204.08782009902285,6.775393322049024,166.0165710243077,52.16606603462089,0.0,0.0,True,True,True,False,False,False,False,False,,
0.6403922868695261,0.652435300869915,105.7086161962869,697.3619977509196,28.151646772410146,114.11907028061843,105.7086161962869,0.0,0.0,True,True,True,True,True,False,False,False,,
0.9850182446220274,0.7914811282063066,64.1480176863924,1457.8300554839143,12.460486315341335,132.94218372348882,64.1480176863924,0.0,0.0,True,True,True,True,True,False,False,False,,
0.60039228337749,0.927336619995385,61.37018633885613,1594.4528285961335,11.741520624238733,140.96366867237825,61.37018633885612,0.0,0.0,True,True,True,True,True,False,False,False,,
0.6116833276791848,0.7138925955602092,79.72545117320962,1538.7961135499318,18.46978592673942,123.98550793884405,79.72545117320962,0.0,0.0,True,True,True,True,True,False,False,False,,
1.0611677525819139,0.7504086056442866,85.92605442010324,647.2008788904849,19.02614004286549,112.56417492457308,85.92605442010324,0.0,0.0,True,True,True,True,True,False,False,False,,
1.0651265458690529,0.597902472852594,67.10615896089128,182.778611393635,11.002075979241534,138.41168559763904,67.10615896089128,0.0,0.0,True,True,True,True,True,False,False,False,,
0.6644135709747115,0.7634988641826352,52.5762318394909,744.5161534930099,7.715411810512051,163.52895728303466,52.5762318394909,0.0,0.0,True,True,True,False,False,False,False,False,,
0.6781477639097375,1.0212788858152941,59.54478760647105,1212.715029076267,10.492735357656555,142.74878026038866,59.54478760647105,0.0,0.0,True,True,True,True,True,False,False,False,,
0.6324637391979195,0.6845320989852887,88.65097294785177,386.26114833304865,15.722356068040131,127.3212753655623,79.57484986543899,0.0,0.0,True,True,True,True,True,False,False,False,,
0.6395493235449088,0.7098449051289673,99.22649726579553,1003.5524136353466,25.906310078894535,113.85565104195982,99.22649726579553,0.0,0.0,True,True,True,True,True,False,False,False,,
1.0922104296478996,0.9629682806526197,50.40998098511019,610.6662855228514,6.966157572509041,165.5001615380389,50.40998098511019,0.0,0.0,True,True,True,False,False,False,False,False,,
1.0943352896521406,0.6316091337865422,51.98939825958167,138.74657802804742,6.626333582297052,171.8917309860774,51.98939825958167,0.0,0.0,True,True,True,False,False,False,False,False,,
0.9691491200885781,0.7958001455695837,61.59550442349335,102.35896208107884,6.251998336400154,176.05370164723527,50.70791319944818,0.0,0.0,True,True,True,False,False,False,False,False,,
0.9425480188650627,0.9801522294323479,56.89687253189435,1353.796977709157,9.94840127329601,144.06586644236458,56.89687253189435,0.0,0.0,True,True,True,True,True,False,False,False,,
0.4431841706678695,0.7368014314603533,70.55415356455289,205.5942228870399,5.877958003003964,190.16373799806212,48.59762798592751,0.0,0.0,True,True,True,False,False,False,False,False,,
1.168572592926449,0.6002422900957075,50.70914405921781,907.6580569549333,7.5025334222717355,164.25695338393635,50.70914405921781,0.0,0.0,True,True,True,False,False,False,False,False,,
0.5013571461063377,0.9673478834591769,53.74000659908063,339.12994338307516,7.353511144729484,167.93923996072286,53.74000659908063,0.0,0.0,True,True,True,False,False,False,False,False,,
1.1280873079415408,0.9394188675850703,108.78010114983954,1662.1885920212171,32.921547764750706,95.67715214260195,108.78010114983954,0.0,0.0,True,True,True,True,True,False,False,False,,
1.0837508863178114,1.0707746441964376,76.72100482113751,1572.5989768620884,17.415558250878636,113.76936356940573,76.72100482113751,0.0,0.0,True,True,True,True,True,False,False,False,,
0.407023709174096,1.0614065894493687,106.16276985559026,1369.8656870002837,30.178142595463452,118.02301538356991,106.16276985559026,0.0,0.0,True,True,True,True,True,False,False,False,,
1.1199044447300064,1.0894314915846626,55.630674949973915,1341.2371245728953,9.55792319269431,144.6207220821704,55.630674949973915,0.0,0.0,True,True,True,True,True,False,False,False,,
1.1279387150026574,0.5561466745427792,93.7775452066252,169.85578647932886,12.083798547179903,134.21390530306294,70.46937563627034,0.0,0.0,True,True,True,True,True,False,False,False,,
1.073226414768997,0.888506615488445,57.0984610720603,1329.6134742851534,9.973979154698617,143.4959596932163,57.0984610720603,0.0,0.0,True,True,True,True,True,False,False,False,,
1.0681083966185714,1.0329488724565157,67.71700207177902,1733.8236358254928,14.260095174985418,124.28605649053277,67.71700207177902,0.0,0.0,True,True,True,True,True,False,False,False,,
1.081031936067503,0.6283361468617803,66.73335609956912,522.5737026520796,11.545435093793447,135.40378481557613,66.73335609956912,0.0,0.0,True,True,True,True,True,False,False,False,,
0.8117789421552877,1.0836009373198747,78.80274644174739,1356.3576787143973,17.72880489084119,115.31697115866581,78.80274644174739,0.0,0.0,True,True,True,True,True,False,False,False,,
1.0706023674639533,0.7353733546214946,95.68570013698279,925.1920680486209,24.186075828283602,106.28980059273563,95.68570013698279,0.0,0.0,True,True,True,True,True,False,False,False,,
0.49336309376231025,0.6996359826853008,65.2725468158977,1445.2949212017456,12.745989018084414,141.95484218885974,65.2725468158977,0.0,0.0,True,True,True,True,True,False,False,False,,
0.560201437798652,0.782853906853461,60.72912020850125,988.2538271577363,10.443905553436435,146.78037159968514,60.72912020850125,0.0,0.0,True,True,True,True,True,False,False,False,,
1.1062396280927869,1.0266835910141032,104.28568845451652,1793.0717096578003,30.664627429696424,96.28222598330306,104.28568845451652,0.0,0.0,True,True,True,True,True,False,False,False,,
0.7794762417873309,0.7586137275348692,96.46676084191111,560.0595493081125,23.364161240469773,110.82431179522617,96.46676084191111,0.0,0.0,True,True,True,True,True,False,False,False,,
1.0692691551261841,0.9831385580382898,95.88175467874008,1703.8979718623257,26.36032205796467,101.18498616602605,95.88175467874008,0.0,0.0,True,True,True,True,True,False,False,False,,
0.549332746938046,0.8744552224361806,65.12667178586081,965.003185930628,11.798498130844095,139.4567431729388,65.12667178586081,0.0,0.0,True,True,True,True,True,False,False,False,,
0.542515592251215,0.9431302036927987,74.34395507812464,1284.0257386871226,15.716298498460334,127.38760842236213,74.34395507812464,0.0,0.0,True,True,True,True,True,False,False,False,,
0.9824009365673719,0.8504671695519948,66.44429559609884,580.2829766758459,11.555102255450063,132.89520320033418,66.44429559609884,0.0,0.0,True,True,True,True,True,False,False,False,,
0.8834898863345295,0.8685200349100284,84.28734006570397,693.2778963398831,18.41602894973149,113.93464316483201,84.28734006570397,0.0,0.0,True,True,True,True,True,False,False,False,,
1.0998062702548994,0.9892421498218087,106.30456386306884,501.90475215053027,28.129854655743987,97.42446055610745,106.30456386306884,0.0,0.0,True,True,True,True,True,False,False,False,,
0.6374248950830947,0.6874715009980974,52.86911846947966,561.7368553757407,7.499255329085937,166.3832990921348,52.86911846947966,0.0,0.0,True,True,True,False,False,False,False,False,,
0.405849523132248,0.8551207145052429,89.78504696404673,389.27772893154884,10.306832904806239,151.1306817897747,63.992606155105605,0.0,0.0,True,True,True,False,False,False,False,False,,
0.7021532350695034,0.6353872283677974,59.57062140968473,116.9911261257024,5.211822233060582,198.0403318790895,46.143433811957976,0.0,0.0,True,True,True,False,False,False,False,False,,
1.0865266383699117,0.8853469672133796,54.30822329925378,1612.4684679374066,9.61364192916491,148.37774242228218,54.30822329925378,0.0,0.0,True,True,True,True,True,False,False,False,,
1.0169701212830433,1.0459965894898873,91.84621552865244,864.5093616737635,22.199887065541983,104.16214822610424,91.84621552865244,0.0,0.0,True,True,True,True,True,False,False,False,,
1.0565780377676122,0.7779880611361726,97.96993669001759,676.4690779886309,24.539991147052646,104.8727310451629,97.96993669001759,0.0,0.0,True,True,True,True,True,False,False,False,,
0.41093452914739237,0.7496570047857937,96.53731614421888,171.05893450512443,4.539565683532511,218.82966103125253,42.68513873204201,0.0,0.0,True,True,True,False,False,False,False,False,,
0.6080615144499799,0.6080638995959411,62.23150343317082,1191.386613468836,11.291590815823122,145.14024221751862,62.231503433170815,0.0,0.0,True,True,True,True,True,False,False,False,,
0.6099225217084807,0.884712605895595,86.80306284453178,1374.3304028586244,21.11743093536749,116.54890298882817,86.80306284453178,0.0,0.0,True,True,True,True,True,False,False,False,,
1.1462248438984912,0.5314955985498985,61.555595675251496,1015.9828636955136,10.805478502164142,142.18351395322748,61.5555956752515,0.0,0.0,True,True,True,True,True,False,False,False,,
0.760427795493831,0.5977659054476376,75.4633723370188,1235.7914004033714,16.110564328542537,127.11053748735321,75.4633723370188,0.0,0.0,True,True,True,True,True,False,False,False,,
0.8058185434144345,0.6099139974364343,64.0086597373641,429.14014004735424,10.47237337417724,143.50126614238354,64.0086597373641,0.0,0.0,True,True,True,True,True,False,False,False,,
0.788503174488647,0.552599775295339,107.92379628691961,648.0781737139346,29.269222544577104,113.27221601799206,107.92379628691961,0.0,0.0,True,True,True,True,True,False,False,False,,
1.0036270093177801,0.6726323639877531,102.09014363625744,1171.294559658134,28.1038998858065,105.87347288661003,102.09014363625744,0.0,0.0,True,True,True,True,True,False,False,False,,
1.0438576651570317,1.013119264387102,92.72819195370971,189.9123765162511,12.528536128633064,126.25909115764587,71.68276933201491,0.0,0.0,True,True,True,True,True,False,False,False,,
0.484822635120093,0.868266615863936,66.88355974694339,808.7295064180255,12.057902950663713,140.232012191823,66.88355974694339,0.0,0.0,True,True,True,True,True,False,False,False,,
1.1977494504257302,0.8845380706424225,77.91876698246877,1111.293343753736,16.868885498385083,114.48214983699121,77.91876698246877,0.0,0.0,True,True,True,True,True,False,False,False,,
0.9340141886911434,1.0678035738131582,51.293642395558784,220.95750867365808,6.57800567193438,170.01412680983162,51.293642395558784,0.0,0.0,True,True,True,False,False,False,False,False,,
0.9771592950978274,0.5988744690896839,83.00944130311977,1369.0050079277644,19.567892702732543,117.8958292497156,83.00944130311977,0.0,0.0,True,True,True,True,True,False,False,False,,
0.5153815145068107,0.6332245876194587,66.98824396059821,1033.3988812535115,12.541686806854347,141.5400305157577,66.98824396059821,0.0,0.0,True,True,True,True,True,False,False,False,,
0.5970898906210836,0.8492612878322299,58.037965185958434,800.2153374582757,9.314703267693918,151.2149908726154,58.03796518595843,0.0,0.0,True,True,True,False,False,False,False,False,,
0.8317729952420867,0.9460264522082125,66.43260713712411,288.9510987138536,10.971800620604979,136.0301587945776,66.43260713712411,0.0,0.0,True,True,True,True,True,False,False,False,,
1.0516827209513435,0.6800256019956277,64.91467972950116,1045.3528594346399,11.945912591365378,134.26056614864277,64.91467972950116,0.0,0.0,True,True,True,True,True,False,False,False,,
0.44699370980151715,0.931448380870644,51.0047321234301,1547.0909372458102,8.531917159683163,165.27711210220465,51.0047321234301,0.0,0.0,True,True,True,False,False,False,False,False,,
0.7867328256289354,0.691179855154766,100.85988162804409,109.2338447643489,5.437742156871253,192.11865361675746,47.19649464613167,0.0,0.0,True,True,True,False,False,False,False,False,,
0.4373187367288921,0.6988632540888774,69.32762640669064,354.57847330342156,10.073936659017143,152.86155134865874,63.39758635486726,0.0,0.0,True,True,True,False,False,False,False,False,,
1.1951276780864353,0.9447471139602257,67.96537741734525,1211.121055699613,13.324877712825732,124.78525154430469,67.96537741734525,0.0,0.0,True,True,True,True,True,False,False,False,,
0.8125798642835642,1.0177489620687643,53.363205006153386,1705.1922032764887,9.476485613692962,151.55437794491556,53.363205006153386,0.0,0.0,True,True,True,False,False,False,False,False,,
0.97198080584874,1.0652485235521079,81.44847522212456,1533.1538687466448,19.291132270823493,110.82879890559747,81.44847522212456,0.0,0.0,True,True,True,True,True,False,False,False,,
0.9947569215188049,0.8391714427126342,78.93777079923366,901.0873721210187,16.76575791742748,116.63737612229389,78.93777079923366,0.0,0.0,True,True,True,True,True,False,False,False,,
0.46772117918037953,0.600325399817863,54.58605397298411,944.5496482101158,8.557789196697806,164.00534781819036,54.58605397298411,0.0,0.0,True,True,True,False,False,False,False,False,,
0.7117011156500936,0.7356364688808583,71.2763785461105,609.4096784088003,13.213770988061043,131.52584013590322,71.2763785461105,0.0,0.0,True,True,True,True,True,False,False,False,,
0.5981147948550325,0.9413788531126107,86.4944714363253,259.22886836839194,9.937829850315648,145.62958893579543,63.39448136334337,0.0,0.0,True,True,True,True,True,False,False,False,,
0.6808547519148737,0.5868070200814915,66.66594856627648,620.4504237141542,11.66882151368716,140.80169382819363,66.66594856627648,0.0,0.0,True,True,True,True,True,False,False,False,,
1.1223639034079165,0.8863093794223043,103.65877353331848,585.2400412084139,27.072480757976123,99.63126258830493,103.65877353331848,0.0,0.0,True,True,True,True,True,False,False,False,,
0.6819103256566813,1.074334516476262,101.42060353014998,470.1792315990393,20.670945951501846,111.69702968644215,91.16179183473447,0.0,0.0,True,True,True,True,True,False,False,False,,
0.5920492064097178,0.7324932430161909,102.07553673958569,1129.8944480438909,27.664208970456954,113.97296422612408,102.07553673958569,0.0,0.0,True,True,True,True,True,False,False,False,,
1.1409551188357927,0.515327870251997,76.86960956715488,317.44934216802994,14.659645883794989,127.14009244681579,76.86960956715488,0.0,0.0,True,True,True,True,True,False,False,False,,
0.7659944531661553,0.5436791814182607,102.6663606983682,453.16780641978943,22.30745694588702,118.59922734694204,94.85491424149474,0.0,0.0,True,True,True,True,True,False,False,False,,
1.0539434244724855,0.5163335871975983,90.89196721284091,1029.0437580324096,22.22440047506536,115.93128782798519,90.89196721284091,0.0,0.0,True,True,True,True,True,False,False,False,,
0.663453928792003,0.6088030743882107,92.16854030939831,1375.0509342144358,23.615232371971857,118.50958816355848,92.16854030939831,0.0,0.0,True,True,True,True,True,False,False,False,,
0.7656095264749165,0.8743424239324658,94.72070550494607,1385.4146871780279,24.93049937725697,108.34975284792223,94.72070550494607,0.0,0.0,True,True,True,True,True,False,False,False,,
0.9158094197235174,1.0770785885908225,72.23484592219145,1358.6387034653198,15.163770671633197,120.45681154066244,72.23484592219145,0.0,0.0,True,True,True,True,True,False,False,False,,
0.7799087102738709,0.9241642223485897,99.41125012194797,1591.688602132901,27.88918256600112,105.15282080583845,99.41125012194797,0.0,0.0,True,True,True,True,True,False,False,False,,
1.0521780298379078,0.7374026799033213,59.87630736996391,456.92473187230723,9.291536223403076,146.11572644485574,59.87630736996391,0.0,0.0,True,True,True,True,True,False,False,False,,
0.6762804144475979,0.8677898505522581,97.5806209558466,810.8545857417457,24.561874075606553,110.303702998739,97.5806209558466,0.0,0.0,True,True,True,True,True,False,False,False,,
0.9967194489378467,0.7229742538467965,82.5559020628352,921.0432828689683,18.284322076532707,115.58754810759976,82.5559020628352,0.0,0.0,True,True,True,True,True,False,False,False,,
1.140884603392446,0.5880394011106864,99.30039321831224,853.1521289846936,25.750024515792855,108.47777605774658,99.30039321831224,0.0,0.0,True,True,True,True,True,False,False,False,,
0.6718801385087182,0.6278533063253182,67.09842704157697,463.52129598517666,11.502382643090176,140.52387501054235,67.09842704157697,0.0,0.0,True,True,True,True,True,False,False,False,,
0.8009028040054436,0.8366359490699077,101.69188838649282,1631.4668773357917,28.893383106194833,105.40421473608806,101.69188838649282,0.0,0.0,True,True,True,True,True,False,False,False,,
0.5873267691411236,0.6841437706394267,82.69683645289706,1590.6329382352833,19.844480100211868,123.50131365556999,82.69683645289706,0.0,0.0,True,True,True,True,True,False,False,False,,
0.4945501395913109,0.5189127899454409,91.77357239513367,1406.479409406069,23.277127356615043,128.8079161264176,91.77357239513367,0.0,0.0,True,True,True,True,True,False,False,False,,
0.6058044643734638,0.9887805950549109,100.6183903938525,681.6067275860541,25.553239370184315,109.89706603114766,100.6183903938525,0.0,0.0,True,True,True,True,True,False,False,False,,
1.1128895648896635,0.7818443053886324,106.54835235328068,1335.8077203565638,31.06429766415527,99.89475214973893,106.54835235328068,0.0,0.0,True,True,True,True,True,False,False,False,,
0.6260378953078062,0.6992152112609742,103.01878049738545,1182.0404315225776,28.351141984924823,113.30781007149459,103.01878049738545,0.0,0.0,True,True,True,True,True,False,False,False,,
0.9171918076784046,0.8653038108502955,70.90763711970558,1443.510178143894,14.841643521420675,123.92260057182767,70.90763711970558,0.0,0.0,True,True,True,True,True,False,False,False,,
0.4733689109161615,0.6930506353119639,62.51095785100357,1663.8719242871323,12.216721393242013,146.16467590759245,62.51095785100357,0.0,0.0,True,True,True,True,True,False,False,False,,
1.1041820683874675,0.9549392292007576,74.14572925091751,715.3134862980644,14.526829438671083,119.7648412167837,74.14572925091751,0.0,0.0,True,True,True,True,True,False,False,False,,
0.9793927629047602,0.8426032250017856,98.02310381483144,161.8770302714406,10.017004131899792,140.59898548597135,64.10450604117582,0.0,0.0,True,True,True,True,True,False,False,False,,
0.5741724847854857,0.7869710124334437,64.86104350773242,906.5264601881594,11.606485313232067,140.46295748831568,64.86104350773242,0.0,0.0,True,True,True,True,True,False,False,False,,
0.6417729471267715,0.8182056168378145,107.27279327863737,1005.1093981344407,29.992211446843875,108.86463223143309,107.27279327863737,0.0,0.0,True,True,True,True,True,False,False,False,,
0.5013757720262452,0.7444322385816882,89.59876454485237,1259.2893617428792,21.979505902227448,122.06631914241001,89.59876454485237,0.0,0.0,True,True,True,True,True,False,False,False,,
0.4027484041279178,0.7227437218181542,64.52975094080408,224.23175643166792,5.850611792156204,192.1340051168803,48.381905862981576,0.0,0.0,True,True,True,False,False,False,False,False,,
0.8855654485709603,0.6976081326759641,58.368135666216816,1390.0854334880444,10.455434195922402,144.77100173828364,58.368135666216816,0.0,0.0,True,True,True,True,True,False,False,False,,
1.0108601870467617,0.8589444134162811,62.59450564193143,1031.2839354960292,11.157282043343118,135.77563485879483,62.594505641931434,0.0,0.0,True,True,True,True,True,False,False,False,,
0.9494461540399924,0.69222633105035,97.38024689113992,404.5249540619579,23.40819696742808,109.29921716854254,97.38024689113992,0.0,0.0,True,True,True,True,True,False,False,False,,
1.0983136335297314,0.8986787990788698,108.75323663286423,424.58169832436505,29.12591858274184,98.08235422189722,108.75323663286423,0.0,0.0,True,True,True,True,True,False,False,False,,
1.1131685087521936,0.6110211169516623,102.27603011008115,552.6008908985632,26.274581107246192,107.28393137110656,102.27603011008115,0.0,0.0,True,True,True,True,True,False,False,False,,
1.0285849076795834,0.8769275545870832,76.454416271648,659.9729647200461,15.259006216334438,119.09020266372826,76.454416271648,0.0,0.0,True,True,True,True,True,False,False,False,,
0.6282996780373582,0.9370264255664004,71.75859341659599,813.2871516306485,13.78875541622135,129.13451756368562,71.75859341659599,0.0,0.0,True,True,True,True,True,False,False,False,,
0.7713681569360262,0.6738895445362758,97.8848837251689,1426.6425091218628,26.623168814349636,111.43387074065502,97.8848837251689,0.0,0.0,True,True,True,True,True,False,False,False,,
0.60225831853122,0.7558832047336166,96.18525553753281,986.6102161325032,24.356368781806292,115.20692430056792,96.18525553753281,0.0,0.0,True,True,True,True,True,False,False,False,,
0.49734409799508883,0.5936616405684506,52.58580091785732,782.7793944647988,7.762056777275187,169.126076898429,52.58580091785732,0.0,0.0,True,True,True,False,False,False,False,False,,
0.5629911377054164,0.7636229085611905,79.40364170290087,176.91715253623494,6.370778956646294,179.6120928647759,50.81047422054396,0.0,0.0,True,True,True,False,False,False,False,False,,
0.41124728317588294,0.915620309377315,95.80194844704116,905.0554130607917,23.675789849975494,122.75774795365803,95.80194844704116,0.0,0.0,True,True,True,True,True,False,False,False,,
0.9088083047064637,0.9192525158956224,104.83829612477977,1408.519083522512,30.275957407088576,100.61968877507132,104.83829612477977,0.0,0.0,True,True,True,True,True,False,False,False,,
0.44824967765749385,0.7392992701626874,87.79550851600442,145.20231499066725,4.185565477619204,228.39096354733368,41.07374114760806,0.0,0.0,True,True,True,False,False,False,False,False,,
0.7470667918326477,1.0590434105820319,53.44083261445947,541.3001552539228,7.624301705231767,160.3281323796884,53.44083261445947,0.0,0.0,True,True,True,False,False,False,False,False,,
1.0014575271624722,0.9027429511081144,60.63021315530548,495.49871351876453,9.580115544377612,142.8925614977264,60.63021315530548,0.0,0.0,True,True,True,True,True,False,False,False,,
0.5995876067453296,0.8698583362212231,81.62145777142703,798.9781269086938,17.484192880274662,121.7500898911541,81.62145777142703,0.0,0.0,True,True,True,True,True,False,False,False,,
0.6751792985665,0.5358491385250141,68.98980293548414,624.1692948398209,12.449579507004843,139.25493804135985,68.98980293548414,0.0,0.0,True,True,True,True,True,False,False,False,,
0.8635370213856496,0.8478748312829918,78.14444241432548,1106.409155069141,16.898854270769206,118.34666436659415,78.14444241432548,0.0,0.0,True,True,True,True,True,False,False,False,,
0.5360342745349361,0.9640203375793504,88.74510642591619,1533.466568277478,22.35699768069544,117.00359708190467,88.74510642591619,0.0,0.0,True,True,True,True,True,False,False,False,,
0.6187133098834221,0.5733414959341566,65.67909852608113,806.3631380432496,11.692472740935296,142.7241091014884,65.67909852608113,0.0,0.0,True,True,True,True,True,False,False,False,,
1.0390910723816158,1.0347819097984696,98.42986794392014,1448.0167385841435,27.08892962966065,99.62849304548686,98.42986794392014,0.0,0.0,True,True,True,True,True,False,False,False,,
0.5965062499651048,0.9307037120506089,107.59888464303971,605.3171768781251,23.487405321320942,112.80197804739701,96.74231970217315,0.0,0.0,True,True,True,True,True,False,False,False,,
0.9226887916710754,0.6205698707816117,104.7159230044891,1247.2754018224525,29.688348821801124,108.03184011794441,104.7159230044891,0.0,0.0,True,True,True,True,True,False,False,False,,
0.8200971252427562,1.0808218922313415,84.79416250770171,1723.2759549605858,21.197698911253525,110.25190298918703,84.79416250770171,0.0,0.0,True,True,True,True,True,False,False,False,,
0.8491605387316845,0.9245144020210916,53.53342065615276,683.8895354504946,7.883911493250302,157.88190497941412,53.53342065615276,0.0,0.0,True,True,True,False,False,False,False,False,,
0.5759500482538014,0.7648299968350607,101.57606437428528,1460.7782203045326,28.43574746379308,113.83600850894439,101.57606437428528,0.0,0.0,True,True,True,True,True,False,False,False,,
0.980848794821349,0.5490131034236397,105.90686369036543,653.1870682614139,28.376300400403498,110.16245413272041,105.90686369036543,0.0,0.0,True,True,True,True,True,False,False,False,,
0.5833061042715619,0.9341251715046923,79.5995122438829,1648.7191924978065,18.66120174497051,121.29219140919241,79.5995122438829,0.0,0.0,True,True,True,True,True,False,False,False,,
0.8620313353752469,0.9479087516333005,88.92721690422856,1108.2116684274692,21.487284291034655,108.88314108150692,88.92721690422856,0.0,0.0,True,True,True,True,True,False,False,False,,
1.094799833279795,0.8441425061919026,95.10248492932489,1515.622634415682,25.622871460955587,103.4769289815173,95.10248492932489,0.0,0.0,True,True,True,True,True,False,False,False,,
0.5642259426333893,0.5734646326991084,107.25805502129852,792.535297597008,29.150183673343065,119.81817261928776,107.25805502129852,0.0,0.0,True,True,True,True,True,False,False,False,,
0.47453702845115636,0.5106373277151508,59.785499031998356,166.37389838071527,5.0726806643866365,206.82847798227664,45.23714085855731,0.0,0.0,True,True,True,False,False,False,False,False,,
0.5321827209643636,0.705891069616463,55.07436653681919,332.8396422835081,7.696930902057856,166.08638155213822,55.07436653681919,0.0,0.0,True,True,True,False,False,False,False,False,,
0.44477881445663237,0.7850095531609431,51.19285747363141,996.4520703075374,7.725566479704925,169.57117969633498,51.19285747363141,0.0,0.0,True,True,True,False,False,False,False,False,,
0.6174548766059147,0.9991410842662343,97.77345763584354,360.6188459587847,14.323078817968993,126.77035193456318,75.97038384569208,0.0,0.0,True,True,True,True,True,False,False,False,,
0.5438205626434167,0.6414964867200198,98.15146325403344,904.3718068353577,24.98168073733156,120.0636242481057,98.15146325403344,0.0,0.0,True,True,True,True,True,False,False,False,,
1.0723320119693456,0.9126197298337986,54.31009705867939,1292.3205590466553,9.0926766497148,149.30873701498197,54.31009705867939,0.0,0.0,True,True,True,True,True,False,False,False,,
0.5907030442057047,0.8970640159667788,88.89909930321058,434.4683469050188,16.5793723215375,123.20395040163089,81.56074307724829,0.0,0.0,True,True,True,True,True,False,False,False,,
0.9809877016597494,0.8632458258599047,82.23738049806444,1690.5204179788227,20.015900491416897,112.45617305292598,82.23738049806444,0.0,0.0,True,True,True,True,True,False,False,False,,
0.5530436342881477,0.868045721317331,55.78269655098443,540.9594741041672,8.234643339605842,159.4442611844147,55.78269655098443,0.0,0.0,True,True,True,False,False,False,False,False,,
1.1550399836773595,1.0084403336837928,57.0363558227309,1102.6621525880478,9.574144753000747,143.22739235279874,57.0363558227309,0.0,0.0,True,True,True,True,True,False,False,False,,
0.8397664883581695,0.6264524447777147,66.06613303620627,1509.0772551742896,13.207903876398227,134.75689814805258,66.06613303620627,0.0,0.0,True,True,True,True,True,False,False,False,,
0.4167968874293696,0.6129534023724285,109.12295635470295,1454.1360909783828,31.33869822865836,127.16123419890569,109.12295635470295,0.0,0.0,True,True,True,True,True,False,False,False,,
0.8838376046841726,0.9007224005484907,63.35938791278601,932.9841763768103,11.212743693049301,135.85127577307796,63.35938791278602,0.0,0.0,True,True,True,True,True,False,False,False,,
0.8587576346365416,1.0784357313193327,108.86406035261143,565.2603422887842,29.528734370537645,98.95880090160543,108.86406035261143,0.0,0.0,True,True,True,True,True,False,False,False,,
0.7985493947460937,0.6695247913268575,96.24141273720673,842.6801249982196,24.1008046344022,112.07896008879123,96.24141273720673,0.0,0.0,True,True,True,True,True,False,False,False,,
0.5988759686014359,0.7520297271311602,54.71153731559334,1307.9428547883424,9.205306416553867,155.61210378414663,54.71153731559334,0.0,0.0,True,True,True,False,False,False,False,False,,
0.932893833223334,0.5324379076400926,72.666597361624,161.03113180741312,9.498711283751001,149.20628843398467,62.40056649852831,0.0,0.0,True,True,True,True,True,False,False,False,,
0.9416519752177486,0.6740307477886647,92.86705283551164,941.7597329717988,22.86307601586669,110.84932935784782,92.86705283551164,0.0,0.0,True,True,True,True,True,False,False,False,,
1.0207036130828686,0.5199219658294543,64.6193495199496,1689.3775237062127,13.060433557639861,137.54346882127217,64.6193495199496,0.0,0.0,True,True,True,True,True,False,False,False,,
1.1563946743063234,1.0940765315391774,61.13040768131469,1497.6331398045131,11.536515151985231,133.3649197406219,61.130407681314686,0.0,0.0,True,True,True,True,True,False,False,False,,
1.0121602462983352,0.5981382313228125,102.80131493239102,572.1055126293099,26.557678920343612,108.79212899578928,102.80131493239102,0.0,0.0,True,True,True,True,True,False,False,False,,
0.6627300376431194,0.8483407290629104,77.96111565455217,1388.1488470150437,17.41623550195809,121.68636405779232,77.96111565455217,0.0,0.0,True,True,True,True,True,False,False,False,,
0.5542625608725991,0.5442272576056542,104.17363580465525,1298.3159667152574,29.005173199026682,121.83075184786566,104.17363580465525,0.0,0.0,True,True,True,True,True,False,False,False,,
1.068461847307398,0.9603877228775105,104.14261530763076,1125.5689697341302,29.05667675311558,98.02570734451776,104.14261530763076,0.0,0.0,True,True,True,True,True,False,False,False,,
0.9242445742353688,1.059807592443035,66.39316944043664,325.6803035832813,11.040115713730646,133.74503270237764,66.39316944043664,0.0,0.0,True,True,True,True,True,False,False,False,,
0.553545479567586,1.0262219717274834,89.49060779713082,1081.0525619914524,21.501585054647855,115.6256701925879,89.49060779713082,0.0,0.0,True,True,True,True,True,False,False,False,,
1.180212029237269,0.6209811590420102,94.73360561938506,631.9741130959962,22.916050906416054,109.29108099039134,94.73360561938506,0.0,0.0,True,True,True,True,True,False,False,False,,
0.862688220679804,0.9568105008799136,75.9393907162506,275.5430345177292,14.1859430356563,122.9731002655831,75.9393907162506,0.0,0.0,True,True,True,True,True,False,False,False,,
0.8199198887656518,0.973023177307226,52.827003653402635,863.0501704088784,7.980112346056461,157.7477787807558,52.827003653402635,0.0,0.0,True,True,True,False,False,False,False,False,,
0.5735432106586236,0.8225589684171776,66.63349953686397,546.1390942041535,11.491185217882528,139.84271530487464,66.63349953686397,0.0,0.0,True,True,True,True,True,False,False,False,,
1.1824548645853423,0.9234901943462679,57.386803024151746,961.4014603105574,9.438766127151496,143.95950192356193,57.386803024151746,0.0,0.0,True,True,True,True,True,False,False,False,,
0.9912516658208798,0.7395299119904228,56.715496636837784,1546.2087143512936,10.22040315129084,145.9030362378425,56.715496636837784,0.0,0.0,True,True,True,True,True,False,False,False,,
0.5178293838755464,0.5591184319416678,78.54245794942499,995.4879242139981,16.6821029201323,132.9917184435222,78.54245794942499,0.0,0.0,True,True,True,True,True,False,False,False,,
1.0688484032872725,0.540179208446145,85.13024383228787,736.3593033247137,18.917942302350703,118.5654229741036,85.13024383228787,0.0,0.0,True,True,True,True,True,False,False,False,,
1.0422761958629159,0.9196191981459441,54.44991872440635,1039.6567732714839,8.719688836648034,150.77011100469855,54.44991872440635,0.0,0.0,True,True,True,False,False,False,False,False,,
0.9730606281077155,0.5151882656028879,76.71010785287774,180.00961530224603,11.077069866262534,140.9704832730244,67.38066622608241,0.0,0.0,True,True,True,True,True,False,False,False,,
1.050059148073919,0.5692475096795566,76.00340432853449,879.4079384784206,15.57926334147206,124.53991253517886,76.00340432853449,0.0,0.0,True,True,True,True,True,False,False,False,,
1.176476525168178,0.7551882875296807,79.61746171484111,898.1848119688324,17.055761392037102,115.7182885362788,79.61746171484111,0.0,0.0,True,True,True,True,True,False,False,False,,
1.1032151846651734,0.7555235198412548,72.73074799839777,1399.2247581972422,15.459496439255911,121.84997623693047,72.73074799839777,0.0,0.0,True,True,True,True,True,False,False,False,,
0.5356244609212347,0.8305550881727104,76.34358927366179,1757.730743165267,17.47739762105231,126.92094560919341,76.34358927366179,0.0,0.0,True,True,True,True,True,False,False,False,,
0.9472240056995856,0.6258988737804737,92.69003998819989,1428.8758243782565,24.147261230609406,111.87909175539143,92.69003998819989,0.0,0.0,True,True,True,True,True,False,False,False,,
0.7682139990332908,0.6819783399191666,62.01715037806622,1651.5094779860754,12.080783271703114,140.0819671817296,62.01715037806621,0.0,0.0,True,True,True,True,True,False,False,False,,
1.16060862880304,0.759438953139833,101.04612557653192,249.68103136934965,18.333436633073514,112.54956891012554,86.66688173167381,0.0,0.0,True,True,True,True,True,False,False,False,,
0.6971619755807031,0.9055664668919996,108.95591688263384,1105.4875075628615,31.298613687265085,104.71567492458772,108.95591688263384,0.0,0.0,True,True,True,True,True,False,False,False,,
0.7511153570068883,0.5181147961575341,71.78730787365517,719.3940651581753,13.63112249649374,134.8112766517824,71.78730787365517,0.0,0.0,True,True,True,True,True,False,False,False,,
0.42927558902160856,0.9469723288599667,70.23193366382789,551.2495951428882,12.639132109749033,139.50978068803647,70.23193366382789,0.0,0.0,True,True,True,True,True,False,False,False,,
1.0343863671543243,0.865121806052162,64.46831806585047,1136.7589580881681,11.968570026357094,132.0816908930376,64.46831806585047,0.0,0.0,True,True,True,True,True,False,False,False,,
0.8879052991860195,0.7237554369800562,56.20261398101285,315.89274156368526,8.002495011228637,157.5011580688665,56.20261398101285,0.0,0.0,True,True,True,False,False,False,False,False,,
0.5584012386864938,0.7247786319752259,66.60101438070727,194.7290486930729,6.962155937905102,172.74172070755873,53.089184742279826,0.0,0.0,True,True,True,False,False,False,False,False,,
1.178051437587047,0.6889533060224512,107.18924374127121,1702.9432782050906,31.51070172954681,101.44183783175865,107.18924374127121,0.0,0.0,True,True,True,True,True,False,False,False,,
0.8112551188577534,1.0626055829062335,76.85778713381487,1689.2607820041164,17.689487807451453,116.98587431810502,76.85778713381487,0.0,0.0,True,True,True,True,True,False,False,False,,
0.5207647435746812,1.0300834306924962,83.34570159381397,1607.566809017576,20.1252512755662,119.95240450275051,83.34570159381397,0.0,0.0,True,True,True,True,True,False,False,False,,
1.1109740733959037,1.0871633285930944,85.87797695844101,188.37134891599635,13.212995866300083,122.44849084596557,73.65070095007987,0.0,0.0,True,True,True,True,True,False,False,False,,
0.7886924052336167,0.7781270174236179,78.55177786015096,368.78495156510076,15.34554987156828,123.10048142736714,78.55177786015096,0.0,0.0,True,True,True,True,True,False,False,False,,
0.7929163100080021,1.0326912355704105,80.56202928226722,1345.3683260267317,18.426452960768714,114.66123695803347,80.56202928226722,0.0,0.0,True,True,True,True,True,False,False,False,,
0.7614150260309276,0.5220549838539815,82.49094677912028,552.7893591645019,17.302293058735,125.93983836349385,82.49094677912028,0.0,0.0,True,True,True,True,True,False,False,False,,
0.93909978447264,1.0491793998844847,86.21710310465659,1330.1188824876042,20.872786652665305,108.01295075492028,86.21710310465659,0.0,0.0,True,True,True,True,True,False,False,False,,
1.0591528899656575,1.0301966968832459,107.01748251267794,1077.0329979525488,30.422663709615996,96.03364466991181,107.01748251267794,0.0,0.0,True,True,True,True,True,False,False,False,,
0.5689833422178016,0.882762366586215,64.75740428237118,697.1339908219065,11.17551067161715,140.96654447327523,64.75740428237118,0.0,0.0,True,True,True,True,True,False,False,False,,
0.5776989197178355,0.5838045779072694,105.4624999105454,1337.048876818822,29.823853638554137,118.74142479283226,105.4624999105454,0.0,0.0,True,True,True,True,True,False,False,False,,
0.9371542841537104,0.590123116971954,95.49687240153574,335.8123287726801,20.04886335438267,116.45295039345677,90.31738697558885,0.0,0.0,True,True,True,True,True,False,False,False,,
0.8403179446373927,0.9976968314440414,69.77833080845612,1173.7025071949688,13.863986870040776,125.44962427338713,69.77833080845612,0.0,0.0,True,True,True,True,True,False,False,False,,
0.959089682718347,0.9392224296955332,90.18305542684423,1042.1651641673293,21.910007124024656,106.91030150890958,90.18305542684423,0.0,0.0,True,True,True,True,True,False,False,False,,
0.9877946659753728,0.8118445704066362,58.53530529581883,1671.9979030068876,11.000449356759306,141.3552044826482,58.53530529581882,0.0,0.0,True,True,True,True,True,False,False,False,,
0.8415731348534261,0.6668796245506083,95.6576351040417,562.2578247952302,23.028997274112204,112.15638026067751,95.6576351040417,0.0,0.0,True,True,True,True,True,False,False,False,,
0.7874932202710219,0.5926797718256914,67.17658755578506,1229.334052974918,13.046183817147538,135.38369885122964,67.17658755578506,0.0,0.0,True,True,True,True,True,False,False,False,,
0.5208215928004112,0.7524147624114541,95.62295346237455,1040.776979944499,24.161354133251027,118.79454627692749,95.62295346237455,0.0,0.0,True,True,True,True,True,False,False,False,,
1.1054611012650986,0.5105671787384851,67.15945614614779,1108.6917367565616,12.834971381738413,134.80916505568098,67.15945614614779,0.0,0.0,True,True,True,True,True,False,False,False,,
0.9561271386459158,0.8656111207413812,63.89956863450893,173.7784505791193,9.975030884685783,140.88084670270874,63.89956863450894,0.0,0.0,True,True,True,True,True,False,False,False,,
0.9118449443192997,0.5701989771892403,69.65530375868669,1156.961527754987,13.79487445089762,131.68558196756885,69.65530375868669,0.0,0.0,True,True,True,True,True,False,False,False,,
0.5934551314888593,0.9771634277401486,54.13914721795892,1035.3269847115926,8.598852881908536,156.48968034393553,54.13914721795892,0.0,0.0,True,True,True,False,False,False,False,False,,
1.1789604790009758,0.7543627508198856,60.17269302986417,1349.9520482163468,10.965495937472067,138.56687476928832,60.17269302986417,0.0,0.0,True,True,True,True,True,False,False,False,,
0.7324291304509284,0.9931902308044533,81.32178198946868,1358.3390750446754,18.757862654885212,115.67921494720751,81.32178198946868,0.0,0.0,True,True,True,True,True,False,False,False,,
0.5676373698184998,0.8762244605023399,88.77922726235417,391.4808320825179,14.34458750640622,129.49472906477618,75.89413919606059,0.0,0.0,True,True,True,True,True,False,False,False,,
1.1483265731249925,0.655918570811621,63.01477674457412,304.4313782403369,9.95994617272224,142.21812957008876,63.014776744574114,0.0,0.0,True,True,True,True,True,False,False,False,,
0.48405008609082883,0.925360878365535,91.59979573195496,336.9662334774362,10.553151180743793,145.79920286393528,65.02132888283549,0.0,0.0,True,True,True,True,True,False,False,False,,
0.5506407619017405,0.6417670918671783,92.40699023255553,314.1608602062727,11.138922406464095,144.638605539637,66.96189199075843,0.0,0.0,True,True,True,True,True,False,False,False,,
0.6471045102983095,0.5731279578507065,97.96458214589282,1378.1947123246384,26.35045665342645,118.29189936372883,97.96458214589282,0.0,0.0,True,True,True,True,True,False,False,False,,
0.43338285283405753,0.7054790102230863,94.94665080459893,1165.9770038104825,24.07963947034028,125.21259309378158,94.94665080459893,0.0,0.0,True,True,True,True,True,False,False,False,,
0.6790977838019535,0.5010379898492029,58.30259236275315,1304.5850855213712,10.271017621376568,152.2970579736328,58.30259236275315,0.0,0.0,True,True,True,False,False,False,False,False,,
0.727617612322439,1.0114278964506709,70.57041616059675,890.4473462211192,13.549321835784115,127.28357267894675,70.57041616059675,0.0,0.0,True,True,True,True,True,False,False,False,,
0.4023979541679157,0.929404064958339,60.16753567295041,886.4733166183149,10.05268691668716,152.65328226590495,60.1675356729504,0.0,0.0,True,True,True,False,False,False,False,False,,
0.9011128292150647,0.7201745431905204,53.31275500253976,138.67162868594278,6.952488236857095,168.11889270466048,53.31275500253976,0.0,0.0,True,True,True,False,False,False,False,False,,
0.40150240978626395,0.7811533442090124,71.3716374894914,444.6381397466322,11.678879033534148,146.2509254436754,68.02443337950498,0.0,0.0,True,True,True,True,True,False,False,False,,
1.0588125352772102,0.8254520400177676,75.57286700581272,629.818888642612,14.864676340348495,120.55845014056743,75.57286700581272,0.0,0.0,True,True,True,True,True,False,False,False,,
0.6909667071679875,0.6416782091243634,55.20438322252356,1073.1008221395705,8.968900073771136,155.76400365383444,55.20438322252356,0.0,0.0,True,True,True,False,False,False,False,False,,
0.6110988494836862,0.6929637031417969,86.73047326867184,1631.7434907143393,21.618727442246353,120.13160869867421,86.73047326867184,0.0,0.0,True,True,True,True,True,False,False,False,,
0.9596607349409201,0.5700766953422078,91.75311077287564,754.7868530558695,21.837009909915515,114.8258024598249,91.75311077287564,0.0,0.0,True,True,True,True,True,False,False,False,,
0.8090888967796426,0.7028531828308974,75.77299003916116,375.67951941761316,14.337093978445491,126.80717991935039,75.77299003916116,0.0,0.0,True,True,True,True,True,False,False,False,,
0.6187912886928322,0.7050331571388373,71.16969612065611,1772.7266532753783,15.460366190505088,131.23330736143166,71.16969612065611,0.0,0.0,True,True,True,True,True,False,False,False,,
0.9714503059209881,1.0936321918620315,78.72637768574799,1716.9161271269727,18.56197645476518,112.7741913361713,78.72637768574799,0.0,0.0,True,True,True,True,True,False,False,False,,
0.42858645597257994,0.8907762516044905,85.58836207033845,220.50115172285305,6.107643807933566,185.8975069382353,49.492814442620215,0.0,0.0,True,True,True,False,False,False,False,False,,
1.081574773247159,0.6324275720064226,77.4083010962217,1208.2942279310087,16.871674057589164,120.4142649792875,77.4083010962217,0.0,0.0,True,True,True,True,True,False,False,False,,
0.4846252433183602,0.7693893480159717,69.2063860274614,747.5792277078517,12.716418657430165,139.00122264209205,69.2063860274614,0.0,0.0,True,True,True,True,True,False,False,False,,
0.4794777208727227,0.6534304438492631,55.54801545961858,1559.3321184945166,9.846430688219561,157.80603283432654,55.54801545961858,0.0,0.0,True,True,True,False,False,False,False,False,,
0.9273712108955919,0.9808004903451251,101.9354004735311,656.0715443690111,26.356289349686143,101.42293529335831,101.9354004735311,0.0,0.0,True,True,True,True,True,False,False,False,,
0.6540438178147844,1.0277174829577786,93.14753916958489,976.5042612373037,22.94982469721058,110.45589489804425,93.14753916958489,0.0,0.0,True,True,True,True,True,False,False,False,,
0.6471689183328275,0.9440741815014181,105.84371132906006,256.51829033323315,10.618515652924573,140.82722095337115,65.59722877924925,0.0,0.0,True,True,True,True,True,False,False,False,,
0.6847090359303173,0.5763217054618246,63.855871695755035,1452.3684350086348,12.319976817239219,141.3753538684351,63.855871695755035,0.0,0.0,True,True,True,True,True,False,False,False,,
0.6363098062072827,0.7251073909408672,52.02753186035354,297.09011299907814,6.864502853779853,172.3361419045046,52.02753186035354,0.0,0.0,True,True,True,False,False,False,False,False,,
0.4239266079748379,0.82887135232362,99.5055871758105,1188.9998843588332,26.299523120815316,121.81317565079245,99.5055871758105,0.0,0.0,True,True,True,True,True,False,False,False,,
0.6579602551406651,0.7315463428121607,76.3915725203999,597.6878088274544,15.019479073530158,127.50074592303426,76.3915725203999,0.0,0.0,True,True,True,True,True,False,False,False,,
0.6385293263416151,0.6037725174648585,71.9676728968054,406.6899385395131,13.013290756734444,136.21114832431658,71.9676728968054,0.0,0.0,True,True,True,True,True,False,False,False,,
0.8420636521257541,0.8820979795933972,62.58329504076171,292.5584778809759,9.786740071904013,143.033462870666,62.58329504076171,0.0,0.0,True,True,True,True,True,False,False,False,,
0.9746884533930864,1.0535114017764573,89.44756038599212,1674.0007561137481,23.27381595771931,105.11720643871436,89.44756038599212,0.0,0.0,True,True,True,True,True,False,False,False,,
1.1652787930096897,0.5132489585197126,105.35077687542783,489.5148646119996,27.628763831628213,109.9973722360754,105.35077687542783,0.0,0.0,True,True,True,True,True,False,False,False,,
0.8981551627773356,1.0675441542138313,103.50049194506474,992.117297274589,28.206451717450825,99.54227175738114,103.50049194506474,0.0,0.0,True,True,True,True,True,False,False,False,,
0.8755981125625296,1.0208472016948675,69.82231694266014,984.3652030694509,13.499383187686911,125.48345795367592,69.82231694266014,0.0,0.0,True,True,True,True,True,False,False,False,,
0.6388719896885731,1.0545796385177875,77.1468664552456,629.4704391093585,15.366859426882085,123.02482019373981,77.1468664552456,0.0,0.0,True,True,True,True,True,False,False,False,,
0.9804709593437743,0.5144223450542245,99.63890806357375,527.4608128055053,24.859786276152466,114.07363972441242,99.63890806357375,0.0,0.0,True,True,True,True,True,False,False,False,,
0.5947420206352927,0.5640835529135421,105.66981653197206,1414.4324767096484,29.860397717953585,118.87354028422902,105.66981653197206,0.0,0.0,True,True,True,True,True,False,False,False,,
0.7376405034730773,0.7022067558348253,62.97830475422856,1239.395008335448,11.640460282751059,139.62263329296565,62.97830475422857,0.0,0.0,True,True,True,True,True,False,False,False,,
0.6229533834737215,0.6816011931050356,62.19013924957504,1130.7769924997622,11.170305819123167,143.7194829310098,62.19013924957504,0.0,0.0,True,True,True,True,True,False,False,False,,
1.0428655715073198,0.8819548891949773,76.93658131499431,397.2499129752255,14.852241566583245,119.80010127587573,76.93658131499431,0.0,0.0,True,True,True,True,True,False,False,False,,
1.0118469435643567,0.6146464154411941,79.53675515844355,1704.795512642312,18.645022993689818,119.44837155238775,79.53675515844355,0.0,0.0,True,True,True,True,True,False,False,False,,
0.7578172470416671,0.8275189406973491,68.87125703044552,546.8458516698815,12.269388521663396,132.70456305543036,68.87125703044552,0.0,0.0,True,True,True,True,True,False,False,False,,
0.43567366870264757,0.6504603870204508,104.68820572305839,1593.475742635706,29.42532316063745,124.5513115402509,104.68820572305839,0.0,0.0,True,True,True,True,True,False,False,False,,
0.43236883239666246,0.541975710705904,96.88044431448543,1238.9585633706088,25.203561465673644,130.3685649824867,96.88044431448543,0.0,0.0,True,True,True,True,True,False,False,False,,
0.4367372353828282,0.742693880228214,86.91987392065073,1154.5166356100262,20.449912456549587,127.0733544070542,86.91987392065073,0.0,0.0,True,True,True,True,True,False,False,False,,
1.0185878538027588,0.9102437660713916,98.08045327510595,1553.3124192728494,27.220043428779444,101.76241466889873,98.08045327510595,0.0,0.0,True,True,True,True,True,False,False,False,,
1.0358513999592895,0.5944888571869282,100.43564468934417,312.20243660240226,20.548559655773165,114.41833338944822,91.55548580055552,0.0,0.0,True,True,True,True,True,False,False,False,,
0.7813172311133334,0.7078546181775481,107.25089698198778,640.6268242736668,28.89061992459986,107.90925420042134,107.25089698198778,0.0,0.0,True,True,True,True,True,False,False,False,,
0.7957762197743046,0.7803928932476585,51.51430669610489,832.6078623440224,7.583546705570574,163.30970659350987,51.51430669610489,0.0,0.0,True,True,True,False,False,False,False,False,,
0.8437089888242468,0.5904554002394545,86.92996946578167,1490.0015744301265,21.578710961469206,117.6063720914221,86.92996946578167,0.0,0.0,True,True,True,True,True,False,False,False,,
0.47814224600237354,1.0145361982300338,84.70563449942759,773.3481974213771,18.590106473003253,122.81150098930067,84.70563449942759,0.0,0.0,True,True,True,True,True,False,False,False,,
0.565415872297165,0.5360100102014814,72.97824939743909,1259.8243166626148,15.156838971794864,135.8756715218453,72.97824939743909,0.0,0.0,True,True,True,True,True,False,False,False,,
0.5547990761315461,0.7974922479415774,86.33489960251566,842.4509622803824,19.506798992004086,121.18443133157963,86.33489960251566,0.0,0.0,True,True,True,True,True,False,False,False,,
0.861464206061592,0.6450134115706875,56.25239320842961,843.5834285274764,8.897641211449626,152.98258278842587,56.25239320842961,0.0,0.0,True,True,True,False,False,False,False,False,,
1.1040462870348524,0.9255526271554196,95.11663764123618,1295.8261983209886,24.99631646133147,102.15814192621762,95.11663764123618,0.0,0.0,True,True,True,True,True,False,False,False,,
0.8771354881523741,0.8768094685577015,60.62213710001108,643.5349165868734,9.833444113463447,142.96812011722955,60.62213710001108,0.0,0.0,True,True,True,True,True,False,False,False,,
0.6248639744166083,0.9686712632752066,60.31978799283086,346.4092516032956,9.18971287910383,149.56548823145644,60.31978799283086,0.0,0.0,True,True,True,True,True,False,False,False,,
0.9724611742347136,1.0041455229550675,90.22108074905846,915.0453166145551,21.58684728482269,106.07560441174684,90.22108074905846,0.0,0.0,True,True,True,True,True,False,False,False,,
0.8277544797406626,0.5247990416269785,91.53808657686768,187.63838218692263,9.853153567703774,148.45944256923886,63.44963212009416,0.0,0.0,True,True,True,True,True,False,False,False,,
0.777433302963514,0.5605230887904136,69.03783217150344,539.5708673146956,12.314064691319528,137.187615916057,69.03783217150344,0.0,0.0,True,True,True,True,True,False,False,False,,
0.624817480310982,0.8360829333005225,62.55409914366514,922.2550215741749,10.905180207623411,141.9836276197152,62.55409914366515,0.0,0.0,True,True,True,True,True,False,False,False,,
0.9342501201803114,0.996255484720652,109.51872298364131,1153.4951372303533,31.978433604094377,97.51236333190576,109.51872298364131,0.0,0.0,True,True,True,True,True,False,False,False,,
0.4887354577110748,0.6181866001445083,99.03185272693015,1291.5214880916565,26.503191027903338,123.12771628971427,99.03185272693015,0.0,0.0,True,True,True,True,True,False,False,False,,
1.1255564897945147,0.5165715623843711,97.81379866546071,1429.3853967380246,26.310288163558873,112.01849265101404,97.81379866546071,0.0,0.0,True,True,True,True,True,False,False,False,,
1.1558451895127344,1.0645596881124737,52.06040498588969,207.80159836754933,6.754380384114254,166.2886385216925,52.06040498588969,0.0,0.0,True,True,True,False,False,False,False,False,,
0.9988689307573583,1.0881087440039776,99.82553781209188,1119.038724924249,26.779724817736316,99.17817630548346,99.82553781209188,0.0,0.0,True,True,True,True,True,False,False,False,,
1.0389307375598504,0.8006845029524329,65.57527276934528,492.46092330188424,11.108245893961273,134.9021216912612,65.57527276934528,0.0,0.0,True,True,True,True,True,False,False,False,,
1.0111347971970712,0.6773097663943876,101.63324676550589,204.38201052678977,13.07504596680228,128.72032215081887,73.18858661609708,0.0,0.0,True,True,True,True,True,False,False,False,,
0.6828083845655117,1.0143132065963352,93.74739485007692,1686.8198727701638,25.198622443417054,108.80426839623907,93.74739485007692,0.0,0.0,True,True,True,True,True,False,False,False,,
0.5314273990195334,0.9707564738431176,97.09004877919467,1679.9868698203131,26.598361488847324,113.51592095239785,97.09004877919467,0.0,0.0,True,True,True,True,True,False,False,False,,
0.7430927610591769,0.8262637805649884,75.2325236322059,108.2222279177628,5.094108082271194,198.51210650030043,45.65593582004356,0.0,0.0,True,True,True,False,False,False,False,False,,
1.1004506658231494,0.7567584881834636,108.84050041117294,149.48361735612488,10.369578210149694,138.6788661526075,65.29795597703863,0.0,0.0,True,True,True,True,True,False,False,False,,
0.7892164075726698,0.6550629138208408,54.41097075458284,1726.473762069415,9.81665326671911,153.55093252423046,54.41097075458284,0.0,0.0,True,True,True,False,False,False,False,False,,
0.5385492024232059,0.8998506604440254,98.59341310130024,1500.710110292976,26.993558804286288,113.77061645640515,98.59341310130024,0.0,0.0,True,True,True,True,True,False,False,False,,
0.4196651466761088,1.0924676155149289,73.94371084956096,1412.8188527577945,15.775358760550546,131.6239384342151,73.94371084956096,0.0,0.0,True,True,True,True,True,False,False,False,,
0.42570093194528724,0.8993004901267068,83.68071793934607,1535.34231779668,20.006704407159436,126.35123428721529,83.68071793934607,0.0,0.0,True,True,True,True,True,False,False,False,,
0.5123619562973026,0.8162888693875099,76.55737037948543,1330.735876863719,16.661909578020303,128.1471253305618,76.55737037948543,0.0,0.0,True,True,True,True,True,False,False,False,,
0.6860986603796638,0.9019229384268224,59.151899075943064,739.72122105629,9.54732801767293,147.2930105132823,59.151899075943064,0.0,0.0,True,True,True,True,True,False,False,False,,
1.1739778800970306,0.9876551076859901,73.6554396275684,1640.2680825462312,16.340593773798005,116.90413616608029,73.6554396275684,0.0,0.0,True,True,True,True,True,False,False,False,,
1.014259774479259,0.5554466375754086,64.13401695344821,124.08924198489416,7.934284318754963,159.6421776869804,57.11618153584989,0.0,0.0,True,True,True,False,False,False,False,False,,
0.9858618666049056,0.8951580385376345,99.47194170746113,1789.505684441736,27.987178382586748,101.8644406334251,99.47194170746113,0.0,0.0,True,True,True,True,True,False,False,False,,
0.7282641496398448,0.7690748007774746,109.88994012405038,1786.2110155701926,32.850549259205906,106.34020244022622,109.88994012405038,0.0,0.0,True,True,True,True,True,False,False,False,,
0.8931158611206617,0.5483106416738767,68.90206897452643,1767.2727150132225,14.54417882478228,132.69227286371606,68.90206897452643,0.0,0.0,True,True,True,True,True,False,False,False,,
0.820741140158577,0.6759053997147866,95.3283745907287,1745.7874499573918,25.534234658473785,111.25680823598049,95.3283745907287,0.0,0.0,True,True,True,True,True,False,False,False,,
0.8405994773082823,0.7771191478374502,50.08831472225061,568.6740210404021,6.8136913385599716,170.43376473781342,50.08831472225061,0.0,0.0,True,True,True,False,False,False,False,False,,
0.817973996219711,0.6960522787423762,106.22663777121825,504.24180065665314,26.527964044124303,108.89786689483591,103.39669803668,0.0,0.0,True,True,True,True,True,False,False,False,,
0.6783631657764744,0.5725831355054081,80.88379221068614,634.4813856899046,16.831775642758338,126.86884636893926,80.88379221068614,0.0,0.0,True,True,True,True,True,False,False,False,,
1.086115623523595,0.5059259173456019,70.35467393190767,416.30492751234345,12.547062343312396,134.47360910082128,70.35467393190767,0.0,0.0,True,True,True,True,True,False,False,False,,
0.4150874013625977,0.6884941064332768,76.2067125883509,1540.719496507213,16.928979701679236,135.39678696370595,76.2067125883509,0.0,0.0,True,True,True,True,True,False,False,False,,
1.0978289809710549,0.8585006454185353,93.7189988607362,348.2532134282093,21.621781751011078,106.21182861913961,93.7189988607362,0.0,0.0,True,True,True,True,True,False,False,False,,
1.1195277833905415,0.883548580257308,71.48905626211112,930.1755563970763,14.01181468819044,122.52741389343169,71.48905626211112,0.0,0.0,True,True,True,True,True,False,False,False,,
0.7866403137769127,0.6179272883029527,98.12523213062485,1369.5843662210782,26.58188876133652,112.81815948511775,98.12523213062485,0.0,0.0,True,True,True,True,True,False,False,False,,
1.1622344410239123,0.6126243693788443,51.553427730360596,1225.3358632714649,8.220413205525382,159.29744066013495,51.553427730360596,0.0,0.0,True,True,True,False,False,False,False,False,,
0.7415327967418321,0.9679906653307278,50.75761929319705,549.9015560821986,6.947402460223739,168.3505055586118,50.75761929319705,0.0,0.0,True,True,True,False,False,False,False,False,,
0.7281241132293395,0.7890184724532447,108.1274854445831,1797.564054964386,31.991850475291933,106.27612946227867,108.1274854445831,0.0,0.0,True,True,True,True,True,False,False,False,,
1.0349941432979812,0.6493336294552141,65.44767351713077,723.3195538542021,11.507999407324291,135.90549276893907,65.44767351713077,0.0,0.0,True,True,True,True,True,False,False,False,,
0.507146142709167,0.8194333820027127,79.00199773789791,761.2216313497761,16.312919655983556,127.9693440063528,79.00199773789791,0.0,0.0,True,True,True,True,True,False,False,False,,
0.891061872735095,0.626090652629703,82.59960523602983,1654.392924512825,19.881708039931986,118.43497362187655,82.59960523602983,0.0,0.0,True,True,True,True,True,False,False,False,,
0.777159518927196,0.9631870089270711,103.46342167120457,306.9792922373978,15.232154927322279,121.18709280756934,78.6370339321457,0.0,0.0,True,True,True,True,True,False,False,False,,
0.6143504468875582,0.6490805305461558,59.504257937744875,1248.9899489220682,10.535697736184117,148.19646745195578,59.50425793774487,0.0,0.0,True,True,True,True,True,False,False,False,,
0.7670221533916521,1.0637109230354351,50.67340710846415,1313.2788429750863,8.107353759834863,159.61970114286927,50.67340710846415,0.0,0.0,True,True,True,False,False,False,False,False,,
1.004249058296168,0.5115949791531009,63.35658154235779,484.60967646499404,10.389891674134475,144.35486599966367,63.35658154235779,0.0,0.0,True,True,True,True,True,False,False,False,,
0.6020826231274279,0.645506031411299,85.8363666486004,1632.4883096198291,21.15631412267245,122.16106168321691,85.8363666486004,0.0,0.0,True,True,True,True,True,False,False,False,,
0.7550888127225253,0.992661227764243,70.44826704918756,806.5334238083827,13.33890603299847,127.50714794378811,70.44826704918756,0.0,0.0,True,True,True,True,True,False,False,False,,
1.0504193730682199,0.5570445003812723,54.04379318647744,473.56897400389096,7.688402775537363,162.0020827920557,54.04379318647744,0.0,0.0,True,True,True,False,False,False,False,False,,
0.438639175829237,0.6986934446165805,98.3448522266768,1578.7006175152762,26.603339764141147,123.92352572565551,98.3448522266768,0.0,0.0,True,True,True,True,True,False,False,False,,
0.752153240806337,0.9768365736621181,50.39554552289713,1253.417786502406,7.940420599022113,161.499123398736,50.39554552289713,0.0,0.0,True,True,True,False,False,False,False,False,,
0.46751455336888903,0.7988360718340373,72.07799573597963,1484.175140642361,15.251433086080931,134.06890266702365,72.07799573597963,0.0,0.0,True,True,True,True,True,False,False,False,,
1.0127064116569995,1.0747183523563697,86.03971634025487,936.3712166691463,19.803754352006212,107.69806482803156,86.03971634025487,0.0,0.0,True,True,True,True,True,False,False,False,,
1.1661832850817406,0.6361944366619711,65.43585330944885,1652.0515673255165,13.286345099404414,132.15678366168285,65.43585330944885,0.0,0.0,True,True,True,True,True,False,False,False,,
1.1349508096560033,0.7027474317621492,64.31234623035306,729.5535530166035,11.15744845419287,135.84221627542414,64.31234623035306,0.0,0.0,True,True,True,True,True,False,False,False,,
0.5288387245957272,1.0818705862741418,63.123006420810036,117.92896895870838,3.985056354717599,232.1471048260145,40.20586165622317,0.0,0.0,True,True,True,False,False,False,False,False,,
0.5225831416583583,0.9481722925566001,79.91587578097918,199.9097377304108,6.702941218727665,174.77427378402223,52.03699041902209,0.0,0.0,True,True,True,False,False,False,False,False,,
0.42841849722273245,0.5900248927351857,103.67048733863192,202.3574644347595,5.598366514987227,196.89919347757632,47.40358854267608,0.0,0.0,True,True,True,False,False,False,False,False,,
1.0731044096532139,0.63791722249767,94.22747057083602,329.9385690839415,21.791045492029195,111.00286865838808,94.22747057083602,0.0,0.0,True,True,True,True,True,False,False,False,,
0.4219087118207024,0.9087138931575762,102.0131727472527,235.64666499192552,6.433396563599228,181.51026896642003,50.76418217790535,0.0,0.0,True,True,True,False,False,False,False,False,,
1.0817350360499378,0.8857719330379104,90.63238910791887,1766.3598214616213,23.775691793992834,105.38359715263933,90.63238910791887,0.0,0.0,True,True,True,True,True,False,False,False,,
0.6559215676333516,0.547269688210036,105.39582161232357,1058.8183105865637,29.209889642183573,117.4227648319909,105.39582161232357,0.0,0.0,True,True,True,True,True,False,False,False,,
1.1798503971069778,0.5206649039918538,91.48618791785876,126.0917408227973,9.35930081990072,148.6071776657929,62.09752492076741,0.0,0.0,True,True,True,True,True,False,False,False,,
0.8308391795620156,0.954413840651165,91.73215367256412,1147.0355301824657,22.865940176534085,107.64311368053843,91.73215367256412,0.0,0.0,True,True,True,True,True,False,False,False,,
0.7195468605547863,1.02296178314546,93.65690583289057,895.926703918073,22.999844887312356,108.56492457806195,93.65690583289057,0.0,0.0,True,True,True,True,True,False,False,False,,
0.5752270410766361,0.7611295367950808,94.28526746696997,669.391042931646,22.5319420389033,117.49447715803441,94.28526746696997,0.0,0.0,True,True,True,True,True,False,False,False,,
0.9201100919268713,1.0412012351849709,74.6191693421501,751.8615336797222,14.75867779826687,120.14879132505536,74.6191693421501,0.0,0.0,True,True,True,True,True,False,False,False,,
1.0596689450210448,0.9373215243282889,82.19089933902023,289.71857286865657,16.613510416929444,114.3928203364606,82.19089933902023,0.0,0.0,True,True,True,True,True,False,False,False,,
0.8297390565596221,1.0911162661295652,59.42037601345798,1554.1196083005384,11.066476692470196,139.03530392084565,59.42037601345798,0.0,0.0,True,True,True,True,True,False,False,False,,
0.8502408102370869,1.0155189389791581,108.9403334102658,686.2803093086169,29.98146519406594,99.68902360820368,108.9403334102658,0.0,0.0,True,True,True,True,True,False,False,False,,
0.9908632749346759,0.5616797809251265,78.05572893783335,1476.749818813938,17.733247570258694,122.59342710880516,78.05572893783335,0.0,0.0,True,True,True,True,True,False,False,False,,
0.4234678178512595,0.892616726993559,51.48603562487908,930.0214312080693,7.694946071564608,169.30829692780517,51.48603562487908,0.0,0.0,True,True,True,False,False,False,False,False,,
0.4790947019879094,1.0300014712324304,86.60992268427069,1467.1850206200338,21.16864835848993,120.02777415618964,86.60992268427069,0.0,0.0,True,True,True,True,True,False,False,False,,
0.8252948996280257,1.003244350341806,58.23438989374541,1796.6886806210289,11.11024646815475,141.57078716479714,58.2343898937454,0.0,0.0,True,True,True,True,True,False,False,False,,
0.8243133995063445,0.5135186919862809,95.15099162867378,226.49795557129718,11.865493484499327,139.371009752205,69.56580603439087,0.0,0.0,True,True,True,True,True,False,False,False,,
0.6204770238548691,0.9215399433697408,77.870707505181,1098.3282708448282,16.70295520343388,122.47442633353252,77.870707505181,0.0,0.0,True,True,True,True,True,False,False,False,,
0.5232674646711676,0.9834359141331526,104.86155036609452,1134.6768643315352,28.996220763423803,111.58381483633723,104.86155036609452,0.0,0.0,True,True,True,True,True,False,False,False,,
0.7183649971280046,0.9342517443016046,79.47953541554584,1340.4285655965393,17.944015973359097,118.08414223500837,79.47953541554584,0.0,0.0,True,True,True,True,True,False,False,False,,
0.5942212059776002,1.0149102140481827,100.41160726524785,278.0745253558757,10.601425953594878,141.58379170931275,65.444352335701,0.0,0.0,True,True,True,True,True,False,False,False,,
0.4,0.5,50.0,100.0,2.577048883136794,335.1854868293676,32.199378875996935,0.0,0.0,True,True,True,False,False,False,False,False,,
0.4,0.5,50.0,1800.0,8.641203380666726,175.28639296238268,50.0,0.0,0.0,True,True,True,False,False,False,False,False,,
0.4,0.5,110.0,100.0,2.577048883136794,335.1854868293676,32.199378875996935,0.0,0.0,True,True,True,False,False,False,False,False,,
0.4,0.5,110.0,1800.0,29.85527522386137,134.2281879194571,107.27999999999835,0.0,0.0,True,True,True,True,True,False,False,False,,
0.4,1.1,50.0,100.0,2.577048883136794,333.2327191456857,32.199378875996935,0.0,0.0,True,True,True,False,False,False,False,False,,
0.4,1.1,50.0,1800.0,8.641203380666726,167.76810298257737,50.0,0.0,0.0,True,True,True,False,False,False,False,False,,
0.4,1.1,110.0,100.0,2.577048883136794,333.2327191456857,32.199378875996935,0.0,0.0,True,True,True,False,False,False,False,False,,
0.4,1.1,110.0,1800.0,32.88757688756487,117.60909090907239,110.0,0.0,0.0,True,True,True,True,True,False,False,False,,
1.2,0.5,50.0,100.0,6.083973514351368,181.10901009027944,50.0,0.0,0.0,True,True,True,False,False,False,False,False,,
1.2,0.5,50.0,1800.0,8.686377873443368,163.71231888830928,50.0,0.0,0.0,True,True,True,False,False,False,False,False,,
1.2,0.5,110.0,100.0,7.538831557066666,163.51626440663344,55.77096018538668,0.0,0.0,True,True,True,False,False,False,False,False,,
1.2,0.5,110.0,1800.0,32.068545706807676,108.80909090912081,110.0,0.0,0.0,True,True,True,True,True,False,False,False,,
1.2,1.1,50.0,100.0,6.083973514351368,175.38983982167645,50.0,0.0,0.0,True,True,True,False,False,False,False,False,,
1.2,1.1,50.0,1800.0,8.686377873443368,156.19402890850398,50.0,0.0,0.0,True,True,True,False,False,False,False,False,,
1.2,1.1,110.0,100.0,7.538831557066666,156.75133316432868,55.77096018538668,0.0,0.0,True,True,True,False,False,False,False,False,,
1.2,1.1,110.0,1800.0,33.86173150377323,92.1090909090864,110.0,0.0,0.0,True,True,True,True,True,False,False,False,,
0.8,0.9,80.0,1300.0,18.087544332713403,116.60234875820544,80.0,0.0,0.0,True,True,True,True,True,False,False,False,,
